dateTime,Water_Level_NoIce_ft
11/2/2022 11:00,-3.57
11/2/2022 12:00,-3.577
11/2/2022 13:00,-3.532
11/2/2022 14:00,-3.576
11/2/2022 15:00,-3.606
11/2/2022 16:00,-3.62
11/2/2022 17:00,-3.614
11/2/2022 18:00,-3.615
11/2/2022 19:00,-3.618
11/2/2022 20:00,-3.61
11/2/2022 21:00,-3.624
11/2/2022 22:00,-3.627
11/2/2022 23:00,-3.628
11/3/2022 0:00,-3.611
11/3/2022 1:00,-3.607
11/3/2022 2:00,-3.598
11/3/2022 3:00,-3.59
11/3/2022 4:00,-3.58
11/3/2022 5:00,-3.576
11/3/2022 6:00,-3.571
11/3/2022 7:00,-3.569
11/3/2022 8:00,-3.58
11/3/2022 9:00,-3.584
11/3/2022 10:00,-3.586
11/3/2022 11:00,-3.582
11/3/2022 12:00,-3.595
11/3/2022 13:00,-3.601
11/3/2022 14:00,-3.602
11/3/2022 15:00,-3.617
11/3/2022 16:00,-3.609
11/3/2022 17:00,-3.618
11/3/2022 18:00,-3.611
11/3/2022 19:00,-3.614
11/3/2022 20:00,-3.605
11/3/2022 21:00,-3.601
11/3/2022 22:00,-3.613
11/3/2022 23:00,-3.61
11/4/2022 0:00,-3.601
11/4/2022 1:00,-3.589
11/4/2022 2:00,-3.572
11/4/2022 3:00,-3.55
11/4/2022 4:00,-3.547
11/4/2022 5:00,-3.552
11/4/2022 6:00,-3.557
11/4/2022 7:00,-3.558
11/4/2022 8:00,-3.575
11/4/2022 9:00,-3.586
11/4/2022 10:00,-3.587
11/4/2022 11:00,-3.605
11/4/2022 12:00,-3.617
11/4/2022 13:00,-3.61
11/4/2022 14:00,-3.611
11/4/2022 15:00,-3.617
11/4/2022 16:00,-3.627
11/4/2022 17:00,-3.627
11/4/2022 18:00,-3.64
11/4/2022 19:00,-3.644
11/4/2022 20:00,-3.637
11/4/2022 21:00,-3.64
11/4/2022 22:00,-3.644
11/4/2022 23:00,-3.653
11/5/2022 0:00,-3.655
11/5/2022 1:00,-3.651
11/5/2022 2:00,-3.647
11/5/2022 3:00,-3.646
11/5/2022 4:00,-3.642
11/5/2022 5:00,-3.65
11/5/2022 6:00,-3.66
11/5/2022 7:00,-3.655
11/5/2022 8:00,-3.652
11/5/2022 9:00,-3.646
11/5/2022 10:00,-3.651
11/5/2022 11:00,-3.657
11/5/2022 12:00,-3.661
11/5/2022 13:00,-3.655
11/5/2022 14:00,-3.65
11/5/2022 15:00,-3.651
11/5/2022 16:00,-3.637
11/5/2022 17:00,-3.646
11/5/2022 18:00,-3.649
11/5/2022 19:00,-3.639
11/5/2022 20:00,-3.639
11/5/2022 21:00,-3.636
11/5/2022 22:00,-3.641
11/5/2022 23:00,-3.641
11/6/2022 0:00,-3.642
11/6/2022 1:00,-3.643
11/6/2022 2:00,-3.643
11/6/2022 3:00,-3.636
11/6/2022 4:00,-3.645
11/6/2022 5:00,-3.643
11/6/2022 6:00,-3.639
11/6/2022 7:00,-3.638
11/6/2022 8:00,-3.634
11/6/2022 9:00,-3.629
11/6/2022 10:00,-3.628
11/6/2022 11:00,-3.634
11/6/2022 12:00,-3.627
11/6/2022 13:00,-3.625
11/6/2022 14:00,-3.635
11/6/2022 15:00,-3.634
11/6/2022 16:00,-3.643
11/6/2022 17:00,-3.641
11/6/2022 18:00,-3.639
11/6/2022 19:00,-3.637
11/6/2022 20:00,-3.636
11/6/2022 21:00,-3.648
11/6/2022 22:00,-3.646
11/6/2022 23:00,-3.649
11/7/2022 0:00,-3.645
11/7/2022 1:00,-3.643
11/7/2022 2:00,-3.645
11/7/2022 3:00,-3.639
11/7/2022 4:00,-3.645
11/7/2022 5:00,-3.646
11/7/2022 6:00,-3.652
11/7/2022 7:00,-3.661
11/7/2022 8:00,-3.681
11/7/2022 9:00,-3.69
11/7/2022 10:00,-3.695
11/7/2022 11:00,-3.69
11/7/2022 12:00,-3.663
11/7/2022 13:00,-3.658
11/7/2022 14:00,-3.655
11/7/2022 15:00,-3.639
11/7/2022 16:00,-3.646
11/7/2022 17:00,-3.649
11/7/2022 18:00,-3.651
11/7/2022 19:00,-3.665
11/7/2022 20:00,-3.64
11/7/2022 21:00,-3.627
11/7/2022 22:00,-3.637
11/7/2022 23:00,-3.658
11/8/2022 0:00,-3.661
11/8/2022 1:00,-3.613
11/8/2022 2:00,-3.596
11/8/2022 3:00,-3.591
11/8/2022 4:00,-3.583
11/8/2022 5:00,-3.585
11/8/2022 6:00,-3.582
11/8/2022 7:00,-3.586
11/8/2022 8:00,-3.583
11/8/2022 9:00,-3.598
11/8/2022 10:00,-3.617
11/8/2022 11:00,-3.635
11/8/2022 12:00,-3.643
11/8/2022 13:00,-3.616
11/8/2022 14:00,-3.642
11/8/2022 15:00,-3.633
11/8/2022 16:00,-3.649
11/8/2022 17:00,-3.659
11/8/2022 18:00,-3.662
11/8/2022 19:00,-3.66
11/8/2022 20:00,-3.666
11/8/2022 21:00,-3.661
11/8/2022 22:00,-3.65
11/8/2022 23:00,-3.657
11/9/2022 0:00,-3.632
11/9/2022 1:00,-3.601
11/9/2022 2:00,-3.581
11/9/2022 3:00,-3.587
11/9/2022 4:00,-3.586
11/9/2022 5:00,-3.59
11/9/2022 6:00,-3.587
11/9/2022 7:00,-3.613
11/9/2022 8:00,-3.621
11/9/2022 9:00,-3.648
11/9/2022 10:00,-3.659
11/9/2022 11:00,-3.657
11/9/2022 12:00,-3.642
11/9/2022 13:00,-3.636
11/9/2022 14:00,-3.631
11/9/2022 15:00,-3.635
11/9/2022 16:00,-3.638
11/9/2022 17:00,-3.653
11/9/2022 18:00,-3.665
11/9/2022 19:00,-3.678
11/9/2022 20:00,-3.667
11/9/2022 21:00,-3.644
11/9/2022 22:00,-3.637
11/9/2022 23:00,-3.656
11/10/2022 0:00,-3.624
11/10/2022 1:00,-3.596
11/10/2022 2:00,-3.584
11/10/2022 3:00,-3.588
11/10/2022 4:00,-3.582
11/10/2022 5:00,-3.579
11/10/2022 6:00,-3.574
11/10/2022 7:00,-3.579
11/10/2022 8:00,-3.599
11/10/2022 9:00,-3.634
11/10/2022 10:00,-3.628
11/10/2022 11:00,-3.644
11/10/2022 12:00,-3.649
11/10/2022 13:00,-3.633
11/10/2022 14:00,-3.62
11/10/2022 15:00,-3.626
11/10/2022 16:00,-3.626
11/10/2022 17:00,-3.631
11/10/2022 18:00,-3.644
11/10/2022 19:00,-3.656
11/10/2022 20:00,-3.665
11/10/2022 21:00,-3.669
11/10/2022 22:00,-3.668
11/10/2022 23:00,-3.665
11/11/2022 0:00,-3.667
11/11/2022 1:00,-3.648
11/11/2022 2:00,-3.647
11/11/2022 3:00,-3.65
11/11/2022 4:00,-3.657
11/11/2022 5:00,-3.67
11/11/2022 6:00,-3.67
11/11/2022 7:00,-3.664
11/11/2022 8:00,-3.649
11/11/2022 9:00,-3.65
11/11/2022 10:00,-3.654
11/11/2022 11:00,-3.652
11/11/2022 12:00,-3.623
11/11/2022 13:00,-3.677
11/11/2022 14:00,-3.68
11/11/2022 15:00,-3.676
11/11/2022 16:00,-3.677
11/11/2022 17:00,-3.682
11/11/2022 18:00,-3.678
11/11/2022 19:00,-3.666
11/11/2022 20:00,-3.65
11/11/2022 21:00,-3.624
11/11/2022 22:00,-3.632
11/11/2022 23:00,-3.669
11/12/2022 0:00,-3.709
11/12/2022 1:00,-3.738
11/12/2022 2:00,-3.745
11/12/2022 3:00,-3.752
11/12/2022 4:00,-3.744
11/12/2022 5:00,-3.741
11/12/2022 6:00,-3.749
11/12/2022 7:00,-3.751
11/12/2022 8:00,-3.748
11/12/2022 9:00,-3.738
11/12/2022 10:00,-3.732
11/12/2022 11:00,-3.721
11/12/2022 12:00,-3.655
11/12/2022 13:00,-3.561
11/12/2022 14:00,-3.642
11/12/2022 15:00,-3.676
11/12/2022 16:00,-3.685
11/12/2022 17:00,-3.68
11/12/2022 18:00,-3.687
11/12/2022 19:00,-3.691
11/12/2022 20:00,-3.701
11/12/2022 21:00,-3.718
11/12/2022 22:00,-3.728
11/12/2022 23:00,-3.73
11/13/2022 0:00,-3.72
11/13/2022 1:00,-3.723
11/13/2022 2:00,-3.738
11/13/2022 3:00,-3.741
11/13/2022 4:00,-3.733
11/13/2022 5:00,-3.749
11/13/2022 6:00,-3.752
11/13/2022 7:00,-3.743
11/13/2022 8:00,-3.734
11/13/2022 9:00,-3.715
11/13/2022 10:00,-3.725
11/13/2022 11:00,-3.696
11/13/2022 12:00,-3.637
11/13/2022 13:00,-3.494
11/13/2022 14:00,-3.52
11/13/2022 15:00,-3.565
11/13/2022 16:00,-3.584
11/13/2022 17:00,-3.582
11/13/2022 18:00,-3.6
11/13/2022 19:00,-3.628
11/13/2022 20:00,-3.639
11/13/2022 21:00,-3.647
11/13/2022 22:00,-3.671
11/13/2022 23:00,-3.654
11/14/2022 0:00,-3.632
11/14/2022 1:00,-3.631
11/14/2022 2:00,-3.639
11/14/2022 3:00,-3.643
11/14/2022 4:00,-3.643
11/14/2022 5:00,-3.642
11/14/2022 6:00,-3.645
11/14/2022 7:00,-3.645
11/14/2022 8:00,-3.641
11/14/2022 9:00,-3.647
11/14/2022 10:00,-3.649
11/14/2022 11:00,-3.598
11/14/2022 12:00,-3.649
11/14/2022 13:00,-3.652
11/14/2022 14:00,-3.652
11/14/2022 15:00,-3.66
11/14/2022 16:00,-3.659
11/14/2022 17:00,-3.665
11/14/2022 18:00,-3.649
11/14/2022 19:00,-3.648
11/14/2022 20:00,-3.657
11/14/2022 21:00,-3.645
11/14/2022 22:00,-3.651
11/14/2022 23:00,-3.663
11/15/2022 0:00,-3.676
11/15/2022 1:00,-3.674
11/15/2022 2:00,-3.657
11/15/2022 3:00,-3.661
11/15/2022 4:00,-3.649
11/15/2022 5:00,-3.654
11/15/2022 6:00,-3.655
11/15/2022 7:00,-3.648
11/15/2022 8:00,-3.64
11/15/2022 9:00,-3.633
11/15/2022 10:00,-3.629
11/15/2022 11:00,-3.614
11/15/2022 12:00,-3.598
11/15/2022 13:00,-3.63
11/15/2022 14:00,-3.646
11/15/2022 15:00,-3.642
11/15/2022 16:00,-3.646
11/15/2022 17:00,-3.663
11/15/2022 18:00,-3.664
11/15/2022 19:00,-3.682
11/15/2022 20:00,-3.683
11/15/2022 21:00,-3.683
11/15/2022 22:00,-3.704
11/15/2022 23:00,-3.691
11/16/2022 0:00,-3.681
11/16/2022 1:00,-3.684
11/16/2022 2:00,-3.638
11/16/2022 3:00,-3.339
11/16/2022 4:00,-3.156
11/16/2022 5:00,-3.006
11/16/2022 6:00,-2.762
11/16/2022 7:00,-2.698
11/16/2022 8:00,-2.458
11/16/2022 9:00,-2.449
11/16/2022 10:00,-2.315
11/16/2022 11:00,-1.964
11/16/2022 12:00,-1.866
11/16/2022 13:00,-1.775
11/16/2022 14:00,-1.78
11/16/2022 15:00,-1.777
11/16/2022 16:00,-1.799
11/16/2022 17:00,-1.855
11/16/2022 18:00,-1.949
11/16/2022 19:00,-2.011
11/16/2022 20:00,-2.099
11/16/2022 21:00,-2.172
11/16/2022 22:00,-2.233
11/16/2022 23:00,-2.274
11/17/2022 0:00,-2.288
11/17/2022 1:00,-2.281
11/17/2022 2:00,-2.286
11/17/2022 3:00,-2.283
11/17/2022 4:00,-2.248
11/17/2022 5:00,-2.229
11/17/2022 6:00,-2.188
11/17/2022 7:00,-2.152
11/17/2022 8:00,-2.135
11/17/2022 9:00,-2.12
11/17/2022 10:00,-2.118
11/17/2022 11:00,-2.082
11/17/2022 12:00,-2.004
11/17/2022 13:00,-1.891
11/17/2022 14:00,-1.826
11/17/2022 15:00,-1.84
11/17/2022 16:00,-1.873
11/17/2022 17:00,-1.913
11/17/2022 18:00,-1.963
11/17/2022 19:00,-1.987
11/17/2022 20:00,-2.04
11/17/2022 21:00,-2.052
11/17/2022 22:00,-2.063
11/17/2022 23:00,-2.081
11/18/2022 0:00,-2.101
11/18/2022 1:00,-2.097
11/18/2022 2:00,-2.083
11/18/2022 3:00,-2.054
11/18/2022 4:00,-2.031
11/18/2022 5:00,-2.021
11/18/2022 6:00,-2.015
11/18/2022 7:00,-2.019
11/18/2022 8:00,-2.035
11/18/2022 9:00,-2.054
11/18/2022 10:00,-2.092
11/18/2022 11:00,-2.078
11/18/2022 12:00,-2.018
11/18/2022 13:00,-1.891
11/18/2022 14:00,-1.795
11/18/2022 15:00,-1.837
11/18/2022 16:00,-1.87
11/18/2022 17:00,-1.928
11/18/2022 18:00,-1.972
11/18/2022 19:00,-2.018
11/18/2022 20:00,-2.053
11/18/2022 21:00,-2.107
11/18/2022 22:00,-2.165
11/18/2022 23:00,-2.209
11/19/2022 0:00,-2.261
11/19/2022 1:00,-2.253
11/19/2022 2:00,-2.24
11/19/2022 3:00,-2.216
11/19/2022 4:00,-2.135
11/19/2022 5:00,-2.147
11/19/2022 6:00,-2.188
11/19/2022 7:00,-2.099
11/19/2022 8:00,-1.965
11/19/2022 9:00,-1.767
11/19/2022 10:00,-1.805
11/19/2022 11:00,-1.763
11/19/2022 12:00,-1.85
11/19/2022 13:00,-1.571
11/19/2022 14:00,-1.474
11/19/2022 15:00,-1.554
11/19/2022 16:00,-1.555
11/19/2022 17:00,-1.61
11/19/2022 18:00,-1.704
11/19/2022 19:00,-1.846
11/19/2022 20:00,-1.965
11/19/2022 21:00,-2.081
11/19/2022 22:00,-2.149
11/19/2022 23:00,-2.178
11/20/2022 0:00,-2.189
11/20/2022 1:00,-2.156
11/20/2022 2:00,-2.11
11/20/2022 3:00,-2.007
11/20/2022 4:00,-1.804
11/20/2022 5:00,-1.784
11/20/2022 6:00,-1.621
11/20/2022 7:00,-1.489
11/20/2022 8:00,-1.396
11/20/2022 9:00,-1.324
11/20/2022 10:00,-1.286
11/20/2022 11:00,-1.294
11/20/2022 12:00,-1.486
11/20/2022 13:00,-1.796
11/20/2022 14:00,-1.894
11/20/2022 15:00,-1.918
11/20/2022 16:00,-1.868
11/20/2022 17:00,-1.924
11/20/2022 18:00,-2.002
11/20/2022 19:00,-2.159
11/20/2022 20:00,-2.293
11/20/2022 21:00,-2.399
11/20/2022 22:00,-2.462
11/20/2022 23:00,-2.49
11/21/2022 0:00,-2.485
11/21/2022 1:00,-2.496
11/21/2022 2:00,-2.479
11/21/2022 3:00,-2.438
11/21/2022 4:00,-2.384
11/21/2022 5:00,-2.352
11/21/2022 6:00,-2.253
11/21/2022 7:00,-2.175
11/21/2022 8:00,-2.151
11/21/2022 9:00,-2.053
11/21/2022 10:00,-1.935
11/21/2022 11:00,-1.917
11/21/2022 12:00,-1.966
11/21/2022 13:00,-1.965
11/21/2022 14:00,-1.758
11/21/2022 15:00,-1.711
11/21/2022 16:00,-1.711
11/21/2022 17:00,-1.748
11/21/2022 18:00,-1.872
11/21/2022 19:00,-2.068
11/21/2022 20:00,-2.205
11/21/2022 21:00,-2.311
11/21/2022 22:00,-2.37
11/21/2022 23:00,-2.409
11/22/2022 0:00,-2.441
11/22/2022 1:00,-2.464
11/22/2022 2:00,-2.451
11/22/2022 3:00,-2.425
11/22/2022 4:00,-2.388
11/22/2022 5:00,-2.371
11/22/2022 6:00,-2.326
11/22/2022 7:00,-2.281
11/22/2022 8:00,-2.229
11/22/2022 9:00,-2.224
11/22/2022 10:00,-2.262
11/22/2022 11:00,-2.495
11/22/2022 12:00,-2.454
11/22/2022 13:00,-2.165
11/22/2022 14:00,-1.966
11/22/2022 15:00,-1.8
11/22/2022 16:00,-1.782
11/22/2022 17:00,-1.822
11/22/2022 18:00,-1.92
11/22/2022 19:00,-2.086
11/22/2022 20:00,-2.229
11/22/2022 21:00,-2.302
11/22/2022 22:00,-2.354
11/22/2022 23:00,-2.41
11/23/2022 0:00,-2.436
11/23/2022 1:00,-2.459
11/23/2022 2:00,-2.456
11/23/2022 3:00,-2.476
11/23/2022 4:00,-2.518
11/23/2022 5:00,-2.489
11/23/2022 6:00,-2.524
11/23/2022 7:00,-2.503
11/23/2022 8:00,-2.496
11/23/2022 9:00,-2.472
11/23/2022 10:00,-2.627
11/23/2022 11:00,-2.592
11/23/2022 12:00,-2.441
11/23/2022 13:00,-2.181
11/23/2022 14:00,-1.905
11/23/2022 15:00,-1.899
11/23/2022 16:00,-1.819
11/23/2022 17:00,-1.774
11/23/2022 18:00,-1.857
11/23/2022 19:00,-2.023
11/23/2022 20:00,-2.199
11/23/2022 21:00,-2.317
11/23/2022 22:00,-2.378
11/23/2022 23:00,-2.355
11/24/2022 0:00,-2.315
11/24/2022 1:00,-2.336
11/24/2022 2:00,-2.424
11/24/2022 3:00,-2.442
11/24/2022 4:00,-2.457
11/24/2022 5:00,-2.462
11/24/2022 6:00,-2.479
11/24/2022 7:00,-2.518
11/24/2022 8:00,-2.574
11/24/2022 9:00,-2.574
11/24/2022 10:00,-2.506
11/24/2022 11:00,-2.4
11/24/2022 12:00,-2.219
11/24/2022 13:00,-2.074
11/24/2022 14:00,-1.871
11/24/2022 15:00,-1.808
11/24/2022 16:00,-1.853
11/24/2022 17:00,-1.965
11/24/2022 18:00,-2.041
11/24/2022 19:00,-2.129
11/24/2022 20:00,-2.217
11/24/2022 21:00,-2.29
11/24/2022 22:00,-2.337
11/24/2022 23:00,-2.367
11/25/2022 0:00,-2.391
11/25/2022 1:00,-2.427
11/25/2022 2:00,-2.472
11/25/2022 3:00,-2.463
11/25/2022 4:00,-2.491
11/25/2022 5:00,-2.515
11/25/2022 6:00,-2.576
11/25/2022 7:00,-2.589
11/25/2022 8:00,-2.596
11/25/2022 9:00,-2.593
11/25/2022 10:00,-2.57
11/25/2022 11:00,-2.489
11/25/2022 12:00,-2.294
11/25/2022 13:00,-2.121
11/25/2022 14:00,-1.931
11/25/2022 15:00,-1.795
11/25/2022 16:00,-1.73
11/25/2022 17:00,-1.857
11/25/2022 18:00,-2.003
11/25/2022 19:00,-2.092
11/25/2022 20:00,-2.181
11/25/2022 21:00,-2.278
11/25/2022 22:00,-2.337
11/25/2022 23:00,-2.367
11/26/2022 0:00,-2.382
11/26/2022 1:00,-2.409
11/26/2022 2:00,-2.428
11/26/2022 3:00,-2.439
11/26/2022 4:00,-2.491
11/26/2022 5:00,-2.531
11/26/2022 6:00,-2.558
11/26/2022 7:00,-2.586
11/26/2022 8:00,-2.623
11/26/2022 9:00,-2.633
11/26/2022 10:00,-2.568
11/26/2022 11:00,-2.484
11/26/2022 12:00,-2.275
11/26/2022 13:00,-2.099
11/26/2022 14:00,-1.886
11/26/2022 15:00,-1.769
11/26/2022 16:00,-1.821
11/26/2022 17:00,-1.972
11/26/2022 18:00,-2.065
11/26/2022 19:00,-2.125
11/26/2022 20:00,-2.16
11/26/2022 21:00,-2.174
11/26/2022 22:00,-2.204
11/26/2022 23:00,-2.211
11/27/2022 0:00,-2.229
11/27/2022 1:00,-2.233
11/27/2022 2:00,-2.237
11/27/2022 3:00,-2.22
11/27/2022 4:00,-2.22
11/27/2022 5:00,-2.211
11/27/2022 6:00,-2.202
11/27/2022 7:00,-2.193
11/27/2022 8:00,-2.196
11/27/2022 9:00,-2.212
11/27/2022 10:00,-2.182
11/27/2022 11:00,-2.124
11/27/2022 12:00,-2.097
11/27/2022 13:00,-2.113
11/27/2022 14:00,-2.127
11/27/2022 15:00,-2.162
11/27/2022 16:00,-2.208
11/27/2022 17:00,-2.254
11/27/2022 18:00,-2.237
11/27/2022 19:00,-2.232
11/27/2022 20:00,-2.267
11/27/2022 21:00,-2.3
11/27/2022 22:00,-2.34
11/27/2022 23:00,-2.326
11/28/2022 0:00,-2.321
11/28/2022 1:00,-2.303
11/28/2022 2:00,-2.328
11/28/2022 3:00,-2.374
11/28/2022 4:00,-2.397
11/28/2022 5:00,-2.345
11/28/2022 6:00,-2.312
11/28/2022 7:00,-2.299
11/28/2022 8:00,-2.27
11/28/2022 9:00,-2.258
11/28/2022 10:00,-2.255
11/28/2022 11:00,-2.186
11/28/2022 12:00,-2.17
11/28/2022 13:00,-2.134
11/28/2022 14:00,-2.097
11/28/2022 15:00,-2.068
11/28/2022 16:00,-2.06
11/28/2022 17:00,-2.055
11/28/2022 18:00,-2.106
11/28/2022 19:00,-2.149
11/28/2022 20:00,-2.171
11/28/2022 21:00,-2.198
11/28/2022 22:00,-2.2
11/28/2022 23:00,-2.202
11/29/2022 0:00,-2.192
11/29/2022 1:00,-2.207
11/29/2022 2:00,-2.21
11/29/2022 3:00,-2.235
11/29/2022 4:00,-2.254
11/29/2022 5:00,-2.286
11/29/2022 6:00,-2.27
11/29/2022 7:00,-2.29
11/29/2022 8:00,-2.311
11/29/2022 9:00,-2.312
11/29/2022 10:00,-2.313
11/29/2022 11:00,-2.282
11/29/2022 12:00,-2.212
11/29/2022 13:00,-2.149
11/29/2022 14:00,-2.113
11/29/2022 15:00,-2.107
11/29/2022 16:00,-2.108
11/29/2022 17:00,-2.113
11/29/2022 18:00,-2.124
11/29/2022 19:00,-2.148
11/29/2022 20:00,-2.193
11/29/2022 21:00,-2.273
11/29/2022 22:00,-2.305
11/29/2022 23:00,-2.285
11/30/2022 0:00,-2.286
11/30/2022 1:00,-2.278
11/30/2022 2:00,-2.318
11/30/2022 3:00,-2.296
11/30/2022 4:00,-2.313
11/30/2022 5:00,-2.349
11/30/2022 6:00,-2.439
11/30/2022 7:00,-2.526
11/30/2022 8:00,-2.565
11/30/2022 9:00,-2.497
11/30/2022 10:00,-2.387
11/30/2022 11:00,-2.295
11/30/2022 12:00,-2.188
11/30/2022 13:00,-2.129
11/30/2022 14:00,-1.998
11/30/2022 15:00,-1.908
11/30/2022 16:00,-1.817
11/30/2022 17:00,-1.815
11/30/2022 18:00,-1.902
11/30/2022 19:00,-2.012
11/30/2022 20:00,-2.101
11/30/2022 21:00,-2.182
11/30/2022 22:00,-2.27
11/30/2022 23:00,-2.349
12/1/2022 0:00,-2.39
12/1/2022 1:00,-2.381
12/1/2022 2:00,-2.441
12/1/2022 3:00,-2.456
12/1/2022 4:00,-2.489
12/1/2022 5:00,-2.51
12/1/2022 6:00,-2.408
12/1/2022 7:00,-2.338
12/1/2022 8:00,-2.302
12/1/2022 9:00,-2.282
12/1/2022 10:00,-2.175
12/1/2022 11:00,-2.174
12/1/2022 12:00,-2.106
12/1/2022 13:00,-2.02
12/1/2022 14:00,-1.854
12/1/2022 15:00,-1.798
12/1/2022 16:00,-1.835
12/1/2022 17:00,-1.903
12/1/2022 18:00,-1.962
12/1/2022 19:00,-2.037
12/1/2022 20:00,-2.083
12/1/2022 21:00,-2.105
12/1/2022 22:00,-2.138
12/1/2022 23:00,-2.134
12/2/2022 0:00,-2.124
12/2/2022 1:00,-2.104
12/2/2022 2:00,-2.091
12/2/2022 3:00,-2.091
12/2/2022 4:00,-2.096
12/2/2022 5:00,-2.102
12/2/2022 6:00,-2.098
12/2/2022 7:00,-2.091
12/2/2022 8:00,-2.09
12/2/2022 9:00,-2.087
12/2/2022 10:00,-2.093
12/2/2022 11:00,-2.157
12/2/2022 12:00,-2.074
12/2/2022 13:00,-2.059
12/2/2022 14:00,-2.074
12/2/2022 15:00,-2.104
12/2/2022 16:00,-2.26
12/2/2022 17:00,-2.231
12/2/2022 18:00,-2.161
12/2/2022 19:00,-2.158
12/2/2022 20:00,-2.229
12/2/2022 21:00,-2.292
12/2/2022 22:00,-2.309
12/2/2022 23:00,-2.359
12/3/2022 0:00,-2.432
12/3/2022 1:00,-2.497
12/3/2022 2:00,-2.56
12/3/2022 3:00,-2.603
12/3/2022 4:00,-2.583
12/3/2022 5:00,-2.542
12/3/2022 6:00,-2.533
12/3/2022 7:00,-2.549
12/3/2022 8:00,-2.584
12/3/2022 9:00,-2.603
12/3/2022 10:00,-2.574
12/3/2022 11:00,-2.467
12/3/2022 12:00,-2.357
12/3/2022 13:00,-2.19
12/3/2022 14:00,-2.178
12/3/2022 15:00,-2.15
12/3/2022 16:00,-2.117
12/3/2022 17:00,-2.066
12/3/2022 18:00,-2.011
12/3/2022 19:00,-2.007
12/3/2022 20:00,-2.036
12/3/2022 21:00,-2.073
12/3/2022 22:00,-2.081
12/3/2022 23:00,-2.119
12/4/2022 0:00,-2.136
12/4/2022 1:00,-2.137
12/4/2022 2:00,-2.124
12/4/2022 3:00,-2.12
12/4/2022 4:00,-2.112
12/4/2022 5:00,-2.092
12/4/2022 6:00,-2.075
12/4/2022 7:00,-2.07
12/4/2022 8:00,-2.069
12/4/2022 9:00,-2.073
12/4/2022 10:00,-2.071
12/4/2022 11:00,-2.065
12/4/2022 12:00,-2.006
12/4/2022 13:00,-1.976
12/4/2022 14:00,-1.963
12/4/2022 15:00,-1.938
12/4/2022 16:00,-1.948
12/4/2022 17:00,-1.969
12/4/2022 18:00,-2.01
12/4/2022 19:00,-2.042
12/4/2022 20:00,-2.061
12/4/2022 21:00,-2.079
12/4/2022 22:00,-2.082
12/4/2022 23:00,-2.081
12/5/2022 0:00,-2.08
12/5/2022 1:00,-2.078
12/5/2022 2:00,-2.075
12/5/2022 3:00,-2.071
12/5/2022 4:00,-2.081
12/5/2022 5:00,-2.074
12/5/2022 6:00,-2.072
12/5/2022 7:00,-2.073
12/5/2022 8:00,-2.061
12/5/2022 9:00,-2.074
12/5/2022 10:00,-2.071
12/5/2022 11:00,-2.069
12/5/2022 12:00,-2.055
12/5/2022 13:00,-2.076
12/5/2022 14:00,-2.078
12/5/2022 15:00,-2.085
12/5/2022 16:00,-2.105
12/5/2022 17:00,-2.11
12/5/2022 18:00,-2.154
12/5/2022 19:00,-2.142
12/5/2022 20:00,-2.13
12/5/2022 21:00,-2.141
12/5/2022 22:00,-2.145
12/5/2022 23:00,-2.141
12/6/2022 0:00,-2.133
12/6/2022 1:00,-2.124
12/6/2022 2:00,-2.121
12/6/2022 3:00,-2.1
12/6/2022 4:00,-2.116
12/6/2022 5:00,-2.088
12/6/2022 6:00,-2.091
12/6/2022 7:00,-2.075
12/6/2022 8:00,-2.075
12/6/2022 9:00,-2.067
12/6/2022 10:00,-2.078
12/6/2022 11:00,-2.076
12/6/2022 12:00,-2.043
12/6/2022 13:00,-2.02
12/6/2022 14:00,-2.061
12/6/2022 15:00,-2.087
12/6/2022 16:00,-2.089
12/6/2022 17:00,-2.061
12/6/2022 18:00,-2.103
12/6/2022 19:00,-2.1
12/6/2022 20:00,-2.107
12/6/2022 21:00,-2.122
12/6/2022 22:00,-2.141
12/6/2022 23:00,-2.158
12/7/2022 0:00,-2.177
12/7/2022 1:00,-2.217
12/7/2022 2:00,-2.302
12/7/2022 3:00,-2.383
12/7/2022 4:00,-2.415
12/7/2022 5:00,-2.451
12/7/2022 6:00,-2.481
12/7/2022 7:00,-2.398
12/7/2022 8:00,-2.339
12/7/2022 9:00,-2.206
12/7/2022 10:00,-2.194
12/7/2022 11:00,-2.211
12/7/2022 12:00,-2.165
12/7/2022 13:00,-2.101
12/7/2022 14:00,-1.966
12/7/2022 15:00,-1.873
12/7/2022 16:00,-1.857
12/7/2022 17:00,-1.942
12/7/2022 18:00,-2.014
12/7/2022 19:00,-2.03
12/7/2022 20:00,-2.077
12/7/2022 21:00,-2.103
12/7/2022 22:00,-2.146
12/7/2022 23:00,-2.221
12/8/2022 0:00,-2.235
12/8/2022 1:00,-2.241
12/8/2022 2:00,-2.23
12/8/2022 3:00,-2.218
12/8/2022 4:00,-2.209
12/8/2022 5:00,-2.255
12/8/2022 6:00,-2.222
12/8/2022 7:00,-2.149
12/8/2022 8:00,-2.15
12/8/2022 9:00,-2.238
12/8/2022 10:00,-2.229
12/8/2022 11:00,-2.1
12/8/2022 12:00,-2.106
12/8/2022 13:00,-2.029
12/8/2022 14:00,-1.982
12/8/2022 15:00,-1.94
12/8/2022 16:00,-1.882
12/8/2022 17:00,-1.894
12/8/2022 18:00,-1.943
12/8/2022 19:00,-2.008
12/8/2022 20:00,-2.048
12/8/2022 21:00,-2.094
12/8/2022 22:00,-2.163
12/8/2022 23:00,-2.226
12/9/2022 0:00,-2.279
12/9/2022 1:00,-2.33
12/9/2022 2:00,-2.357
12/9/2022 3:00,-2.349
12/9/2022 4:00,-2.277
12/9/2022 5:00,-2.249
12/9/2022 6:00,-2.351
12/9/2022 7:00,-2.387
12/9/2022 8:00,-2.361
12/9/2022 9:00,-2.29
12/9/2022 10:00,-2.257
12/9/2022 11:00,-2.286
12/9/2022 12:00,-2.209
12/9/2022 13:00,-2.085
12/9/2022 14:00,-2.023
12/9/2022 15:00,-1.966
12/9/2022 16:00,-1.907
12/9/2022 17:00,-1.842
12/9/2022 18:00,-1.881
12/9/2022 19:00,-1.949
12/9/2022 20:00,-2.032
12/9/2022 21:00,-2.096
12/9/2022 22:00,-2.181
12/9/2022 23:00,-2.23
12/10/2022 0:00,-2.279
12/10/2022 1:00,-2.346
12/10/2022 2:00,-2.392
12/10/2022 3:00,-2.377
12/10/2022 4:00,-2.322
12/10/2022 5:00,-2.4
12/10/2022 6:00,-2.445
12/10/2022 7:00,-2.471
12/10/2022 8:00,-2.519
12/10/2022 9:00,-2.584
12/10/2022 10:00,-2.603
12/10/2022 11:00,-2.568
12/10/2022 12:00,-2.409
12/10/2022 13:00,-2.212
12/10/2022 14:00,-2.09
12/10/2022 15:00,-2.021
12/10/2022 16:00,-1.96
12/10/2022 17:00,-1.892
12/10/2022 18:00,-1.889
12/10/2022 19:00,-2.006
12/10/2022 20:00,-2.096
12/10/2022 21:00,-2.195
12/10/2022 22:00,-2.3
12/10/2022 23:00,-2.383
12/11/2022 0:00,-2.456
12/11/2022 1:00,-2.492
12/11/2022 2:00,-2.491
12/11/2022 3:00,-2.518
12/11/2022 4:00,-2.572
12/11/2022 5:00,-2.648
12/11/2022 6:00,-2.704
12/11/2022 7:00,-2.74
12/11/2022 8:00,-2.683
12/11/2022 9:00,-2.689
12/11/2022 10:00,-2.694
12/11/2022 11:00,-2.642
12/11/2022 12:00,-2.485
12/11/2022 13:00,-2.271
12/11/2022 14:00,-2.142
12/11/2022 15:00,-2.105
12/11/2022 16:00,-2.004
12/11/2022 17:00,-1.938
12/11/2022 18:00,-1.926
12/11/2022 19:00,-1.95
12/11/2022 20:00,-2.041
12/11/2022 21:00,-2.12
12/11/2022 22:00,-2.212
12/11/2022 23:00,-2.321
12/12/2022 0:00,-2.383
12/12/2022 1:00,-2.418
12/12/2022 2:00,-2.407
12/12/2022 3:00,-2.405
12/12/2022 4:00,-2.395
12/12/2022 5:00,-2.409
12/12/2022 6:00,-2.387
12/12/2022 7:00,-2.455
12/12/2022 8:00,-2.479
12/12/2022 9:00,-2.344
12/12/2022 10:00,-2.443
12/12/2022 11:00,-2.446
12/12/2022 12:00,-2.295
12/12/2022 13:00,-2.205
12/12/2022 14:00,-2.15
12/12/2022 15:00,-2.085
12/12/2022 16:00,-2.033
12/12/2022 17:00,-2.018
12/12/2022 18:00,-2.035
12/12/2022 19:00,-2.122
12/12/2022 20:00,-2.219
12/12/2022 21:00,-2.201
12/12/2022 22:00,-2.244
12/12/2022 23:00,-2.242
12/13/2022 0:00,-2.259
12/13/2022 1:00,-2.299
12/13/2022 2:00,-2.31
12/13/2022 3:00,-2.247
12/13/2022 4:00,-2.226
12/13/2022 5:00,-2.234
12/13/2022 6:00,-2.238
12/13/2022 7:00,-2.247
12/13/2022 8:00,-2.295
12/13/2022 9:00,-2.311
12/13/2022 10:00,-2.324
12/13/2022 11:00,-2.317
12/13/2022 12:00,-2.346
12/13/2022 13:00,-2.307
12/13/2022 14:00,-2.361
12/13/2022 15:00,-2.317
12/13/2022 16:00,-2.223
12/13/2022 17:00,-2.172
12/13/2022 18:00,-2.161
12/13/2022 19:00,-2.144
12/13/2022 20:00,-2.166
12/13/2022 21:00,-2.202
12/13/2022 22:00,-2.215
12/13/2022 23:00,-2.228
12/14/2022 0:00,-2.213
12/14/2022 1:00,-2.204
12/14/2022 2:00,-2.197
12/14/2022 3:00,-2.177
12/14/2022 4:00,-2.206
12/14/2022 5:00,-2.221
12/14/2022 6:00,-2.242
12/14/2022 7:00,-2.278
12/14/2022 8:00,-2.321
12/14/2022 9:00,-2.324
12/14/2022 10:00,-2.359
12/14/2022 11:00,-2.391
12/14/2022 12:00,-2.424
12/14/2022 13:00,-2.378
12/14/2022 14:00,-2.277
12/14/2022 15:00,-2.168
12/14/2022 16:00,-2.146
12/14/2022 17:00,-2.133
12/14/2022 18:00,-2.1
12/14/2022 19:00,-2.073
12/14/2022 20:00,-2.084
12/14/2022 21:00,-2.108
12/14/2022 22:00,-2.13
12/14/2022 23:00,-2.148
12/15/2022 0:00,-2.178
12/15/2022 1:00,-2.193
12/15/2022 2:00,-2.203
12/15/2022 3:00,-2.222
12/15/2022 4:00,-2.244
12/15/2022 5:00,-2.283
12/15/2022 6:00,-2.323
12/15/2022 7:00,-2.367
12/15/2022 8:00,-2.394
12/15/2022 9:00,-2.402
12/15/2022 10:00,-2.385
12/15/2022 11:00,-2.355
12/15/2022 12:00,-2.305
12/15/2022 13:00,-2.286
12/15/2022 14:00,-2.253
12/15/2022 15:00,-2.158
12/15/2022 16:00,-2.149
12/15/2022 17:00,-2.145
12/15/2022 18:00,-2.132
12/15/2022 19:00,-2.114
12/15/2022 20:00,-2.117
12/15/2022 21:00,-2.135
12/15/2022 22:00,-2.17
12/15/2022 23:00,-2.195
12/16/2022 0:00,-2.223
12/16/2022 1:00,-2.255
12/16/2022 2:00,-2.269
12/16/2022 3:00,-2.314
12/16/2022 4:00,-2.323
12/16/2022 5:00,-2.339
12/16/2022 6:00,-2.37
12/16/2022 7:00,-2.395
12/16/2022 8:00,-2.423
12/16/2022 9:00,-2.49
12/16/2022 10:00,-2.519
12/16/2022 11:00,-2.53
12/16/2022 12:00,-2.477
12/16/2022 13:00,-2.404
12/16/2022 14:00,-2.367
12/16/2022 15:00,-2.262
12/16/2022 16:00,-2.195
12/16/2022 17:00,-2.184
12/16/2022 18:00,-2.178
12/16/2022 19:00,-2.187
12/16/2022 20:00,-2.199
12/16/2022 21:00,-2.219
12/16/2022 22:00,-2.254
12/16/2022 23:00,-2.274
12/17/2022 0:00,-2.34
12/17/2022 1:00,-2.442
12/17/2022 2:00,-2.523
12/17/2022 3:00,-2.585
12/17/2022 4:00,-2.614
12/17/2022 5:00,-2.626
12/17/2022 6:00,-2.635
12/17/2022 7:00,-2.665
12/17/2022 8:00,-2.673
12/17/2022 9:00,-2.657
12/17/2022 10:00,-2.648
12/17/2022 11:00,-2.613
12/17/2022 12:00,-2.503
12/17/2022 13:00,-2.348
12/17/2022 14:00,-2.225
12/17/2022 15:00,-2.211
12/17/2022 16:00,-2.189
12/17/2022 17:00,-2.172
12/17/2022 18:00,-2.171
12/17/2022 19:00,-2.183
12/17/2022 20:00,-2.204
12/17/2022 21:00,-2.238
12/17/2022 22:00,-2.262
12/17/2022 23:00,-2.29
12/18/2022 0:00,-2.31
12/18/2022 1:00,-2.322
12/18/2022 2:00,-2.359
12/18/2022 3:00,-2.425
12/18/2022 4:00,-2.474
12/18/2022 5:00,-2.482
12/18/2022 6:00,-2.466
12/18/2022 7:00,-2.457
12/18/2022 8:00,-2.454
12/18/2022 9:00,-2.45
12/18/2022 10:00,-2.463
12/18/2022 11:00,-2.438
12/18/2022 12:00,-2.401
12/18/2022 13:00,-2.35
12/18/2022 14:00,-2.279
12/18/2022 15:00,-2.276
12/18/2022 16:00,-2.243
12/18/2022 17:00,-2.214
12/18/2022 18:00,-2.22
12/18/2022 19:00,-2.232
12/18/2022 20:00,-2.254
12/18/2022 21:00,-2.273
12/18/2022 22:00,-2.288
12/18/2022 23:00,-2.313
12/19/2022 0:00,-2.325
12/19/2022 1:00,-2.337
12/19/2022 2:00,-2.354
12/19/2022 3:00,-2.37
12/19/2022 4:00,-2.4
12/19/2022 5:00,-2.42
12/19/2022 6:00,-2.449
12/19/2022 7:00,-2.466
12/19/2022 8:00,-2.483
12/19/2022 9:00,-2.5
12/19/2022 10:00,-2.537
12/19/2022 11:00,-2.511
12/19/2022 12:00,-2.514
12/19/2022 13:00,-2.473
12/19/2022 14:00,-2.406
12/19/2022 15:00,-2.323
12/19/2022 16:00,-2.281
12/19/2022 17:00,-2.268
12/19/2022 18:00,-2.264
12/19/2022 19:00,-2.271
12/19/2022 20:00,-2.283
12/19/2022 21:00,-2.303
12/19/2022 22:00,-2.31
12/19/2022 23:00,-2.335
12/20/2022 0:00,-2.341
12/20/2022 1:00,-2.33
12/20/2022 2:00,-2.317
12/20/2022 3:00,-2.329
12/20/2022 4:00,-2.336
12/20/2022 5:00,-2.34
12/20/2022 6:00,-2.355
12/20/2022 7:00,-2.364
12/20/2022 8:00,-2.368
12/20/2022 9:00,-2.376
12/20/2022 10:00,-2.372
12/20/2022 11:00,-2.362
12/20/2022 12:00,-2.352
12/20/2022 13:00,-2.314
12/20/2022 14:00,-2.298
12/20/2022 15:00,-2.279
12/20/2022 16:00,-2.277
12/20/2022 17:00,-2.28
12/20/2022 18:00,-2.274
12/20/2022 19:00,-2.276
12/20/2022 20:00,-2.276
12/20/2022 21:00,-2.276
12/20/2022 22:00,-2.28
12/20/2022 23:00,-2.271
12/21/2022 0:00,-2.271
12/21/2022 1:00,-2.279
12/21/2022 2:00,-2.288
12/21/2022 3:00,-2.295
12/21/2022 4:00,-2.302
12/21/2022 5:00,-2.306
12/21/2022 6:00,-2.306
12/21/2022 7:00,-2.312
12/21/2022 8:00,-2.315
12/21/2022 9:00,-2.307
12/21/2022 10:00,-2.311
12/21/2022 11:00,-2.308
12/21/2022 12:00,-2.299
12/21/2022 13:00,-2.292
12/21/2022 14:00,-2.285
12/21/2022 15:00,-2.278
12/21/2022 16:00,-2.277
12/21/2022 17:00,-2.269
12/21/2022 18:00,-2.279
12/21/2022 19:00,-2.287
12/21/2022 20:00,-2.295
12/21/2022 21:00,-2.286
12/21/2022 22:00,-2.274
12/21/2022 23:00,-2.28
12/22/2022 0:00,-2.279
12/22/2022 1:00,-2.298
12/22/2022 2:00,-2.307
12/22/2022 3:00,-2.301
12/22/2022 4:00,-2.299
12/22/2022 5:00,-2.311
12/22/2022 6:00,-2.314
12/22/2022 7:00,-2.333
12/22/2022 8:00,-2.333
12/22/2022 9:00,-2.316
12/22/2022 10:00,-2.313
12/22/2022 11:00,-2.324
12/22/2022 12:00,-2.334
12/22/2022 13:00,-2.326
12/22/2022 14:00,-2.302
12/22/2022 15:00,-2.292
12/22/2022 16:00,-2.28
12/22/2022 17:00,-2.282
12/22/2022 18:00,-2.287
12/22/2022 19:00,-2.298
12/22/2022 20:00,-2.301
12/22/2022 21:00,-2.311
12/22/2022 22:00,-2.322
12/22/2022 23:00,-2.309
12/23/2022 0:00,-2.322
12/23/2022 1:00,-2.326
12/23/2022 2:00,-2.322
12/23/2022 3:00,-2.322
12/23/2022 4:00,-2.332
12/23/2022 5:00,-2.324
12/23/2022 6:00,-2.334
12/23/2022 7:00,-2.334
12/23/2022 8:00,-2.346
12/23/2022 9:00,-2.361
12/23/2022 10:00,-2.362
12/23/2022 11:00,-2.352
12/23/2022 12:00,-2.35
12/23/2022 13:00,-2.317
12/23/2022 14:00,-2.29
12/23/2022 15:00,-2.273
12/23/2022 16:00,-2.264
12/23/2022 17:00,-2.253
12/23/2022 18:00,-2.254
12/23/2022 19:00,-2.252
12/23/2022 20:00,-2.255
12/23/2022 21:00,-2.272
12/23/2022 22:00,-2.26
12/23/2022 23:00,-2.269
12/24/2022 0:00,-2.266
12/24/2022 1:00,-2.276
12/24/2022 2:00,-2.272
12/24/2022 3:00,-2.274
12/24/2022 4:00,-2.28
12/24/2022 5:00,-2.285
12/24/2022 6:00,-2.282
12/24/2022 7:00,-2.297
12/24/2022 8:00,-2.289
12/24/2022 9:00,-2.292
12/24/2022 10:00,-2.299
12/24/2022 11:00,-2.299
12/24/2022 12:00,-2.287
12/24/2022 13:00,-2.296
12/24/2022 14:00,-2.295
12/24/2022 15:00,-2.293
12/24/2022 16:00,-2.285
12/24/2022 17:00,-2.28
12/24/2022 18:00,-2.279
12/24/2022 19:00,-2.276
12/24/2022 20:00,-2.275
12/24/2022 21:00,-2.279
12/24/2022 22:00,-2.28
12/24/2022 23:00,-2.284
12/25/2022 0:00,-2.287
12/25/2022 1:00,-2.285
12/25/2022 2:00,-2.288
12/25/2022 3:00,-2.292
12/25/2022 4:00,-2.296
12/25/2022 5:00,-2.296
12/25/2022 6:00,-2.297
12/25/2022 7:00,-2.293
12/25/2022 8:00,-2.287
12/25/2022 9:00,-2.29
12/25/2022 10:00,-2.295
12/25/2022 11:00,-2.293
12/25/2022 12:00,-2.286
12/25/2022 13:00,-2.288
12/25/2022 14:00,-2.293
12/25/2022 15:00,-2.279
12/25/2022 16:00,-2.284
12/25/2022 17:00,-2.276
12/25/2022 18:00,-2.284
12/25/2022 19:00,-2.287
12/25/2022 20:00,-2.29
12/25/2022 21:00,-2.282
12/25/2022 22:00,-2.294
12/25/2022 23:00,-2.289
12/26/2022 0:00,-2.29
12/26/2022 1:00,-2.29
12/26/2022 2:00,-2.29
12/26/2022 3:00,-2.296
12/26/2022 4:00,-2.297
12/26/2022 5:00,-2.305
12/26/2022 6:00,-2.306
12/26/2022 7:00,-2.298
12/26/2022 8:00,-2.302
12/26/2022 9:00,-2.309
12/26/2022 10:00,-2.303
12/26/2022 11:00,-2.31
12/26/2022 12:00,-2.313
12/26/2022 13:00,-2.315
12/26/2022 14:00,-2.308
12/26/2022 15:00,-2.29
12/26/2022 16:00,-2.297
12/26/2022 17:00,-2.289
12/26/2022 18:00,-2.285
12/26/2022 19:00,-2.295
12/26/2022 20:00,-2.296
12/26/2022 21:00,-2.299
12/26/2022 22:00,-2.303
12/26/2022 23:00,-2.306
12/27/2022 0:00,-2.305
12/27/2022 1:00,-2.309
12/27/2022 2:00,-2.315
12/27/2022 3:00,-2.318
12/27/2022 4:00,-2.312
12/27/2022 5:00,-2.327
12/27/2022 6:00,-2.33
12/27/2022 7:00,-2.333
12/27/2022 8:00,-2.349
12/27/2022 9:00,-2.366
12/27/2022 10:00,-2.358
12/27/2022 11:00,-2.355
12/27/2022 12:00,-2.362
12/27/2022 13:00,-2.339
12/27/2022 14:00,-2.323
12/27/2022 15:00,-2.311
12/27/2022 16:00,-2.306
12/27/2022 17:00,-2.288
12/27/2022 18:00,-2.289
12/27/2022 19:00,-2.287
12/27/2022 20:00,-2.302
12/27/2022 21:00,-2.308
12/27/2022 22:00,-2.316
12/27/2022 23:00,-2.311
12/28/2022 0:00,-2.311
12/28/2022 1:00,-2.319
12/28/2022 2:00,-2.31
12/28/2022 3:00,-2.296
12/28/2022 4:00,-2.302
12/28/2022 5:00,-2.301
12/28/2022 6:00,-2.306
12/28/2022 7:00,-2.306
12/28/2022 8:00,-2.316
12/28/2022 9:00,-2.32
12/28/2022 10:00,-2.327
12/28/2022 11:00,-2.329
12/28/2022 12:00,-2.321
12/28/2022 13:00,-2.316
12/28/2022 14:00,-2.317
12/28/2022 15:00,-2.323
12/28/2022 16:00,-2.308
12/28/2022 17:00,-2.303
12/28/2022 18:00,-2.31
12/28/2022 19:00,-2.313
12/28/2022 20:00,-2.316
12/28/2022 21:00,-2.315
12/28/2022 22:00,-2.314
12/28/2022 23:00,-2.321
12/29/2022 0:00,-2.316
12/29/2022 1:00,-2.316
12/29/2022 2:00,-2.319
12/29/2022 3:00,-2.327
12/29/2022 4:00,-2.323
12/29/2022 5:00,-2.32
12/29/2022 6:00,-2.323
12/29/2022 7:00,-2.332
12/29/2022 8:00,-2.352
12/29/2022 9:00,-2.36
12/29/2022 10:00,-2.364
12/29/2022 11:00,-2.356
12/29/2022 12:00,-2.358
12/29/2022 13:00,-2.357
12/29/2022 14:00,-2.357
12/29/2022 15:00,-2.347
12/29/2022 16:00,-2.343
12/29/2022 17:00,-2.332
12/29/2022 18:00,-2.325
12/29/2022 19:00,-2.315
12/29/2022 20:00,-2.329
12/29/2022 21:00,-2.339
12/29/2022 22:00,-2.343
12/29/2022 23:00,-2.357
12/30/2022 0:00,-2.372
12/30/2022 1:00,-2.369
12/30/2022 2:00,-2.364
12/30/2022 3:00,-2.371
12/30/2022 4:00,-2.371
12/30/2022 5:00,-2.387
12/30/2022 6:00,-2.436
12/30/2022 7:00,-2.456
12/30/2022 8:00,-2.444
12/30/2022 9:00,-2.472
12/30/2022 10:00,-2.45
12/30/2022 11:00,-2.508
12/30/2022 12:00,-2.554
12/30/2022 13:00,-2.492
12/30/2022 14:00,-2.458
12/30/2022 15:00,-2.402
12/30/2022 16:00,-2.356
12/30/2022 17:00,-2.333
12/30/2022 18:00,-2.3
12/30/2022 19:00,-2.288
12/30/2022 20:00,-2.275
12/30/2022 21:00,-2.279
12/30/2022 22:00,-2.291
12/30/2022 23:00,-2.313
12/31/2022 0:00,-2.332
12/31/2022 1:00,-2.336
12/31/2022 2:00,-2.343
12/31/2022 3:00,-2.346
12/31/2022 4:00,-2.35
12/31/2022 5:00,-2.346
12/31/2022 6:00,-2.358
12/31/2022 7:00,-2.351
12/31/2022 8:00,-2.344
12/31/2022 9:00,-2.354
12/31/2022 10:00,-2.336
12/31/2022 11:00,-2.344
12/31/2022 12:00,-2.342
12/31/2022 13:00,-2.344
12/31/2022 14:00,-2.336
12/31/2022 15:00,-2.333
12/31/2022 16:00,-2.331
12/31/2022 17:00,-2.323
12/31/2022 18:00,-2.315
12/31/2022 19:00,-2.309
12/31/2022 20:00,-2.329
12/31/2022 21:00,-2.328
12/31/2022 22:00,-2.331
12/31/2022 23:00,-2.338
1/1/2023 0:00,-2.382
1/1/2023 1:00,-2.311
1/1/2023 2:00,-2.314
1/1/2023 3:00,-2.315
1/1/2023 4:00,-2.311
1/1/2023 5:00,-2.315
1/1/2023 6:00,-2.307
1/1/2023 7:00,-2.316
1/1/2023 8:00,-2.317
1/1/2023 9:00,-2.314
1/1/2023 10:00,-2.316
1/1/2023 11:00,-2.345
1/1/2023 12:00,-2.329
1/1/2023 13:00,-2.293
1/1/2023 14:00,-2.285
1/1/2023 15:00,-2.281
1/1/2023 16:00,-2.294
1/1/2023 17:00,-2.287
1/1/2023 18:00,-2.29
1/1/2023 19:00,-2.302
1/1/2023 20:00,-2.286
1/1/2023 21:00,-2.289
1/1/2023 22:00,-2.292
1/1/2023 23:00,-2.288
1/2/2023 0:00,-2.289
1/2/2023 1:00,-2.284
1/2/2023 2:00,-2.285
1/2/2023 3:00,-2.286
1/2/2023 4:00,-2.284
1/2/2023 5:00,-2.29
1/2/2023 6:00,-2.292
1/2/2023 7:00,-2.285
1/2/2023 8:00,-2.297
1/2/2023 9:00,-2.288
1/2/2023 10:00,-2.285
1/2/2023 11:00,-2.282
1/2/2023 12:00,-2.28
1/2/2023 13:00,-2.279
1/2/2023 14:00,-2.278
1/2/2023 15:00,-2.274
1/2/2023 16:00,-2.275
1/2/2023 17:00,-2.273
1/2/2023 18:00,-2.275
1/2/2023 19:00,-2.283
1/2/2023 20:00,-2.287
1/2/2023 21:00,-2.297
1/2/2023 22:00,-2.293
1/2/2023 23:00,-2.299
1/3/2023 0:00,-2.304
1/3/2023 1:00,-2.299
1/3/2023 2:00,-2.303
1/3/2023 3:00,-2.307
1/3/2023 4:00,-2.308
1/3/2023 5:00,-2.309
1/3/2023 6:00,-2.314
1/3/2023 7:00,-2.315
1/3/2023 8:00,-2.319
1/3/2023 9:00,-2.314
1/3/2023 10:00,-2.321
1/3/2023 11:00,-2.323
1/3/2023 12:00,-2.322
1/3/2023 13:00,-2.309
1/3/2023 14:00,-2.308
1/3/2023 15:00,-2.292
1/3/2023 16:00,-2.291
1/3/2023 17:00,-2.299
1/3/2023 18:00,-2.305
1/3/2023 19:00,-2.299
1/3/2023 20:00,-2.31
1/3/2023 21:00,-2.317
1/3/2023 22:00,-2.327
1/3/2023 23:00,-2.346
1/4/2023 0:00,-2.351
1/4/2023 1:00,-2.371
1/4/2023 2:00,-2.352
1/4/2023 3:00,-2.326
1/4/2023 4:00,-2.333
1/4/2023 5:00,-2.38
1/4/2023 6:00,-2.378
1/4/2023 7:00,-2.346
1/4/2023 8:00,-2.342
1/4/2023 9:00,-2.35
1/4/2023 10:00,-2.352
1/4/2023 11:00,-2.351
1/4/2023 12:00,-2.362
1/4/2023 13:00,-2.354
1/4/2023 14:00,-2.351
1/4/2023 15:00,-2.319
1/4/2023 16:00,-2.293
1/4/2023 17:00,-2.288
1/4/2023 18:00,-2.296
1/4/2023 19:00,-2.305
1/4/2023 20:00,-2.315
1/4/2023 21:00,-2.329
1/4/2023 22:00,-2.335
1/4/2023 23:00,-2.354
1/5/2023 0:00,-2.36
1/5/2023 1:00,-2.367
1/5/2023 2:00,-2.391
1/5/2023 3:00,-2.395
1/5/2023 4:00,-2.401
1/5/2023 5:00,-2.407
1/5/2023 6:00,-2.46
1/5/2023 7:00,-2.477
1/5/2023 8:00,-2.477
1/5/2023 9:00,-2.551
1/5/2023 10:00,-2.586
1/5/2023 11:00,-2.587
1/5/2023 12:00,-2.588
1/5/2023 13:00,-2.564
1/5/2023 14:00,-2.521
1/5/2023 15:00,-2.453
1/5/2023 16:00,-2.332
1/5/2023 17:00,-2.27
1/5/2023 18:00,-2.243
1/5/2023 19:00,-2.249
1/5/2023 20:00,-2.277
1/5/2023 21:00,-2.293
1/5/2023 22:00,-2.331
1/5/2023 23:00,-2.374
1/6/2023 0:00,-2.403
1/6/2023 1:00,-2.435
1/6/2023 2:00,-2.459
1/6/2023 3:00,-2.465
1/6/2023 4:00,-2.475
1/6/2023 5:00,-2.492
1/6/2023 6:00,-2.517
1/6/2023 7:00,-2.561
1/6/2023 8:00,-2.574
1/6/2023 9:00,-2.577
1/6/2023 10:00,-2.582
1/6/2023 11:00,-2.567
1/6/2023 12:00,-2.554
1/6/2023 13:00,-2.547
1/6/2023 14:00,-2.522
1/6/2023 15:00,-2.427
1/6/2023 16:00,-2.324
1/6/2023 17:00,-2.271
1/6/2023 18:00,-2.235
1/6/2023 19:00,-2.238
1/6/2023 20:00,-2.225
1/6/2023 21:00,-2.254
1/6/2023 22:00,-2.279
1/6/2023 23:00,-2.296
1/7/2023 0:00,-2.304
1/7/2023 1:00,-2.304
1/7/2023 2:00,-2.304
1/7/2023 3:00,-2.297
1/7/2023 4:00,-2.309
1/7/2023 5:00,-2.316
1/7/2023 6:00,-2.316
1/7/2023 7:00,-2.313
1/7/2023 8:00,-2.317
1/7/2023 9:00,-2.309
1/7/2023 10:00,-2.316
1/7/2023 11:00,-2.318
1/7/2023 12:00,-2.325
1/7/2023 13:00,-2.317
1/7/2023 14:00,-2.306
1/7/2023 15:00,-2.303
1/7/2023 16:00,-2.287
1/7/2023 17:00,-2.27
1/7/2023 18:00,-2.26
1/7/2023 19:00,-2.266
1/7/2023 20:00,-2.28
1/7/2023 21:00,-2.291
1/7/2023 22:00,-2.305
1/7/2023 23:00,-2.315
1/8/2023 0:00,-2.327
1/8/2023 1:00,-2.331
1/8/2023 2:00,-2.34
1/8/2023 3:00,-2.344
1/8/2023 4:00,-2.354
1/8/2023 5:00,-2.361
1/8/2023 6:00,-2.361
1/8/2023 7:00,-2.369
1/8/2023 8:00,-2.392
1/8/2023 9:00,-2.43
1/8/2023 10:00,-2.476
1/8/2023 11:00,-2.521
1/8/2023 12:00,-2.552
1/8/2023 13:00,-2.546
1/8/2023 14:00,-2.528
1/8/2023 15:00,-2.508
1/8/2023 16:00,-2.393
1/8/2023 17:00,-2.248
1/8/2023 18:00,-2.202
1/8/2023 19:00,-2.195
1/8/2023 20:00,-2.204
1/8/2023 21:00,-2.216
1/8/2023 22:00,-2.243
1/8/2023 23:00,-2.278
1/9/2023 0:00,-2.31
1/9/2023 1:00,-2.325
1/9/2023 2:00,-2.373
1/9/2023 3:00,-2.415
1/9/2023 4:00,-2.466
1/9/2023 5:00,-2.503
1/9/2023 6:00,-2.51
1/9/2023 7:00,-2.509
1/9/2023 8:00,-2.484
1/9/2023 9:00,-2.478
1/9/2023 10:00,-2.475
1/9/2023 11:00,-2.462
1/9/2023 12:00,-2.452
1/9/2023 13:00,-2.431
1/9/2023 14:00,-2.406
1/9/2023 15:00,-2.339
1/9/2023 16:00,-2.244
1/9/2023 17:00,-2.196
1/9/2023 18:00,-2.17
1/9/2023 19:00,-2.168
1/9/2023 20:00,-2.159
1/9/2023 21:00,-2.164
1/9/2023 22:00,-2.191
1/9/2023 23:00,-2.216
1/10/2023 0:00,-2.227
1/10/2023 1:00,-2.235
1/10/2023 2:00,-2.238
1/10/2023 3:00,-2.234
1/10/2023 4:00,-2.24
1/10/2023 5:00,-2.245
1/10/2023 6:00,-2.243
1/10/2023 7:00,-2.243
1/10/2023 8:00,-2.24
1/10/2023 9:00,-2.233
1/10/2023 10:00,-2.233
1/10/2023 11:00,-2.222
1/10/2023 12:00,-2.223
1/10/2023 13:00,-2.222
1/10/2023 14:00,-2.217
1/10/2023 15:00,-2.205
1/10/2023 16:00,-2.196
1/10/2023 17:00,-2.183
1/10/2023 18:00,-2.185
1/10/2023 19:00,-2.18
1/10/2023 20:00,-2.186
1/10/2023 21:00,-2.196
1/10/2023 22:00,-2.199
1/10/2023 23:00,-2.2
1/11/2023 0:00,-2.203
1/11/2023 1:00,-2.203
1/11/2023 2:00,-2.203
1/11/2023 3:00,-2.203
1/11/2023 4:00,-2.201
1/11/2023 5:00,-2.204
1/11/2023 6:00,-2.204
1/11/2023 7:00,-2.204
1/11/2023 8:00,-2.212
1/11/2023 9:00,-2.214
1/11/2023 10:00,-2.21
1/11/2023 11:00,-2.202
1/11/2023 12:00,-2.203
1/11/2023 13:00,-2.205
1/11/2023 14:00,-2.202
1/11/2023 15:00,-2.194
1/11/2023 16:00,-2.194
1/11/2023 17:00,-2.198
1/11/2023 18:00,-2.194
1/11/2023 19:00,-2.17
1/11/2023 20:00,-2.109
1/11/2023 21:00,-2.123
1/11/2023 22:00,-2.157
1/11/2023 23:00,-2.187
1/12/2023 0:00,-2.198
1/12/2023 1:00,-2.211
1/12/2023 2:00,-2.216
1/12/2023 3:00,-2.224
1/12/2023 4:00,-2.226
1/12/2023 5:00,-2.232
1/12/2023 6:00,-2.242
1/12/2023 7:00,-2.242
1/12/2023 8:00,-2.244
1/12/2023 9:00,-2.251
1/12/2023 10:00,-2.258
1/12/2023 11:00,-2.246
1/12/2023 12:00,-2.254
1/12/2023 13:00,-2.262
1/12/2023 14:00,-2.264
1/12/2023 15:00,-2.237
1/12/2023 16:00,-2.202
1/12/2023 17:00,-2.172
1/12/2023 18:00,-2.171
1/12/2023 19:00,-2.185
1/12/2023 20:00,-2.206
1/12/2023 21:00,-2.212
1/12/2023 22:00,-2.234
1/12/2023 23:00,-2.251
1/13/2023 0:00,-2.284
1/13/2023 1:00,-2.285
1/13/2023 2:00,-2.286
1/13/2023 3:00,-2.289
1/13/2023 4:00,-2.308
1/13/2023 5:00,-2.319
1/13/2023 6:00,-2.356
1/13/2023 7:00,-2.407
1/13/2023 8:00,-2.437
1/13/2023 9:00,-2.457
1/13/2023 10:00,-2.473
1/13/2023 11:00,-2.473
1/13/2023 12:00,-2.477
1/13/2023 13:00,-2.47
1/13/2023 14:00,-2.441
1/13/2023 15:00,-2.4
1/13/2023 16:00,-2.286
1/13/2023 17:00,-2.179
1/13/2023 18:00,-2.134
1/13/2023 19:00,-2.141
1/13/2023 20:00,-2.146
1/13/2023 21:00,-2.2
1/13/2023 22:00,-2.239
1/13/2023 23:00,-2.261
1/14/2023 0:00,-2.285
1/14/2023 1:00,-2.3
1/14/2023 2:00,-2.316
1/14/2023 3:00,-2.332
1/14/2023 4:00,-2.351
1/14/2023 5:00,-2.383
1/14/2023 6:00,-2.402
1/14/2023 7:00,-2.426
1/14/2023 8:00,-2.459
1/14/2023 9:00,-2.472
1/14/2023 10:00,-2.489
1/14/2023 11:00,-2.505
1/14/2023 12:00,-2.505
1/14/2023 13:00,-2.485
1/14/2023 14:00,-2.452
1/14/2023 15:00,-2.387
1/14/2023 16:00,-2.255
1/14/2023 17:00,-2.182
1/14/2023 18:00,-2.164
1/14/2023 19:00,-2.154
1/14/2023 20:00,-2.144
1/14/2023 21:00,-2.143
1/14/2023 22:00,-2.167
1/14/2023 23:00,-2.186
1/15/2023 0:00,-2.209
1/15/2023 1:00,-2.228
1/15/2023 2:00,-2.234
1/15/2023 3:00,-2.24
1/15/2023 4:00,-2.244
1/15/2023 5:00,-2.248
1/15/2023 6:00,-2.25
1/15/2023 7:00,-2.264
1/15/2023 8:00,-2.269
1/15/2023 9:00,-2.266
1/15/2023 10:00,-2.27
1/15/2023 11:00,-2.264
1/15/2023 12:00,-2.255
1/15/2023 13:00,-2.245
1/15/2023 14:00,-2.223
1/15/2023 15:00,-2.216
1/15/2023 16:00,-2.185
1/15/2023 17:00,-2.171
1/15/2023 18:00,-2.168
1/15/2023 19:00,-2.17
1/15/2023 20:00,-2.169
1/15/2023 21:00,-2.174
1/15/2023 22:00,-2.185
1/15/2023 23:00,-2.19
1/16/2023 0:00,-2.189
1/16/2023 1:00,-2.193
1/16/2023 2:00,-2.189
1/16/2023 3:00,-2.187
1/16/2023 4:00,-2.177
1/16/2023 5:00,-2.183
1/16/2023 6:00,-2.184
1/16/2023 7:00,-2.187
1/16/2023 8:00,-2.194
1/16/2023 9:00,-2.2
1/16/2023 10:00,-2.188
1/16/2023 11:00,-2.193
1/16/2023 12:00,-2.188
1/16/2023 13:00,-2.185
1/16/2023 14:00,-2.179
1/16/2023 15:00,-2.17
1/16/2023 16:00,-2.165
1/16/2023 17:00,-2.162
1/16/2023 18:00,-2.168
1/16/2023 19:00,-2.176
1/16/2023 20:00,-2.17
1/16/2023 21:00,-2.173
1/16/2023 22:00,-2.177
1/16/2023 23:00,-2.19
1/17/2023 0:00,-2.187
1/17/2023 1:00,-2.2
1/17/2023 2:00,-2.204
1/17/2023 3:00,-2.202
1/17/2023 4:00,-2.202
1/17/2023 5:00,-2.212
1/17/2023 6:00,-2.218
1/17/2023 7:00,-2.218
1/17/2023 8:00,-2.214
1/17/2023 9:00,-2.218
1/17/2023 10:00,-2.225
1/17/2023 11:00,-2.229
1/17/2023 12:00,-2.219
1/17/2023 13:00,-2.207
1/17/2023 14:00,-2.211
1/17/2023 15:00,-2.203
1/17/2023 16:00,-2.189
1/17/2023 17:00,-2.173
1/17/2023 18:00,-2.166
1/17/2023 19:00,-2.174
1/17/2023 20:00,-2.179
1/17/2023 21:00,-2.183
1/17/2023 22:00,-2.185
1/17/2023 23:00,-2.193
1/18/2023 0:00,-2.196
1/18/2023 1:00,-2.188
1/18/2023 2:00,-2.191
1/18/2023 3:00,-2.198
1/18/2023 4:00,-2.202
1/18/2023 5:00,-2.197
1/18/2023 6:00,-2.197
1/18/2023 7:00,-2.202
1/18/2023 8:00,-2.21
1/18/2023 9:00,-2.197
1/18/2023 10:00,-2.197
1/18/2023 11:00,-2.184
1/18/2023 12:00,-2.188
1/18/2023 13:00,-2.193
1/18/2023 14:00,-2.192
1/18/2023 15:00,-2.196
1/18/2023 16:00,-2.189
1/18/2023 17:00,-2.163
1/18/2023 18:00,-2.149
1/18/2023 19:00,-2.142
1/18/2023 20:00,-2.151
1/18/2023 21:00,-2.143
1/18/2023 22:00,-2.155
1/18/2023 23:00,-2.161
1/19/2023 0:00,-2.178
1/19/2023 1:00,-2.183
1/19/2023 2:00,-2.19
1/19/2023 3:00,-2.212
1/19/2023 4:00,-2.222
1/19/2023 5:00,-2.237
1/19/2023 6:00,-2.254
1/19/2023 7:00,-2.28
1/19/2023 8:00,-2.326
1/19/2023 9:00,-2.357
1/19/2023 10:00,-2.366
1/19/2023 11:00,-2.393
1/19/2023 12:00,-2.405
1/19/2023 13:00,-2.395
1/19/2023 14:00,-2.368
1/19/2023 15:00,-2.333
1/19/2023 16:00,-2.267
1/19/2023 17:00,-2.198
1/19/2023 18:00,-2.148
1/19/2023 19:00,-2.126
1/19/2023 20:00,-2.113
1/19/2023 21:00,-2.128
1/19/2023 22:00,-2.148
1/19/2023 23:00,-2.172
1/20/2023 0:00,-2.193
1/20/2023 1:00,-2.223
1/20/2023 2:00,-2.268
1/20/2023 3:00,-2.297
1/20/2023 4:00,-2.326
1/20/2023 5:00,-2.363
1/20/2023 6:00,-2.385
1/20/2023 7:00,-2.386
1/20/2023 8:00,-2.368
1/20/2023 9:00,-2.372
1/20/2023 10:00,-2.363
1/20/2023 11:00,-2.355
1/20/2023 12:00,-2.334
1/20/2023 13:00,-2.315
1/20/2023 14:00,-2.3
1/20/2023 15:00,-2.265
1/20/2023 16:00,-2.197
1/20/2023 17:00,-2.143
1/20/2023 18:00,-2.109
1/20/2023 19:00,-2.099
1/20/2023 20:00,-2.103
1/20/2023 21:00,-2.099
1/20/2023 22:00,-2.124
1/20/2023 23:00,-2.137
1/21/2023 0:00,-2.164
1/21/2023 1:00,-2.174
1/21/2023 2:00,-2.19
1/21/2023 3:00,-2.202
1/21/2023 4:00,-2.212
1/21/2023 5:00,-2.235
1/21/2023 6:00,-2.244
1/21/2023 7:00,-2.241
1/21/2023 8:00,-2.237
1/21/2023 9:00,-2.229
1/21/2023 10:00,-2.232
1/21/2023 11:00,-2.236
1/21/2023 12:00,-2.249
1/21/2023 13:00,-2.239
1/21/2023 14:00,-2.228
1/21/2023 15:00,-2.208
1/21/2023 16:00,-2.179
1/21/2023 17:00,-2.151
1/21/2023 18:00,-2.113
1/21/2023 19:00,-2.092
1/21/2023 20:00,-2.075
1/21/2023 21:00,-2.083
1/21/2023 22:00,-2.099
1/21/2023 23:00,-2.123
1/22/2023 0:00,-2.129
1/22/2023 1:00,-2.15
1/22/2023 2:00,-2.157
1/22/2023 3:00,-2.161
1/22/2023 4:00,-2.164
1/22/2023 5:00,-2.164
1/22/2023 6:00,-2.163
1/22/2023 7:00,-2.159
1/22/2023 8:00,-2.164
1/22/2023 9:00,-2.167
1/22/2023 10:00,-2.16
1/22/2023 11:00,-2.157
1/22/2023 12:00,-2.153
1/22/2023 13:00,-2.152
1/22/2023 14:00,-2.141
1/22/2023 15:00,-2.134
1/22/2023 16:00,-2.131
1/22/2023 17:00,-2.105
1/22/2023 18:00,-2.095
1/22/2023 19:00,-2.092
1/22/2023 20:00,-2.1
1/22/2023 21:00,-2.113
1/22/2023 22:00,-2.123
1/22/2023 23:00,-2.132
1/23/2023 0:00,-2.139
1/23/2023 1:00,-2.156
1/23/2023 2:00,-2.165
1/23/2023 3:00,-2.166
1/23/2023 4:00,-2.175
1/23/2023 5:00,-2.176
1/23/2023 6:00,-2.178
1/23/2023 7:00,-2.183
1/23/2023 8:00,-2.191
1/23/2023 9:00,-2.189
1/23/2023 10:00,-2.192
1/23/2023 11:00,-2.185
1/23/2023 12:00,-2.191
1/23/2023 13:00,-2.196
1/23/2023 14:00,-2.169
1/23/2023 15:00,-2.148
1/23/2023 16:00,-2.112
1/23/2023 17:00,-2.083
1/23/2023 18:00,-2.063
1/23/2023 19:00,-2.074
1/23/2023 20:00,-2.089
1/23/2023 21:00,-2.119
1/23/2023 22:00,-2.128
1/23/2023 23:00,-2.15
1/24/2023 0:00,-2.169
1/24/2023 1:00,-2.178
1/24/2023 2:00,-2.195
1/24/2023 3:00,-2.196
1/24/2023 4:00,-2.191
1/24/2023 5:00,-2.204
1/24/2023 6:00,-2.204
1/24/2023 7:00,-2.21
1/24/2023 8:00,-2.221
1/24/2023 9:00,-2.238
1/24/2023 10:00,-2.262
1/24/2023 11:00,-2.273
1/24/2023 12:00,-2.276
1/24/2023 13:00,-2.272
1/24/2023 14:00,-2.26
1/24/2023 15:00,-2.22
1/24/2023 16:00,-2.161
1/24/2023 17:00,-2.11
1/24/2023 18:00,-2.077
1/24/2023 19:00,-2.071
1/24/2023 20:00,-2.087
1/24/2023 21:00,-2.112
1/24/2023 22:00,-2.138
1/24/2023 23:00,-2.163
1/25/2023 0:00,-2.17
1/25/2023 1:00,-2.18
1/25/2023 2:00,-2.192
1/25/2023 3:00,-2.192
1/25/2023 4:00,-2.191
1/25/2023 5:00,-2.193
1/25/2023 6:00,-2.199
1/25/2023 7:00,-2.2
1/25/2023 8:00,-2.203
1/25/2023 9:00,-2.208
1/25/2023 10:00,-2.214
1/25/2023 11:00,-2.223
1/25/2023 12:00,-2.211
1/25/2023 13:00,-2.216
1/25/2023 14:00,-2.21
1/25/2023 15:00,-2.198
1/25/2023 16:00,-2.178
1/25/2023 17:00,-2.147
1/25/2023 18:00,-2.124
1/25/2023 19:00,-2.1
1/25/2023 20:00,-2.103
1/25/2023 21:00,-2.111
1/25/2023 22:00,-2.136
1/25/2023 23:00,-2.155
1/26/2023 0:00,-2.173
1/26/2023 1:00,-2.181
1/26/2023 2:00,-2.194
1/26/2023 3:00,-2.2
1/26/2023 4:00,-2.198
1/26/2023 5:00,-2.195
1/26/2023 6:00,-2.19
1/26/2023 7:00,-2.186
1/26/2023 8:00,-2.183
1/26/2023 9:00,-2.185
1/26/2023 10:00,-2.192
1/26/2023 11:00,-2.196
1/26/2023 12:00,-2.194
1/26/2023 13:00,-2.195
1/26/2023 14:00,-2.191
1/26/2023 15:00,-2.188
1/26/2023 16:00,-2.177
1/26/2023 17:00,-2.151
1/26/2023 18:00,-2.134
1/26/2023 19:00,-2.114
1/26/2023 20:00,-2.093
1/26/2023 21:00,-2.098
1/26/2023 22:00,-2.119
1/26/2023 23:00,-2.139
1/27/2023 0:00,-2.155
1/27/2023 1:00,-2.155
1/27/2023 2:00,-2.157
1/27/2023 3:00,-2.165
1/27/2023 4:00,-2.165
1/27/2023 5:00,-2.16
1/27/2023 6:00,-2.172
1/27/2023 7:00,-2.172
1/27/2023 8:00,-2.171
1/27/2023 9:00,-2.17
1/27/2023 10:00,-2.163
1/27/2023 11:00,-2.156
1/27/2023 12:00,-2.161
1/27/2023 13:00,-2.159
1/27/2023 14:00,-2.147
1/27/2023 15:00,-2.138
1/27/2023 16:00,-2.137
1/27/2023 17:00,-2.128
1/27/2023 18:00,-2.124
1/27/2023 19:00,-2.134
1/27/2023 20:00,-2.116
1/27/2023 21:00,-2.12
1/27/2023 22:00,-2.111
1/27/2023 23:00,-2.12
1/28/2023 0:00,-2.129
1/28/2023 1:00,-2.112
1/28/2023 2:00,-2.124
1/28/2023 3:00,-2.129
1/28/2023 4:00,-2.124
1/28/2023 5:00,-2.127
1/28/2023 6:00,-2.116
1/28/2023 7:00,-2.123
1/28/2023 8:00,-2.126
1/28/2023 9:00,-2.13
1/28/2023 10:00,-2.129
1/28/2023 11:00,-2.133
1/28/2023 12:00,-2.125
1/28/2023 13:00,-2.117
1/28/2023 14:00,-2.119
1/28/2023 15:00,-2.111
1/28/2023 16:00,-2.104
1/28/2023 17:00,-2.106
1/28/2023 18:00,-2.09
1/28/2023 19:00,-2.094
1/28/2023 20:00,-2.09
1/28/2023 21:00,-2.09
1/28/2023 22:00,-2.093
1/28/2023 23:00,-2.095
1/29/2023 0:00,-2.084
1/29/2023 1:00,-2.089
1/29/2023 2:00,-2.087
1/29/2023 3:00,-2.088
1/29/2023 4:00,-2.075
1/29/2023 5:00,-2.087
1/29/2023 6:00,-2.081
1/29/2023 7:00,-2.084
1/29/2023 8:00,-2.088
1/29/2023 9:00,-2.083
1/29/2023 10:00,-2.092
1/29/2023 11:00,-2.109
1/29/2023 12:00,-2.104
1/29/2023 13:00,-2.106
1/29/2023 14:00,-2.103
1/29/2023 15:00,-2.101
1/29/2023 16:00,-2.089
1/29/2023 17:00,-2.083
1/29/2023 18:00,-2.08
1/29/2023 19:00,-2.073
1/29/2023 20:00,-2.077
1/29/2023 21:00,-2.072
1/29/2023 22:00,-2.073
1/29/2023 23:00,-2.065
1/30/2023 0:00,-2.068
1/30/2023 1:00,-2.068
1/30/2023 2:00,-2.064
1/30/2023 3:00,-2.058
1/30/2023 4:00,-2.054
1/30/2023 5:00,-2.058
1/30/2023 6:00,-2.062
1/30/2023 7:00,-2.054
1/30/2023 8:00,-2.061
1/30/2023 9:00,-2.074
1/30/2023 10:00,-2.075
1/30/2023 11:00,-2.084
1/30/2023 12:00,-2.082
1/30/2023 13:00,-2.084
1/30/2023 14:00,-2.087
1/30/2023 15:00,-2.085
1/30/2023 16:00,-2.079
1/30/2023 17:00,-2.074
1/30/2023 18:00,-2.076
1/30/2023 19:00,-2.071
1/30/2023 20:00,-2.066
1/30/2023 21:00,-2.058
1/30/2023 22:00,-2.053
1/30/2023 23:00,-2.057
1/31/2023 0:00,-2.055
1/31/2023 1:00,-2.056
1/31/2023 2:00,-2.062
1/31/2023 3:00,-2.056
1/31/2023 4:00,-2.068
1/31/2023 5:00,-2.08
1/31/2023 6:00,-2.117
1/31/2023 7:00,-2.193
1/31/2023 8:00,-2.262
1/31/2023 9:00,-2.3
1/31/2023 10:00,-2.321
1/31/2023 11:00,-2.309
1/31/2023 12:00,-2.329
1/31/2023 13:00,-2.336
1/31/2023 14:00,-2.341
1/31/2023 15:00,-2.327
1/31/2023 16:00,-2.292
1/31/2023 17:00,-2.242
1/31/2023 18:00,-2.15
1/31/2023 19:00,-2.107
1/31/2023 20:00,-2.078
1/31/2023 21:00,-2.064
1/31/2023 22:00,-2.044
1/31/2023 23:00,-2.036
2/1/2023 0:00,-2.032
2/1/2023 1:00,-2.041
2/1/2023 2:00,-2.034
2/1/2023 3:00,-2.047
2/1/2023 4:00,-2.09
2/1/2023 5:00,-2.122
2/1/2023 6:00,-2.147
2/1/2023 7:00,-2.159
2/1/2023 8:00,-2.168
2/1/2023 9:00,-2.195
2/1/2023 10:00,-2.233
2/1/2023 11:00,-2.275
2/1/2023 12:00,-2.292
2/1/2023 13:00,-2.31
2/1/2023 14:00,-2.303
2/1/2023 15:00,-2.286
2/1/2023 16:00,-2.243
2/1/2023 17:00,-2.161
2/1/2023 18:00,-2.087
2/1/2023 19:00,-2.035
2/1/2023 20:00,-1.995
2/1/2023 21:00,-1.975
2/1/2023 22:00,-1.953
2/1/2023 23:00,-1.94
2/2/2023 0:00,-1.945
2/2/2023 1:00,-1.956
2/2/2023 2:00,-1.985
2/2/2023 3:00,-2.028
2/2/2023 4:00,-2.053
2/2/2023 5:00,-2.04
2/2/2023 6:00,-2.015
2/2/2023 7:00,-2.04
2/2/2023 8:00,-2.073
2/2/2023 9:00,-2.053
2/2/2023 10:00,-2.046
2/2/2023 11:00,-2.032
2/2/2023 12:00,-2.046
2/2/2023 13:00,-2.036
2/2/2023 14:00,-2.023
2/2/2023 15:00,-2.022
2/2/2023 16:00,-2.004
2/2/2023 17:00,-1.976
2/2/2023 18:00,-1.956
2/2/2023 19:00,-1.94
2/2/2023 20:00,-1.927
2/2/2023 21:00,-1.911
2/2/2023 22:00,-1.91
2/2/2023 23:00,-1.918
2/3/2023 0:00,-1.934
2/3/2023 1:00,-1.962
2/3/2023 2:00,-1.982
2/3/2023 3:00,-1.998
2/3/2023 4:00,-2.018
2/3/2023 5:00,-2.043
2/3/2023 6:00,-2.071
2/3/2023 7:00,-2.051
2/3/2023 8:00,-2.039
2/3/2023 9:00,-2.047
2/3/2023 10:00,-2.027
2/3/2023 11:00,-2.049
2/3/2023 12:00,-2.105
2/3/2023 13:00,-2.083
2/3/2023 14:00,-2.057
2/3/2023 15:00,-2.056
2/3/2023 16:00,-2.041
2/3/2023 17:00,-2.03
2/3/2023 18:00,-2
2/3/2023 19:00,-1.988
2/3/2023 20:00,-1.967
2/3/2023 21:00,-1.939
2/3/2023 22:00,-1.909
2/3/2023 23:00,-1.904
2/4/2023 0:00,-1.903
2/4/2023 1:00,-1.916
2/4/2023 2:00,-1.919
2/4/2023 3:00,-1.943
2/4/2023 4:00,-1.976
2/4/2023 5:00,-1.983
2/4/2023 6:00,-2.003
2/4/2023 7:00,-2.02
2/4/2023 8:00,-2.024
2/4/2023 9:00,-2.023
2/4/2023 10:00,-2.028
2/4/2023 11:00,-2.026
2/4/2023 12:00,-2.083
2/4/2023 13:00,-2.076
2/4/2023 14:00,-2.029
2/4/2023 15:00,-2.003
2/4/2023 16:00,-1.988
2/4/2023 17:00,-1.973
2/4/2023 18:00,-1.946
2/4/2023 19:00,-1.944
2/4/2023 20:00,-1.92
2/4/2023 21:00,-1.897
2/4/2023 22:00,-1.872
2/4/2023 23:00,-1.864
2/5/2023 0:00,-1.856
2/5/2023 1:00,-1.868
2/5/2023 2:00,-1.883
2/5/2023 3:00,-1.903
2/5/2023 4:00,-1.903
2/5/2023 5:00,-1.923
2/5/2023 6:00,-1.93
2/5/2023 7:00,-1.93
2/5/2023 8:00,-1.945
2/5/2023 9:00,-1.947
2/5/2023 10:00,-1.947
2/5/2023 11:00,-1.944
2/5/2023 12:00,-1.947
2/5/2023 13:00,-1.949
2/5/2023 14:00,-1.945
2/5/2023 15:00,-1.935
2/5/2023 16:00,-1.935
2/5/2023 17:00,-1.923
2/5/2023 18:00,-1.915
2/5/2023 19:00,-1.911
2/5/2023 20:00,-1.908
2/5/2023 21:00,-1.914
2/5/2023 22:00,-1.915
2/5/2023 23:00,-1.902
2/6/2023 0:00,-1.908
2/6/2023 1:00,-1.913
2/6/2023 2:00,-1.926
2/6/2023 3:00,-1.921
2/6/2023 4:00,-1.925
2/6/2023 5:00,-1.925
2/6/2023 6:00,-1.93
2/6/2023 7:00,-1.93
2/6/2023 8:00,-1.925
2/6/2023 9:00,-1.925
2/6/2023 10:00,-1.935
2/6/2023 11:00,-1.927
2/6/2023 12:00,-1.927
2/6/2023 13:00,-1.925
2/6/2023 14:00,-1.926
2/6/2023 15:00,-1.925
2/6/2023 16:00,-1.919
2/6/2023 17:00,-1.917
2/6/2023 18:00,-1.917
2/6/2023 19:00,-1.908
2/6/2023 20:00,-1.912
2/6/2023 21:00,-1.916
2/6/2023 22:00,-1.92
2/6/2023 23:00,-1.92
2/7/2023 0:00,-1.922
2/7/2023 1:00,-1.93
2/7/2023 2:00,-1.935
2/7/2023 3:00,-1.948
2/7/2023 4:00,-1.948
2/7/2023 5:00,-1.952
2/7/2023 6:00,-1.964
2/7/2023 7:00,-1.975
2/7/2023 8:00,-1.978
2/7/2023 9:00,-1.991
2/7/2023 10:00,-1.989
2/7/2023 11:00,-1.977
2/7/2023 12:00,-1.975
2/7/2023 13:00,-1.962
2/7/2023 14:00,-1.951
2/7/2023 15:00,-1.959
2/7/2023 16:00,-1.962
2/7/2023 17:00,-1.962
2/7/2023 18:00,-1.953
2/7/2023 19:00,-1.934
2/7/2023 20:00,-1.921
2/7/2023 21:00,-1.912
2/7/2023 22:00,-1.902
2/7/2023 23:00,-1.909
2/8/2023 0:00,-1.912
2/8/2023 1:00,-1.937
2/8/2023 2:00,-1.956
2/8/2023 3:00,-1.961
2/8/2023 4:00,-1.963
2/8/2023 5:00,-1.977
2/8/2023 6:00,-1.979
2/8/2023 7:00,-1.984
2/8/2023 8:00,-1.993
2/8/2023 9:00,-2.002
2/8/2023 10:00,-2.022
2/8/2023 11:00,-2.102
2/8/2023 12:00,-2.144
2/8/2023 13:00,-2.038
2/8/2023 14:00,-1.979
2/8/2023 15:00,-1.966
2/8/2023 16:00,-1.946
2/8/2023 17:00,-1.932
2/8/2023 18:00,-1.92
2/8/2023 19:00,-1.891
2/8/2023 20:00,-1.876
2/8/2023 21:00,-1.868
2/8/2023 22:00,-1.874
2/8/2023 23:00,-1.893
2/9/2023 0:00,-1.916
2/9/2023 1:00,-1.923
2/9/2023 2:00,-1.935
2/9/2023 3:00,-1.941
2/9/2023 4:00,-1.945
2/9/2023 5:00,-1.948
2/9/2023 6:00,-1.954
2/9/2023 7:00,-1.959
2/9/2023 8:00,-1.964
2/9/2023 9:00,-1.962
2/9/2023 10:00,-1.948
2/9/2023 11:00,-1.964
2/9/2023 12:00,-1.957
2/9/2023 13:00,-1.963
2/9/2023 14:00,-1.962
2/9/2023 15:00,-1.962
2/9/2023 16:00,-1.954
2/9/2023 17:00,-1.948
2/9/2023 18:00,-1.936
2/9/2023 19:00,-1.925
2/9/2023 20:00,-1.916
2/9/2023 21:00,-1.921
2/9/2023 22:00,-1.934
2/9/2023 23:00,-1.948
2/10/2023 0:00,-1.964
2/10/2023 1:00,-1.972
2/10/2023 2:00,-1.98
2/10/2023 3:00,-1.996
2/10/2023 4:00,-1.992
2/10/2023 5:00,-1.997
2/10/2023 6:00,-2.017
2/10/2023 7:00,-2.01
2/10/2023 8:00,-2.03
2/10/2023 9:00,-2.063
2/10/2023 10:00,-2.191
2/10/2023 11:00,-2.286
2/10/2023 12:00,-2.394
2/10/2023 13:00,-2.428
2/10/2023 14:00,-2.366
2/10/2023 15:00,-2.252
2/10/2023 16:00,-2.132
2/10/2023 17:00,-2.028
2/10/2023 18:00,-1.955
2/10/2023 19:00,-1.921
2/10/2023 20:00,-1.876
2/10/2023 21:00,-1.856
2/10/2023 22:00,-1.846
2/10/2023 23:00,-1.845
2/11/2023 0:00,-1.86
2/11/2023 1:00,-1.88
2/11/2023 2:00,-1.892
2/11/2023 3:00,-1.917
2/11/2023 4:00,-1.957
2/11/2023 5:00,-2.01
2/11/2023 6:00,-2.075
2/11/2023 7:00,-2.12
2/11/2023 8:00,-2.165
2/11/2023 9:00,-2.148
2/11/2023 10:00,-2.117
2/11/2023 11:00,-2.099
2/11/2023 12:00,-2.067
2/11/2023 13:00,-2.028
2/11/2023 14:00,-1.993
2/11/2023 15:00,-1.949
2/11/2023 16:00,-1.939
2/11/2023 17:00,-1.908
2/11/2023 18:00,-1.905
2/11/2023 19:00,-1.906
2/11/2023 20:00,-1.882
2/11/2023 21:00,-1.875
2/11/2023 22:00,-1.849
2/11/2023 23:00,-1.851
2/12/2023 0:00,-1.862
2/12/2023 1:00,-1.879
2/12/2023 2:00,-1.89
2/12/2023 3:00,-1.907
2/12/2023 4:00,-1.925
2/12/2023 5:00,-1.934
2/12/2023 6:00,-1.954
2/12/2023 7:00,-1.969
2/12/2023 8:00,-2
2/12/2023 9:00,-2.033
2/12/2023 10:00,-2.05
2/12/2023 11:00,-2.045
2/12/2023 12:00,-2.039
2/12/2023 13:00,-2.01
2/12/2023 14:00,-1.954
2/12/2023 15:00,-1.903
2/12/2023 16:00,-1.892
2/12/2023 17:00,-1.887
2/12/2023 18:00,-1.884
2/12/2023 19:00,-1.891
2/12/2023 20:00,-1.866
2/12/2023 21:00,-1.852
2/12/2023 22:00,-1.861
2/12/2023 23:00,-1.872
2/13/2023 0:00,-1.892
2/13/2023 1:00,-1.907
2/13/2023 2:00,-1.926
2/13/2023 3:00,-1.942
2/13/2023 4:00,-1.949
2/13/2023 5:00,-1.965
2/13/2023 6:00,-1.972
2/13/2023 7:00,-1.98
2/13/2023 8:00,-1.979
2/13/2023 9:00,-1.983
2/13/2023 10:00,-1.968
2/13/2023 11:00,-1.984
2/13/2023 12:00,-1.999
2/13/2023 13:00,-2.01
2/13/2023 14:00,-2.007
2/13/2023 15:00,-1.998
2/13/2023 16:00,-1.994
2/13/2023 17:00,-1.968
2/13/2023 18:00,-1.951
2/13/2023 19:00,-1.907
2/13/2023 20:00,-1.864
2/13/2023 21:00,-1.84
2/13/2023 22:00,-1.828
2/13/2023 23:00,-1.843
2/14/2023 0:00,-1.869
2/14/2023 1:00,-1.896
2/14/2023 2:00,-1.905
2/14/2023 3:00,-1.918
2/14/2023 4:00,-1.923
2/14/2023 5:00,-1.931
2/14/2023 6:00,-1.924
2/14/2023 7:00,-1.933
2/14/2023 8:00,-1.936
2/14/2023 9:00,-1.94
2/14/2023 10:00,-1.938
2/14/2023 11:00,-1.931
2/14/2023 12:00,-1.919
2/14/2023 13:00,-1.921
2/14/2023 14:00,-1.921
2/14/2023 15:00,-1.911
2/14/2023 16:00,-1.913
2/14/2023 17:00,-1.907
2/14/2023 18:00,-1.909
2/14/2023 19:00,-1.904
2/14/2023 20:00,-1.912
2/14/2023 21:00,-1.914
2/14/2023 22:00,-1.915
2/14/2023 23:00,-1.912
2/15/2023 0:00,-1.913
2/15/2023 1:00,-1.923
2/15/2023 2:00,-1.924
2/15/2023 3:00,-1.93
2/15/2023 4:00,-1.927
2/15/2023 5:00,-1.929
2/15/2023 6:00,-1.938
2/15/2023 7:00,-1.948
2/15/2023 8:00,-1.947
2/15/2023 9:00,-1.954
2/15/2023 10:00,-1.949
2/15/2023 11:00,-1.95
2/15/2023 12:00,-1.959
2/15/2023 13:00,-1.964
2/15/2023 14:00,-1.965
2/15/2023 15:00,-1.963
2/15/2023 16:00,-1.946
2/15/2023 17:00,-1.943
2/15/2023 18:00,-1.925
2/15/2023 19:00,-1.899
2/15/2023 20:00,-1.889
2/15/2023 21:00,-1.888
2/15/2023 22:00,-1.904
2/15/2023 23:00,-1.914
2/16/2023 0:00,-1.934
2/16/2023 1:00,-1.95
2/16/2023 2:00,-1.945
2/16/2023 3:00,-1.961
2/16/2023 4:00,-1.957
2/16/2023 5:00,-1.977
2/16/2023 6:00,-1.986
2/16/2023 7:00,-2
2/16/2023 8:00,-2.011
2/16/2023 9:00,-2.015
2/16/2023 10:00,-2.016
2/16/2023 11:00,-2.014
2/16/2023 12:00,-2.016
2/16/2023 13:00,-2.028
2/16/2023 14:00,-2.023
2/16/2023 15:00,-2.021
2/16/2023 16:00,-2.012
2/16/2023 17:00,-2
2/16/2023 18:00,-1.981
2/16/2023 19:00,-1.947
2/16/2023 20:00,-1.917
2/16/2023 21:00,-1.905
2/16/2023 22:00,-1.921
2/16/2023 23:00,-1.945
2/17/2023 0:00,-1.986
2/17/2023 1:00,-2.003
2/17/2023 2:00,-1.987
2/17/2023 3:00,-2.012
2/17/2023 4:00,-2.024
2/17/2023 5:00,-2.036
2/17/2023 6:00,-2.068
2/17/2023 7:00,-2.093
2/17/2023 8:00,-2.122
2/17/2023 9:00,-2.175
2/17/2023 10:00,-2.205
2/17/2023 11:00,-2.186
2/17/2023 12:00,-2.189
2/17/2023 13:00,-2.171
2/17/2023 14:00,-2.14
2/17/2023 15:00,-2.115
2/17/2023 16:00,-2.074
2/17/2023 17:00,-2.002
2/17/2023 18:00,-1.965
2/17/2023 19:00,-1.926
2/17/2023 20:00,-1.91
2/17/2023 21:00,-1.902
2/17/2023 22:00,-1.896
2/17/2023 23:00,-1.891
2/18/2023 0:00,-1.922
2/18/2023 1:00,-1.951
2/18/2023 2:00,-1.987
2/18/2023 3:00,-2.023
2/18/2023 4:00,-2.039
2/18/2023 5:00,-2.068
2/18/2023 6:00,-2.079
2/18/2023 7:00,-2.095
2/18/2023 8:00,-2.094
2/18/2023 9:00,-2.111
2/18/2023 10:00,-2.099
2/18/2023 11:00,-2.109
2/18/2023 12:00,-2.129
2/18/2023 13:00,-2.129
2/18/2023 14:00,-2.103
2/18/2023 15:00,-2.095
2/18/2023 16:00,-2.061
2/18/2023 17:00,-2.033
2/18/2023 18:00,-1.985
2/18/2023 19:00,-1.956
2/18/2023 20:00,-1.914
2/18/2023 21:00,-1.883
2/18/2023 22:00,-1.872
2/18/2023 23:00,-1.87
2/19/2023 0:00,-1.875
2/19/2023 1:00,-1.883
2/19/2023 2:00,-1.917
2/19/2023 3:00,-1.94
2/19/2023 4:00,-1.952
2/19/2023 5:00,-1.962
2/19/2023 6:00,-1.976
2/19/2023 7:00,-1.971
2/19/2023 8:00,-1.975
2/19/2023 9:00,-1.971
2/19/2023 10:00,-1.968
2/19/2023 11:00,-1.982
2/19/2023 12:00,-1.974
2/19/2023 13:00,-1.973
2/19/2023 14:00,-1.98
2/19/2023 15:00,-1.957
2/19/2023 16:00,-1.952
2/19/2023 17:00,-1.948
2/19/2023 18:00,-1.938
2/19/2023 19:00,-1.92
2/19/2023 20:00,-1.91
2/19/2023 21:00,-1.902
2/19/2023 22:00,-1.905
2/19/2023 23:00,-1.911
2/20/2023 0:00,-1.918
2/20/2023 1:00,-1.928
2/20/2023 2:00,-1.941
2/20/2023 3:00,-1.951
2/20/2023 4:00,-1.957
2/20/2023 5:00,-1.961
2/20/2023 6:00,-1.958
2/20/2023 7:00,-1.97
2/20/2023 8:00,-1.969
2/20/2023 9:00,-1.975
2/20/2023 10:00,-1.973
2/20/2023 11:00,-1.967
2/20/2023 12:00,-1.967
2/20/2023 13:00,-1.976
2/20/2023 14:00,-1.972
2/20/2023 15:00,-1.97
2/20/2023 16:00,-1.97
2/20/2023 17:00,-1.969
2/20/2023 18:00,-1.973
2/20/2023 19:00,-1.957
2/20/2023 20:00,-1.966
2/20/2023 21:00,-1.964
2/20/2023 22:00,-1.967
2/20/2023 23:00,-1.962
2/21/2023 0:00,-1.963
2/21/2023 1:00,-1.972
2/21/2023 2:00,-1.974
2/21/2023 3:00,-1.972
2/21/2023 4:00,-1.976
2/21/2023 5:00,-1.983
2/21/2023 6:00,-1.985
2/21/2023 7:00,-1.984
2/21/2023 8:00,-1.992
2/21/2023 9:00,-1.989
2/21/2023 10:00,-1.991
2/21/2023 11:00,-1.997
2/21/2023 12:00,-2.012
2/21/2023 13:00,-1.994
2/21/2023 14:00,-1.988
2/21/2023 15:00,-1.98
2/21/2023 16:00,-1.969
2/21/2023 17:00,-1.965
2/21/2023 18:00,-1.965
2/21/2023 19:00,-1.962
2/21/2023 20:00,-1.963
2/21/2023 21:00,-1.964
2/21/2023 22:00,-1.962
2/21/2023 23:00,-1.957
2/22/2023 0:00,-1.966
2/22/2023 1:00,-1.971
2/22/2023 2:00,-1.978
2/22/2023 3:00,-2.018
2/22/2023 4:00,-2.041
2/22/2023 5:00,-2.026
2/22/2023 6:00,-2.016
2/22/2023 7:00,-1.982
2/22/2023 8:00,-1.934
2/22/2023 9:00,-1.933
2/22/2023 10:00,-1.946
2/22/2023 11:00,-1.953
2/22/2023 12:00,-1.961
2/22/2023 13:00,-1.971
2/22/2023 14:00,-1.965
2/22/2023 15:00,-1.963
2/22/2023 16:00,-1.963
2/22/2023 17:00,-1.955
2/22/2023 18:00,-1.957
2/22/2023 19:00,-1.975
2/22/2023 20:00,-1.978
2/22/2023 21:00,-1.989
2/22/2023 22:00,-1.996
2/22/2023 23:00,-1.992
2/23/2023 0:00,-2
2/23/2023 1:00,-1.992
2/23/2023 2:00,-1.992
2/23/2023 3:00,-1.996
2/23/2023 4:00,-2.008
2/23/2023 5:00,-2.023
2/23/2023 6:00,-2.016
2/23/2023 7:00,-2.024
2/23/2023 8:00,-2.055
2/23/2023 9:00,-2.076
2/23/2023 10:00,-2.079
2/23/2023 11:00,-2.083
2/23/2023 12:00,-2.098
2/23/2023 13:00,-2.074
2/23/2023 14:00,-2.057
2/23/2023 15:00,-2.044
2/23/2023 16:00,-2.002
2/23/2023 17:00,-1.955
2/23/2023 18:00,-1.926
2/23/2023 19:00,-1.923
2/23/2023 20:00,-1.919
2/23/2023 21:00,-1.928
2/23/2023 22:00,-1.935
2/23/2023 23:00,-1.956
2/24/2023 0:00,-1.975
2/24/2023 1:00,-1.995
2/24/2023 2:00,-2.005
2/24/2023 3:00,-2.015
2/24/2023 4:00,-2.023
2/24/2023 5:00,-2.039
2/24/2023 6:00,-2.036
2/24/2023 7:00,-2.031
2/24/2023 8:00,-2.04
2/24/2023 9:00,-2.043
2/24/2023 10:00,-2.052
2/24/2023 11:00,-2.075
2/24/2023 12:00,-2.14
2/24/2023 13:00,-2.234
2/24/2023 14:00,-2.22
2/24/2023 15:00,-2.19
2/24/2023 16:00,-2.051
2/24/2023 17:00,-1.979
2/24/2023 18:00,-1.934
2/24/2023 19:00,-1.914
2/24/2023 20:00,-1.906
2/24/2023 21:00,-1.905
2/24/2023 22:00,-1.928
2/24/2023 23:00,-1.952
2/25/2023 0:00,-1.972
2/25/2023 1:00,-1.996
2/25/2023 2:00,-2.006
2/25/2023 3:00,-2.019
2/25/2023 4:00,-2.016
2/25/2023 5:00,-2.026
2/25/2023 6:00,-2.04
2/25/2023 7:00,-2.053
2/25/2023 8:00,-2.069
2/25/2023 9:00,-2.079
2/25/2023 10:00,-2.093
2/25/2023 11:00,-2.116
2/25/2023 12:00,-2.145
2/25/2023 13:00,-2.118
2/25/2023 14:00,-2.087
2/25/2023 15:00,-2.056
2/25/2023 16:00,-1.987
2/25/2023 17:00,-1.922
2/25/2023 18:00,-1.888
2/25/2023 19:00,-1.885
2/25/2023 20:00,-1.91
2/25/2023 21:00,-1.942
2/25/2023 22:00,-1.959
2/25/2023 23:00,-1.976
2/26/2023 0:00,-1.985
2/26/2023 1:00,-1.993
2/26/2023 2:00,-1.999
2/26/2023 3:00,-2.017
2/26/2023 4:00,-2.031
2/26/2023 5:00,-2.041
2/26/2023 6:00,-2.042
2/26/2023 7:00,-2.058
2/26/2023 8:00,-2.064
2/26/2023 9:00,-2.076
2/26/2023 10:00,-2.072
2/26/2023 11:00,-2.061
2/26/2023 12:00,-2.067
2/26/2023 13:00,-2.092
2/26/2023 14:00,-2.093
2/26/2023 15:00,-2.046
2/26/2023 16:00,-1.995
2/26/2023 17:00,-1.952
2/26/2023 18:00,-1.929
2/26/2023 19:00,-1.931
2/26/2023 20:00,-1.935
2/26/2023 21:00,-1.94
2/26/2023 22:00,-1.953
2/26/2023 23:00,-1.965
2/27/2023 0:00,-1.985
2/27/2023 1:00,-1.993
2/27/2023 2:00,-2.005
2/27/2023 3:00,-2.015
2/27/2023 4:00,-2.017
2/27/2023 5:00,-2.02
2/27/2023 6:00,-2.018
2/27/2023 7:00,-2.025
2/27/2023 8:00,-2.035
2/27/2023 9:00,-2.046
2/27/2023 10:00,-2.025
2/27/2023 11:00,-2.025
2/27/2023 12:00,-2.024
2/27/2023 13:00,-2.019
2/27/2023 14:00,-2.013
2/27/2023 15:00,-2.001
2/27/2023 16:00,-1.992
2/27/2023 17:00,-1.992
2/27/2023 18:00,-1.986
2/27/2023 19:00,-1.99
2/27/2023 20:00,-1.985
2/27/2023 21:00,-1.994
2/27/2023 22:00,-1.998
2/27/2023 23:00,-2.011
2/28/2023 0:00,-2.016
2/28/2023 1:00,-2.033
2/28/2023 2:00,-2.038
2/28/2023 3:00,-2.051
2/28/2023 4:00,-2.05
2/28/2023 5:00,-2.049
2/28/2023 6:00,-2.044
2/28/2023 7:00,-2.052
2/28/2023 8:00,-2.056
2/28/2023 9:00,-2.044
2/28/2023 10:00,-2.045
2/28/2023 11:00,-2.035
2/28/2023 12:00,-2.032
2/28/2023 13:00,-2.036
2/28/2023 14:00,-2.039
2/28/2023 15:00,-2.024
2/28/2023 16:00,-2.021
2/28/2023 17:00,-2.014
2/28/2023 18:00,-2.025
2/28/2023 19:00,-2.029
2/28/2023 20:00,-2.027
2/28/2023 21:00,-2.048
2/28/2023 22:00,-2.058
2/28/2023 23:00,-2.068
3/1/2023 0:00,-2.079
3/1/2023 1:00,-2.089
3/1/2023 2:00,-2.097
3/1/2023 3:00,-2.098
3/1/2023 4:00,-2.119
3/1/2023 5:00,-2.158
3/1/2023 6:00,-2.223
3/1/2023 7:00,-2.215
3/1/2023 8:00,-2.236
3/1/2023 9:00,-2.282
3/1/2023 10:00,-2.32
3/1/2023 11:00,-2.33
3/1/2023 12:00,-2.328
3/1/2023 13:00,-2.327
3/1/2023 14:00,-2.296
3/1/2023 15:00,-2.221
3/1/2023 16:00,-2.091
3/1/2023 17:00,-1.987
3/1/2023 18:00,-1.948
3/1/2023 19:00,-1.918
3/1/2023 20:00,-1.917
3/1/2023 21:00,-1.937
3/1/2023 22:00,-1.977
3/1/2023 23:00,-2.014
3/2/2023 0:00,-2.053
3/2/2023 1:00,-2.066
3/2/2023 2:00,-2.071
3/2/2023 3:00,-2.071
3/2/2023 4:00,-2.075
3/2/2023 5:00,-2.071
3/2/2023 6:00,-2.074
3/2/2023 7:00,-2.072
3/2/2023 8:00,-2.07
3/2/2023 9:00,-2.075
3/2/2023 10:00,-2.072
3/2/2023 11:00,-2.065
3/2/2023 12:00,-2.063
3/2/2023 13:00,-2.049
3/2/2023 14:00,-2.039
3/2/2023 15:00,-2.03
3/2/2023 16:00,-2.018
3/2/2023 17:00,-1.995
3/2/2023 18:00,-1.98
3/2/2023 19:00,-1.989
3/2/2023 20:00,-1.984
3/2/2023 21:00,-1.996
3/2/2023 22:00,-2.002
3/2/2023 23:00,-2.005
3/3/2023 0:00,-2.022
3/3/2023 1:00,-2.033
3/3/2023 2:00,-2.043
3/3/2023 3:00,-2.051
3/3/2023 4:00,-2.084
3/3/2023 5:00,-2.086
3/3/2023 6:00,-2.098
3/3/2023 7:00,-2.101
3/3/2023 8:00,-2.108
3/3/2023 9:00,-2.095
3/3/2023 10:00,-2.083
3/3/2023 11:00,-2.092
3/3/2023 12:00,-2.107
3/3/2023 13:00,-2.134
3/3/2023 14:00,-2.129
3/3/2023 15:00,-2.08
3/3/2023 16:00,-2.015
3/3/2023 17:00,-1.966
3/3/2023 18:00,-1.95
3/3/2023 19:00,-1.944
3/3/2023 20:00,-1.96
3/3/2023 21:00,-1.998
3/3/2023 22:00,-2.035
3/3/2023 23:00,-2.033
3/4/2023 0:00,-2.049
3/4/2023 1:00,-2.062
3/4/2023 2:00,-2.069
3/4/2023 3:00,-2.075
3/4/2023 4:00,-2.088
3/4/2023 5:00,-2.097
3/4/2023 6:00,-2.12
3/4/2023 7:00,-2.129
3/4/2023 8:00,-2.136
3/4/2023 9:00,-2.136
3/4/2023 10:00,-2.153
3/4/2023 11:00,-2.192
3/4/2023 12:00,-2.261
3/4/2023 13:00,-2.269
3/4/2023 14:00,-2.23
3/4/2023 15:00,-2.123
3/4/2023 16:00,-2.018
3/4/2023 17:00,-1.968
3/4/2023 18:00,-1.955
3/4/2023 19:00,-1.948
3/4/2023 20:00,-1.97
3/4/2023 21:00,-2
3/4/2023 22:00,-2.024
3/4/2023 23:00,-2.031
3/5/2023 0:00,-2.046
3/5/2023 1:00,-2.044
3/5/2023 2:00,-2.057
3/5/2023 3:00,-2.057
3/5/2023 4:00,-2.062
3/5/2023 5:00,-2.07
3/5/2023 6:00,-2.065
3/5/2023 7:00,-2.074
3/5/2023 8:00,-2.073
3/5/2023 9:00,-2.075
3/5/2023 10:00,-2.073
3/5/2023 11:00,-2.078
3/5/2023 12:00,-2.069
3/5/2023 13:00,-2.071
3/5/2023 14:00,-2.055
3/5/2023 15:00,-2.046
3/5/2023 16:00,-2.043
3/5/2023 17:00,-2.033
3/5/2023 18:00,-2.037
3/5/2023 19:00,-2.037
3/5/2023 20:00,-2.036
3/5/2023 21:00,-2.042
3/5/2023 22:00,-2.033
3/5/2023 23:00,-2.049
3/6/2023 0:00,-2.054
3/6/2023 1:00,-2.06
3/6/2023 2:00,-2.066
3/6/2023 3:00,-2.078
3/6/2023 4:00,-2.078
3/6/2023 5:00,-2.082
3/6/2023 6:00,-2.085
3/6/2023 7:00,-2.085
3/6/2023 8:00,-2.084
3/6/2023 9:00,-2.091
3/6/2023 10:00,-2.102
3/6/2023 11:00,-2.104
3/6/2023 12:00,-2.098
3/6/2023 13:00,-2.085
3/6/2023 14:00,-2.062
3/6/2023 15:00,-2.041
3/6/2023 16:00,-2.029
3/6/2023 17:00,-2.023
3/6/2023 18:00,-2.017
3/6/2023 19:00,-2.02
3/6/2023 20:00,-2.02
3/6/2023 21:00,-2.032
3/6/2023 22:00,-2.071
3/6/2023 23:00,-2.091
3/7/2023 0:00,-2.1
3/7/2023 1:00,-2.105
3/7/2023 2:00,-2.124
3/7/2023 3:00,-2.151
3/7/2023 4:00,-2.177
3/7/2023 5:00,-2.218
3/7/2023 6:00,-2.257
3/7/2023 7:00,-2.277
3/7/2023 8:00,-2.269
3/7/2023 9:00,-2.247
3/7/2023 10:00,-2.239
3/7/2023 11:00,-2.236
3/7/2023 12:00,-2.25
3/7/2023 13:00,-2.235
3/7/2023 14:00,-2.181
3/7/2023 15:00,-2.051
3/7/2023 16:00,-1.979
3/7/2023 17:00,-1.951
3/7/2023 18:00,-1.949
3/7/2023 19:00,-1.977
3/7/2023 20:00,-2.005
3/7/2023 21:00,-2.041
3/7/2023 22:00,-2.086
3/7/2023 23:00,-2.082
3/8/2023 0:00,-2.117
3/8/2023 1:00,-2.146
3/8/2023 2:00,-2.175
3/8/2023 3:00,-2.216
3/8/2023 4:00,-2.268
3/8/2023 5:00,-2.268
3/8/2023 6:00,-2.263
3/8/2023 7:00,-2.261
3/8/2023 8:00,-2.258
3/8/2023 9:00,-2.264
3/8/2023 10:00,-2.273
3/8/2023 11:00,-2.277
3/8/2023 12:00,-2.303
3/8/2023 13:00,-2.296
3/8/2023 14:00,-2.203
3/8/2023 15:00,-2.065
3/8/2023 16:00,-1.991
3/8/2023 17:00,-1.977
3/8/2023 18:00,-1.962
3/8/2023 19:00,-1.984
3/8/2023 20:00,-2.009
3/8/2023 21:00,-2.056
3/8/2023 22:00,-2.066
3/8/2023 23:00,-2.077
3/9/2023 0:00,-2.112
3/9/2023 1:00,-2.116
3/9/2023 2:00,-2.114
3/9/2023 3:00,-2.128
3/9/2023 4:00,-2.134
3/9/2023 5:00,-2.145
3/9/2023 6:00,-2.148
3/9/2023 7:00,-2.151
3/9/2023 8:00,-2.154
3/9/2023 9:00,-2.163
3/9/2023 10:00,-2.182
3/9/2023 11:00,-2.197
3/9/2023 12:00,-2.182
3/9/2023 13:00,-2.141
3/9/2023 14:00,-2.085
3/9/2023 15:00,-2.045
3/9/2023 16:00,-2.053
3/9/2023 17:00,-2.06
3/9/2023 18:00,-2.061
3/9/2023 19:00,-2.061
3/9/2023 20:00,-2.074
3/9/2023 21:00,-2.075
3/9/2023 22:00,-2.08
3/9/2023 23:00,-2.089
3/10/2023 0:00,-2.107
3/10/2023 1:00,-2.15
3/10/2023 2:00,-2.191
3/10/2023 3:00,-2.221
3/10/2023 4:00,-2.237
3/10/2023 5:00,-2.242
3/10/2023 6:00,-2.227
3/10/2023 7:00,-2.203
3/10/2023 8:00,-2.172
3/10/2023 9:00,-2.159
3/10/2023 10:00,-2.14
3/10/2023 11:00,-2.135
3/10/2023 12:00,-2.12
3/10/2023 13:00,-2.108
3/10/2023 14:00,-2.086
3/10/2023 15:00,-2.058
3/10/2023 16:00,-2.022
3/10/2023 17:00,-2.011
3/10/2023 18:00,-2.005
3/10/2023 19:00,-2.031
3/10/2023 20:00,-2.059
3/10/2023 21:00,-2.067
3/10/2023 22:00,-2.096
3/10/2023 23:00,-2.11
3/11/2023 0:00,-2.15
3/11/2023 1:00,-2.143
3/11/2023 2:00,-2.125
3/11/2023 3:00,-2.127
3/11/2023 4:00,-2.125
3/11/2023 5:00,-2.126
3/11/2023 6:00,-2.139
3/11/2023 7:00,-2.134
3/11/2023 8:00,-2.137
3/11/2023 9:00,-2.139
3/11/2023 10:00,-2.129
3/11/2023 11:00,-2.129
3/11/2023 12:00,-2.122
3/11/2023 13:00,-2.109
3/11/2023 14:00,-2.089
3/11/2023 15:00,-2.086
3/11/2023 16:00,-2.086
3/11/2023 17:00,-2.083
3/11/2023 18:00,-2.068
3/11/2023 19:00,-2.065
3/11/2023 20:00,-2.056
3/11/2023 21:00,-2.058
3/11/2023 22:00,-2.061
3/11/2023 23:00,-2.072
3/12/2023 0:00,-2.096
3/12/2023 1:00,-2.117
3/12/2023 2:00,-2.144
3/12/2023 3:00,-2.16
3/12/2023 4:00,-2.161
3/12/2023 5:00,-2.158
3/12/2023 6:00,-2.174
3/12/2023 7:00,-2.187
3/12/2023 8:00,-2.196
3/12/2023 9:00,-2.199
3/12/2023 10:00,-2.194
3/12/2023 11:00,-2.197
3/12/2023 12:00,-2.196
3/12/2023 13:00,-2.172
3/12/2023 14:00,-2.124
3/12/2023 15:00,-2.07
3/12/2023 16:00,-2.026
3/12/2023 17:00,-2.025
3/12/2023 18:00,-2.053
3/12/2023 19:00,-2.057
3/12/2023 20:00,-2.072
3/12/2023 21:00,-2.063
3/12/2023 22:00,-2.066
3/12/2023 23:00,-2.072
3/13/2023 0:00,-2.075
3/13/2023 1:00,-2.085
3/13/2023 2:00,-2.1
3/13/2023 3:00,-2.126
3/13/2023 4:00,-2.146
3/13/2023 5:00,-2.158
3/13/2023 6:00,-2.174
3/13/2023 7:00,-2.177
3/13/2023 8:00,-2.178
3/13/2023 9:00,-2.187
3/13/2023 10:00,-2.185
3/13/2023 11:00,-2.177
3/13/2023 12:00,-2.154
3/13/2023 13:00,-2.116
3/13/2023 14:00,-2.078
3/13/2023 15:00,-2.076
3/13/2023 16:00,-2.075
3/13/2023 17:00,-2.051
3/13/2023 18:00,-2.051
3/13/2023 19:00,-2.038
3/13/2023 20:00,-2.031
3/13/2023 21:00,-2.04
3/13/2023 22:00,-2.048
3/13/2023 23:00,-2.07
3/14/2023 0:00,-2.074
3/14/2023 1:00,-2.086
3/14/2023 2:00,-2.116
3/14/2023 3:00,-2.104
3/14/2023 4:00,-2.107
3/14/2023 5:00,-2.123
3/14/2023 6:00,-2.218
3/14/2023 7:00,-2.258
3/14/2023 8:00,-2.253
3/14/2023 9:00,-2.256
3/14/2023 10:00,-2.245
3/14/2023 11:00,-2.21
3/14/2023 12:00,-2.143
3/14/2023 13:00,-2.07
3/14/2023 14:00,-2.03
3/14/2023 15:00,-2.023
3/14/2023 16:00,-2.027
3/14/2023 17:00,-2.031
3/14/2023 18:00,-2.033
3/14/2023 19:00,-2.04
3/14/2023 20:00,-2.03
3/14/2023 21:00,-2.032
3/14/2023 22:00,-2.052
3/14/2023 23:00,-2.068
3/15/2023 0:00,-2.09
3/15/2023 1:00,-2.112
3/15/2023 2:00,-2.111
3/15/2023 3:00,-2.127
3/15/2023 4:00,-2.132
3/15/2023 5:00,-2.141
3/15/2023 6:00,-2.145
3/15/2023 7:00,-2.152
3/15/2023 8:00,-2.138
3/15/2023 9:00,-2.168
3/15/2023 10:00,-2.142
3/15/2023 11:00,-2.12
3/15/2023 12:00,-2.097
3/15/2023 13:00,-2.081
3/15/2023 14:00,-2.076
3/15/2023 15:00,-2.037
3/15/2023 16:00,-2.043
3/15/2023 17:00,-2.026
3/15/2023 18:00,-2.039
3/15/2023 19:00,-2.004
3/15/2023 20:00,-2.037
3/15/2023 21:00,-2.036
3/15/2023 22:00,-2.042
3/15/2023 23:00,-2.042
3/16/2023 0:00,-2.033
3/16/2023 1:00,-2.042
3/16/2023 2:00,-2.059
3/16/2023 3:00,-2.065
3/16/2023 4:00,-2.071
3/16/2023 5:00,-2.088
3/16/2023 6:00,-2.095
3/16/2023 7:00,-2.115
3/16/2023 8:00,-2.122
3/16/2023 9:00,-2.14
3/16/2023 10:00,-2.14
3/16/2023 11:00,-2.129
3/16/2023 12:00,-2.086
3/16/2023 13:00,-2.055
3/16/2023 14:00,-2.06
3/16/2023 15:00,-2.068
3/16/2023 16:00,-2.086
3/16/2023 17:00,-2.095
3/16/2023 18:00,-2.072
3/16/2023 19:00,-2.078
3/16/2023 20:00,-2.113
3/16/2023 21:00,-2.122
3/16/2023 22:00,-2.163
3/16/2023 23:00,-2.213
3/17/2023 0:00,-2.24
3/17/2023 1:00,-2.264
3/17/2023 2:00,-2.309
3/17/2023 3:00,-2.333
3/17/2023 4:00,-2.401
3/17/2023 5:00,-2.489
3/17/2023 6:00,-2.513
3/17/2023 7:00,-2.504
3/17/2023 8:00,-2.485
3/17/2023 9:00,-2.478
3/17/2023 10:00,-2.448
3/17/2023 11:00,-2.372
3/17/2023 12:00,-2.16
3/17/2023 13:00,-2.11
3/17/2023 14:00,-2.056
3/17/2023 15:00,-2.002
3/17/2023 16:00,-1.974
3/17/2023 17:00,-2.015
3/17/2023 18:00,-2.054
3/17/2023 19:00,-2.067
3/17/2023 20:00,-2.121
3/17/2023 21:00,-2.161
3/17/2023 22:00,-2.207
3/17/2023 23:00,-2.336
3/18/2023 0:00,-2.367
3/18/2023 1:00,-2.399
3/18/2023 2:00,-2.565
3/18/2023 3:00,-2.61
3/18/2023 4:00,-2.646
3/18/2023 5:00,-2.601
3/18/2023 6:00,-2.629
3/18/2023 7:00,-2.619
3/18/2023 8:00,-2.7
3/18/2023 9:00,-2.765
3/18/2023 10:00,-2.78
3/18/2023 11:00,-2.744
3/18/2023 12:00,-2.443
3/18/2023 13:00,-2.231
3/18/2023 14:00,-2.139
3/18/2023 15:00,-2.046
3/18/2023 16:00,-2.013
3/18/2023 17:00,-2.029
3/18/2023 18:00,-2.061
3/18/2023 19:00,-2.112
3/18/2023 20:00,-2.147
3/18/2023 21:00,-2.181
3/18/2023 22:00,-2.214
3/18/2023 23:00,-2.244
3/19/2023 0:00,-2.271
3/19/2023 1:00,-2.305
3/19/2023 2:00,-2.381
3/19/2023 3:00,-2.437
3/19/2023 4:00,-2.509
3/19/2023 5:00,-2.556
3/19/2023 6:00,-2.58
3/19/2023 7:00,-2.563
3/19/2023 8:00,-2.522
3/19/2023 9:00,-2.529
3/19/2023 10:00,-2.602
3/19/2023 11:00,-2.471
3/19/2023 12:00,-2.144
3/19/2023 13:00,-2.049
3/19/2023 14:00,-1.998
3/19/2023 15:00,-1.903
3/19/2023 16:00,-1.884
3/19/2023 17:00,-1.919
3/19/2023 18:00,-1.967
3/19/2023 19:00,-2.002
3/19/2023 20:00,-2.058
3/19/2023 21:00,-2.077
3/19/2023 22:00,-2.099
3/19/2023 23:00,-2.121
3/20/2023 0:00,-2.132
3/20/2023 1:00,-2.139
3/20/2023 2:00,-2.144
3/20/2023 3:00,-2.163
3/20/2023 4:00,-2.201
3/20/2023 5:00,-2.258
3/20/2023 6:00,-2.299
3/20/2023 7:00,-2.342
3/20/2023 8:00,-2.389
3/20/2023 9:00,-2.43
3/20/2023 10:00,-2.387
3/20/2023 11:00,-2.108
3/20/2023 12:00,-2.03
3/20/2023 13:00,-2.076
3/20/2023 14:00,-2.077
3/20/2023 15:00,-2.123
3/20/2023 16:00,-2.126
3/20/2023 17:00,-2.142
3/20/2023 18:00,-2.148
3/20/2023 19:00,-2.159
3/20/2023 20:00,-2.15
3/20/2023 21:00,-2.156
3/20/2023 22:00,-2.168
3/20/2023 23:00,-2.171
3/21/2023 0:00,-2.17
3/21/2023 1:00,-2.166
3/21/2023 2:00,-2.166
3/21/2023 3:00,-2.168
3/21/2023 4:00,-2.175
3/21/2023 5:00,-2.174
3/21/2023 6:00,-2.183
3/21/2023 7:00,-2.199
3/21/2023 8:00,-2.218
3/21/2023 9:00,-2.219
3/21/2023 10:00,-2.212
3/21/2023 11:00,-2.179
3/21/2023 12:00,-2.138
3/21/2023 13:00,-2.139
3/21/2023 14:00,-2.124
3/21/2023 15:00,-2.143
3/21/2023 16:00,-2.145
3/21/2023 17:00,-2.137
3/21/2023 18:00,-2.154
3/21/2023 19:00,-2.158
3/21/2023 20:00,-2.164
3/21/2023 21:00,-2.134
3/21/2023 22:00,-2.158
3/21/2023 23:00,-2.157
3/22/2023 0:00,-2.18
3/22/2023 1:00,-2.155
3/22/2023 2:00,-2.187
3/22/2023 3:00,-2.157
3/22/2023 4:00,-2.159
3/22/2023 5:00,-2.174
3/22/2023 6:00,-2.178
3/22/2023 7:00,-2.184
3/22/2023 8:00,-2.156
3/22/2023 9:00,-2.166
3/22/2023 10:00,-2.157
3/22/2023 11:00,-2.157
3/22/2023 12:00,-2.035
3/22/2023 13:00,-1.999
3/22/2023 14:00,-1.964
3/22/2023 15:00,-1.942
3/22/2023 16:00,-1.935
3/22/2023 17:00,-1.934
3/22/2023 18:00,-1.936
3/22/2023 19:00,-1.928
3/22/2023 20:00,-1.952
3/22/2023 21:00,-1.958
3/22/2023 22:00,-1.98
3/22/2023 23:00,-1.99
3/23/2023 0:00,-2.005
3/23/2023 1:00,-2.035
3/23/2023 2:00,-2.095
3/23/2023 3:00,-2.138
3/23/2023 4:00,-2.157
3/23/2023 5:00,-2.188
3/23/2023 6:00,-2.168
3/23/2023 7:00,-2.15
3/23/2023 8:00,-2.124
3/23/2023 9:00,-2.099
3/23/2023 10:00,-2.08
3/23/2023 11:00,-1.96
3/23/2023 12:00,-1.893
3/23/2023 13:00,-1.835
3/23/2023 14:00,-1.843
3/23/2023 15:00,-1.898
3/23/2023 16:00,-1.911
3/23/2023 17:00,-1.916
3/23/2023 18:00,-1.928
3/23/2023 19:00,-1.929
3/23/2023 20:00,-1.972
3/23/2023 21:00,-2.003
3/23/2023 22:00,-2.012
3/23/2023 23:00,-2.04
3/24/2023 0:00,-2.053
3/24/2023 1:00,-2.067
3/24/2023 2:00,-2.093
3/24/2023 3:00,-2.104
3/24/2023 4:00,-2.124
3/24/2023 5:00,-2.074
3/24/2023 6:00,-2.07
3/24/2023 7:00,-2.072
3/24/2023 8:00,-2.072
3/24/2023 9:00,-2.071
3/24/2023 10:00,-2.067
3/24/2023 11:00,-2.018
3/24/2023 12:00,-1.973
3/24/2023 13:00,-1.95
3/24/2023 14:00,-1.963
3/24/2023 15:00,-1.967
3/24/2023 16:00,-1.995
3/24/2023 17:00,-2.008
3/24/2023 18:00,-2.04
3/24/2023 19:00,-2.071
3/24/2023 20:00,-2.105
3/24/2023 21:00,-2.157
3/24/2023 22:00,-2.188
3/24/2023 23:00,-2.24
3/25/2023 0:00,-2.301
3/25/2023 1:00,-2.255
3/25/2023 2:00,-2.261
3/25/2023 3:00,-2.284
3/25/2023 4:00,-2.311
3/25/2023 5:00,-2.331
3/25/2023 6:00,-2.379
3/25/2023 7:00,-2.414
3/25/2023 8:00,-2.398
3/25/2023 9:00,-2.345
3/25/2023 10:00,-2.266
3/25/2023 11:00,-2.264
3/25/2023 12:00,-2.213
3/25/2023 13:00,-2.189
3/25/2023 14:00,-2.205
3/25/2023 15:00,-2.276
3/25/2023 16:00,-2.374
3/25/2023 17:00,-2.405
3/25/2023 18:00,-2.501
3/25/2023 19:00,-2.556
3/25/2023 20:00,-2.622
3/25/2023 21:00,-2.694
3/25/2023 22:00,-2.736
3/25/2023 23:00,-2.785
3/26/2023 0:00,-2.796
3/26/2023 1:00,-2.835
3/26/2023 2:00,-2.908
3/26/2023 3:00,-2.9
3/26/2023 4:00,-2.956
3/26/2023 5:00,-2.84
3/26/2023 6:00,-2.648
3/26/2023 7:00,-2.391
3/26/2023 8:00,-2.475
3/26/2023 9:00,-2.352
3/26/2023 10:00,-2.175
3/26/2023 11:00,-2.035
3/26/2023 12:00,-1.988
3/26/2023 13:00,-1.894
3/26/2023 14:00,-1.901
3/26/2023 15:00,-2.083
3/26/2023 16:00,-2.452
3/26/2023 17:00,-2.613
3/26/2023 18:00,-2.808
3/26/2023 19:00,-3.005
3/26/2023 20:00,-3.144
3/26/2023 21:00,-3.289
3/26/2023 22:00,-3.388
3/26/2023 23:00,-3.474
3/27/2023 0:00,-3.518
3/27/2023 1:00,-3.569
3/27/2023 2:00,-3.593
3/27/2023 3:00,-3.603
3/27/2023 4:00,-3.625
3/27/2023 5:00,-3.433
3/27/2023 6:00,-3.243
3/27/2023 7:00,-3.079
3/27/2023 8:00,-2.982
3/27/2023 9:00,-2.891
3/27/2023 10:00,-2.597
3/27/2023 11:00,-2.558
3/27/2023 12:00,-2.584
3/27/2023 13:00,-2.798
3/27/2023 14:00,-3.142
3/27/2023 15:00,-3.392
3/27/2023 16:00,-3.67
3/27/2023 17:00,-3.779
3/27/2023 18:00,-3.872
3/27/2023 19:00,-3.911
3/27/2023 20:00,-3.955
3/27/2023 21:00,-3.984
3/27/2023 22:00,-4.04
3/27/2023 23:00,-4.078
3/28/2023 0:00,-4.113
3/28/2023 1:00,-4.061
3/28/2023 2:00,-4.032
3/28/2023 3:00,-3.755
3/28/2023 4:00,-3.057
3/28/2023 5:00,-2.807
3/28/2023 6:00,-2.455
3/28/2023 7:00,-2.09
3/28/2023 8:00,-1.939
3/28/2023 9:00,-2.577
3/28/2023 10:00,-2.37
3/28/2023 11:00,-2.272
3/28/2023 12:00,-2.022
3/28/2023 13:00,-2.077
3/28/2023 14:00,-2.189
3/28/2023 15:00,-2.287
3/28/2023 16:00,-2.708
3/28/2023 17:00,-3.097
3/28/2023 18:00,-3.372
3/28/2023 19:00,-3.683
3/28/2023 20:00,-3.941
3/28/2023 21:00,-4.037
3/28/2023 22:00,-4.081
3/28/2023 23:00,-4.116
3/29/2023 0:00,-4.131
3/29/2023 1:00,3.854
3/29/2023 2:00,28.517
3/29/2023 3:00,35.149
3/29/2023 4:00,36.216
3/29/2023 5:00,35.922
3/29/2023 6:00,35.301
3/29/2023 7:00,34.896
3/29/2023 8:00,36.245
3/29/2023 9:00,30.567
3/29/2023 10:00,29.466
3/29/2023 11:00,28.546
3/29/2023 12:00,20.527
3/29/2023 13:00,-4.039
3/29/2023 14:00,-4.14
3/29/2023 15:00,-4.149
3/29/2023 16:00,-4.169
3/29/2023 17:00,-4.172
3/29/2023 18:00,-4.175
3/29/2023 19:00,-4.179
3/29/2023 20:00,-4.179
3/29/2023 21:00,-4.201
3/29/2023 22:00,-4.193
3/29/2023 23:00,-4.195
3/30/2023 0:00,-4.197
3/30/2023 1:00,-3.735
3/30/2023 2:00,37.077
3/30/2023 3:00,37.073
3/30/2023 4:00,37.069
3/30/2023 5:00,37.07
3/30/2023 6:00,37.057
3/30/2023 7:00,37.056
3/30/2023 8:00,37.102
3/30/2023 9:00,36.864
3/30/2023 10:00,1.44
3/30/2023 11:00,0.987
3/30/2023 12:00,0.766
3/30/2023 13:00,0.611
3/30/2023 14:00,0.503
3/30/2023 15:00,0.466
3/30/2023 16:00,0.422
3/30/2023 17:00,0.462
3/30/2023 18:00,0.465
3/30/2023 19:00,0.467
3/30/2023 20:00,0.446
3/30/2023 21:00,0.439
3/30/2023 22:00,0.424
3/30/2023 23:00,1.401
3/31/2023 0:00,-0.65
3/31/2023 1:00,-0.932
3/31/2023 2:00,-1.514
3/31/2023 3:00,-1.728
3/31/2023 4:00,-2.153
3/31/2023 5:00,-2.742
3/31/2023 6:00,-3.061
3/31/2023 7:00,-3.832
3/31/2023 8:00,-2.707
3/31/2023 9:00,-0.578
3/31/2023 10:00,-0.949
3/31/2023 11:00,-0.608
3/31/2023 12:00,-0.557
3/31/2023 13:00,0.143
3/31/2023 14:00,3.496
3/31/2023 15:00,1.967
3/31/2023 16:00,0.627
3/31/2023 17:00,0.464
3/31/2023 18:00,0.472
3/31/2023 19:00,0.615
3/31/2023 20:00,0.779
3/31/2023 21:00,-1.58
3/31/2023 22:00,-2.638
3/31/2023 23:00,-2.909
4/1/2023 0:00,-3.174
4/1/2023 1:00,-3.138
4/1/2023 2:00,-3.322
4/1/2023 3:00,-3.712
4/1/2023 4:00,-4.173
4/1/2023 5:00,-4.548
4/1/2023 6:00,-4.027
4/1/2023 7:00,-4.703
4/1/2023 8:00,-2.839
4/1/2023 9:00,0.908
4/1/2023 10:00,0.468
4/1/2023 11:00,0.477
4/1/2023 12:00,0.463
4/1/2023 13:00,0.434
4/1/2023 14:00,0.404
4/1/2023 15:00,0.421
4/1/2023 16:00,0.403
4/1/2023 17:00,0.384
4/1/2023 18:00,0.429
4/1/2023 19:00,0.448
4/1/2023 20:00,0.461
4/1/2023 21:00,0.494
4/1/2023 22:00,0.511
4/1/2023 23:00,0.512
4/2/2023 0:00,0.501
4/2/2023 1:00,0.502
4/2/2023 2:00,0.494
4/2/2023 3:00,0.487
4/2/2023 4:00,0.484
4/2/2023 5:00,0.489
4/2/2023 6:00,0.493
4/2/2023 7:00,0.487
4/2/2023 8:00,0.491
4/2/2023 9:00,0.444
4/2/2023 10:00,0.432
4/2/2023 11:00,0.405
4/2/2023 12:00,0.407
4/2/2023 13:00,0.387
4/2/2023 14:00,0.376
4/2/2023 15:00,0.369
4/2/2023 16:00,0.355
4/2/2023 17:00,0.348
4/2/2023 18:00,0.378
4/2/2023 19:00,0.393
4/2/2023 20:00,0.406
4/2/2023 21:00,0.428
4/2/2023 22:00,0.445
4/2/2023 23:00,0.454
4/3/2023 0:00,0.439
4/3/2023 1:00,0.461
4/3/2023 2:00,0.703
4/3/2023 3:00,0.977
4/3/2023 4:00,1.025
4/3/2023 5:00,1.024
4/3/2023 6:00,1.037
4/3/2023 7:00,1.045
4/3/2023 8:00,0.927
4/3/2023 9:00,0.442
4/3/2023 10:00,0.327
4/3/2023 11:00,0.201
4/3/2023 12:00,0.217
4/3/2023 13:00,0.195
4/3/2023 14:00,0.165
4/3/2023 15:00,0.128
4/3/2023 16:00,0.144
4/3/2023 17:00,0.156
4/3/2023 18:00,0.199
4/3/2023 19:00,0.228
4/3/2023 20:00,0.254
4/3/2023 21:00,0.263
4/3/2023 22:00,0.279
4/3/2023 23:00,0.28
4/4/2023 0:00,0.26
4/4/2023 1:00,0.274
4/4/2023 2:00,0.271
4/4/2023 3:00,0.26
4/4/2023 4:00,0.269
4/4/2023 5:00,0.256
4/4/2023 6:00,0.265
4/4/2023 7:00,0.268
4/4/2023 8:00,0.263
4/4/2023 9:00,0.258
4/4/2023 10:00,0.278
4/4/2023 11:00,0.285
4/4/2023 12:00,0.338
4/4/2023 13:00,0.313
4/4/2023 14:00,0.304
4/4/2023 15:00,0.294
4/4/2023 16:00,0.288
4/4/2023 17:00,0.301
4/4/2023 18:00,0.306
4/4/2023 19:00,0.313
4/4/2023 20:00,0.315
4/4/2023 21:00,0.323
4/4/2023 22:00,2.449
4/4/2023 23:00,2.618
4/5/2023 0:00,2.587
4/5/2023 1:00,2.527
4/5/2023 2:00,2.481
4/5/2023 3:00,2.437
4/5/2023 4:00,2.37
4/5/2023 5:00,2.12
4/5/2023 6:00,1.991
4/5/2023 7:00,1.984
4/5/2023 8:00,2.146
4/5/2023 9:00,2.081
4/5/2023 10:00,1.9
4/5/2023 11:00,0.697
4/5/2023 12:00,0.343
4/5/2023 13:00,0.351
4/5/2023 14:00,0.355
4/5/2023 15:00,0.353
4/5/2023 16:00,0.34
4/5/2023 17:00,0.333
4/5/2023 18:00,0.318
4/5/2023 19:00,0.385
4/5/2023 20:00,1.541
4/5/2023 21:00,1.178
4/5/2023 22:00,1.059
4/5/2023 23:00,0.921
4/6/2023 0:00,0.773
4/6/2023 1:00,0.564
4/6/2023 2:00,0.453
4/6/2023 3:00,0.416
4/6/2023 4:00,0.346
4/6/2023 5:00,0.371
4/6/2023 6:00,0.387
4/6/2023 7:00,0.382
4/6/2023 8:00,0.433
4/6/2023 9:00,0.714
4/6/2023 10:00,1.904
4/6/2023 11:00,1.136
4/6/2023 12:00,0.514
4/6/2023 13:00,0.346
4/6/2023 14:00,0.378
4/6/2023 15:00,0.319
4/6/2023 16:00,0.244
4/6/2023 17:00,0.259
4/6/2023 18:00,0.304
4/6/2023 19:00,0.332
4/6/2023 20:00,0.394
4/6/2023 21:00,0.405
4/6/2023 22:00,0.392
4/6/2023 23:00,0.289
4/7/2023 0:00,0.213
4/7/2023 1:00,0.143
4/7/2023 2:00,-0.05
4/7/2023 3:00,-0.154
4/7/2023 4:00,-0.208
4/7/2023 5:00,-0.282
4/7/2023 6:00,-0.281
4/7/2023 7:00,-0.311
4/7/2023 8:00,-0.182
4/7/2023 9:00,1.643
4/7/2023 10:00,0.483
4/7/2023 11:00,0.397
4/7/2023 12:00,0.358
4/7/2023 13:00,0.29
4/7/2023 14:00,0.181
4/7/2023 15:00,0.2
4/7/2023 16:00,0.133
4/7/2023 17:00,0.144
4/7/2023 18:00,0.173
4/7/2023 19:00,0.242
4/7/2023 20:00,0.282
4/7/2023 21:00,0.36
4/7/2023 22:00,0.362
4/7/2023 23:00,0.361
4/8/2023 0:00,0.319
4/8/2023 1:00,0.222
4/8/2023 2:00,0.175
4/8/2023 3:00,0.141
4/8/2023 4:00,0.125
4/8/2023 5:00,0.166
4/8/2023 6:00,0.126
4/8/2023 7:00,0.068
4/8/2023 8:00,0.231
4/8/2023 9:00,1.368
4/8/2023 10:00,0.346
4/8/2023 11:00,0.307
4/8/2023 12:00,0.209
4/8/2023 13:00,0.204
4/8/2023 14:00,0.239
4/8/2023 15:00,0.228
4/8/2023 16:00,0.247
4/8/2023 17:00,0.195
4/8/2023 18:00,0.215
4/8/2023 19:00,0.248
4/8/2023 20:00,0.262
4/8/2023 21:00,0.269
4/8/2023 22:00,0.267
4/8/2023 23:00,0.341
4/9/2023 0:00,0.341
4/9/2023 1:00,0.344
4/9/2023 2:00,0.533
4/9/2023 3:00,0.684
4/9/2023 4:00,0.619
4/9/2023 5:00,0.528
4/9/2023 6:00,0.474
4/9/2023 7:00,0.399
4/9/2023 8:00,0.668
4/9/2023 9:00,1.654
4/9/2023 10:00,0.346
4/9/2023 11:00,0.26
4/9/2023 12:00,0.059
4/9/2023 13:00,0.138
4/9/2023 14:00,0.16
4/9/2023 15:00,0.134
4/9/2023 16:00,0.121
4/9/2023 17:00,0.12
4/9/2023 18:00,0.164
4/9/2023 19:00,0.236
4/9/2023 20:00,0.279
4/9/2023 21:00,0.317
4/9/2023 22:00,0.334
4/9/2023 23:00,0.348
4/10/2023 0:00,0.361
4/10/2023 1:00,0.361
4/10/2023 2:00,0.362
4/10/2023 3:00,0.359
4/10/2023 4:00,0.368
4/10/2023 5:00,0.524
4/10/2023 6:00,0.593
4/10/2023 7:00,0.666
4/10/2023 8:00,1.068
4/10/2023 9:00,1.129
4/10/2023 10:00,0.126
4/10/2023 11:00,0.059
4/10/2023 12:00,0.098
4/10/2023 13:00,0.181
4/10/2023 14:00,0.154
4/10/2023 15:00,0.142
4/10/2023 16:00,0.117
4/10/2023 17:00,0.131
4/10/2023 18:00,0.144
4/10/2023 19:00,0.145
4/10/2023 20:00,0.151
4/10/2023 21:00,0.171
4/10/2023 22:00,0.191
4/10/2023 23:00,0.228
4/11/2023 0:00,0.234
4/11/2023 1:00,0.239
4/11/2023 2:00,0.254
4/11/2023 3:00,0.237
4/11/2023 4:00,0.246
4/11/2023 5:00,0.235
4/11/2023 6:00,0.227
4/11/2023 7:00,0.229
4/11/2023 8:00,0.225
4/11/2023 9:00,0.216
4/11/2023 10:00,0.208
4/11/2023 11:00,0.265
4/11/2023 12:00,0.295
4/11/2023 13:00,0.311
4/11/2023 14:00,0.287
4/11/2023 15:00,0.267
4/11/2023 16:00,0.255
4/11/2023 17:00,0.274
4/11/2023 18:00,0.305
4/11/2023 19:00,0.308
4/11/2023 20:00,0.345
4/11/2023 21:00,0.385
4/11/2023 22:00,0.423
4/11/2023 23:00,0.438
4/12/2023 0:00,0.426
4/12/2023 1:00,0.43
4/12/2023 2:00,0.425
4/12/2023 3:00,0.405
4/12/2023 4:00,0.402
4/12/2023 5:00,0.42
4/12/2023 6:00,0.429
4/12/2023 7:00,0.436
4/12/2023 8:00,0.432
4/12/2023 9:00,0.419
4/12/2023 10:00,0.406
4/12/2023 11:00,0.427
4/12/2023 12:00,0.438
4/12/2023 13:00,0.419
4/12/2023 14:00,0.378
4/12/2023 15:00,0.356
4/12/2023 16:00,0.349
4/12/2023 17:00,0.376
4/12/2023 18:00,0.412
4/12/2023 19:00,0.482
4/12/2023 20:00,0.524
4/12/2023 21:00,0.563
4/12/2023 22:00,0.579
4/12/2023 23:00,0.622
4/13/2023 0:00,0.641
4/13/2023 1:00,0.68
4/13/2023 2:00,0.715
4/13/2023 3:00,0.72
4/13/2023 4:00,0.739
4/13/2023 5:00,0.749
4/13/2023 6:00,0.747
4/13/2023 7:00,0.734
4/13/2023 8:00,0.723
4/13/2023 9:00,0.708
4/13/2023 10:00,0.687
4/13/2023 11:00,0.659
4/13/2023 12:00,0.626
4/13/2023 13:00,0.617
4/13/2023 14:00,0.594
4/13/2023 15:00,0.592
4/13/2023 16:00,0.578
4/13/2023 17:00,0.61
4/13/2023 18:00,0.64
4/13/2023 19:00,0.664
4/13/2023 20:00,0.697
4/13/2023 21:00,0.708
4/13/2023 22:00,0.728
4/13/2023 23:00,0.755
4/14/2023 0:00,0.772
4/14/2023 1:00,0.789
4/14/2023 2:00,0.787
4/14/2023 3:00,0.791
4/14/2023 4:00,0.792
4/14/2023 5:00,0.781
4/14/2023 6:00,0.776
4/14/2023 7:00,0.777
4/14/2023 8:00,0.762
4/14/2023 9:00,0.764
4/14/2023 10:00,0.739
4/14/2023 11:00,0.724
4/14/2023 12:00,0.717
4/14/2023 13:00,0.69
4/14/2023 14:00,0.672
4/14/2023 15:00,0.692
4/14/2023 16:00,0.678
4/14/2023 17:00,0.662
4/14/2023 18:00,0.666
4/14/2023 19:00,0.666
4/14/2023 20:00,0.667
4/14/2023 21:00,0.673
4/14/2023 22:00,0.684
4/14/2023 23:00,0.685
4/15/2023 0:00,0.666
4/15/2023 1:00,0.67
4/15/2023 2:00,0.652
4/15/2023 3:00,0.652
4/15/2023 4:00,0.641
4/15/2023 5:00,0.637
4/15/2023 6:00,0.601
4/15/2023 7:00,0.578
4/15/2023 8:00,0.543
4/15/2023 9:00,0.529
4/15/2023 10:00,0.489
4/15/2023 11:00,0.476
4/15/2023 12:00,0.468
4/15/2023 13:00,0.465
4/15/2023 14:00,0.451
4/15/2023 15:00,0.443
4/15/2023 16:00,0.442
4/15/2023 17:00,0.48
4/15/2023 18:00,0.497
4/15/2023 19:00,0.523
4/15/2023 20:00,0.528
4/15/2023 21:00,0.556
4/15/2023 22:00,0.57
4/15/2023 23:00,0.572
4/16/2023 0:00,0.58
4/16/2023 1:00,0.577
4/16/2023 2:00,0.569
4/16/2023 3:00,0.538
4/16/2023 4:00,0.523
4/16/2023 5:00,0.494
4/16/2023 6:00,0.469
4/16/2023 7:00,0.444
4/16/2023 8:00,0.439
4/16/2023 9:00,0.475
4/16/2023 10:00,0.424
4/16/2023 11:00,0.37
4/16/2023 12:00,0.35
4/16/2023 13:00,0.345
4/16/2023 14:00,0.352
4/16/2023 15:00,0.322
4/16/2023 16:00,0.324
4/16/2023 17:00,0.356
4/16/2023 18:00,0.413
4/16/2023 19:00,0.467
4/16/2023 20:00,0.502
4/16/2023 21:00,0.536
4/16/2023 22:00,0.555
4/16/2023 23:00,0.592
4/17/2023 0:00,0.633
4/17/2023 1:00,0.66
4/17/2023 2:00,0.671
4/17/2023 3:00,0.665
4/17/2023 4:00,0.68
4/17/2023 5:00,0.662
4/17/2023 6:00,0.627
4/17/2023 7:00,0.599
4/17/2023 8:00,0.557
4/17/2023 9:00,0.512
4/17/2023 10:00,0.469
4/17/2023 11:00,0.455
4/17/2023 12:00,0.414
4/17/2023 13:00,0.373
4/17/2023 14:00,0.352
4/17/2023 15:00,0.352
4/17/2023 16:00,0.385
4/17/2023 17:00,0.428
4/17/2023 18:00,0.477
4/17/2023 19:00,0.525
4/17/2023 20:00,0.57
4/17/2023 21:00,0.62
4/17/2023 22:00,0.674
4/17/2023 23:00,0.715
4/18/2023 0:00,0.748
4/18/2023 1:00,0.766
4/18/2023 2:00,0.796
4/18/2023 3:00,0.805
4/18/2023 4:00,0.818
4/18/2023 5:00,0.825
4/18/2023 6:00,0.823
4/18/2023 7:00,0.826
4/18/2023 8:00,0.842
4/18/2023 9:00,0.822
4/18/2023 10:00,0.857
4/18/2023 11:00,0.762
4/18/2023 12:00,0.725
4/18/2023 13:00,0.695
4/18/2023 14:00,0.656
4/18/2023 15:00,0.622
4/18/2023 16:00,0.65
4/18/2023 17:00,0.68
4/18/2023 18:00,0.707
4/18/2023 19:00,0.729
4/18/2023 20:00,0.762
4/18/2023 21:00,0.799
4/18/2023 22:00,0.837
4/18/2023 23:00,0.863
4/19/2023 0:00,0.892
4/19/2023 1:00,0.921
4/19/2023 2:00,0.941
4/19/2023 3:00,0.958
4/19/2023 4:00,0.97
4/19/2023 5:00,0.974
4/19/2023 6:00,0.97
4/19/2023 7:00,0.973
4/19/2023 8:00,0.981
4/19/2023 9:00,0.96
4/19/2023 10:00,0.95
4/19/2023 11:00,0.937
4/19/2023 12:00,0.942
4/19/2023 13:00,0.934
4/19/2023 14:00,0.927
4/19/2023 15:00,0.928
4/19/2023 16:00,0.923
4/19/2023 17:00,0.913
4/19/2023 18:00,0.935
4/19/2023 19:00,0.926
4/19/2023 20:00,0.933
4/19/2023 21:00,0.941
4/19/2023 22:00,0.942
4/19/2023 23:00,0.943
4/20/2023 0:00,0.939
4/20/2023 1:00,0.942
4/20/2023 2:00,0.938
4/20/2023 3:00,0.933
4/20/2023 4:00,0.928
4/20/2023 5:00,0.909
4/20/2023 6:00,0.89
4/20/2023 7:00,0.882
4/20/2023 8:00,0.844
4/20/2023 9:00,0.804
4/20/2023 10:00,0.744
4/20/2023 11:00,0.726
4/20/2023 12:00,0.677
4/20/2023 13:00,0.66
4/20/2023 14:00,0.614
4/20/2023 15:00,0.601
4/20/2023 16:00,0.611
4/20/2023 17:00,0.614
4/20/2023 18:00,0.633
4/20/2023 19:00,0.663
4/20/2023 20:00,0.681
4/20/2023 21:00,0.693
4/20/2023 22:00,0.715
4/20/2023 23:00,0.721
4/21/2023 0:00,0.727
4/21/2023 1:00,0.725
4/21/2023 2:00,0.73
4/21/2023 3:00,0.71
4/21/2023 4:00,0.695
4/21/2023 5:00,0.655
4/21/2023 6:00,0.613
4/21/2023 7:00,0.572
4/21/2023 8:00,0.516
4/21/2023 9:00,0.48
4/21/2023 10:00,0.441
4/21/2023 11:00,0.427
4/21/2023 12:00,0.431
4/21/2023 13:00,0.406
4/21/2023 14:00,0.39
4/21/2023 15:00,0.382
4/21/2023 16:00,0.407
4/21/2023 17:00,0.457
4/21/2023 18:00,0.476
4/21/2023 19:00,0.498
4/21/2023 20:00,0.51
4/21/2023 21:00,0.524
4/21/2023 22:00,0.519
4/21/2023 23:00,0.506
4/22/2023 0:00,0.51
4/22/2023 1:00,0.507
4/22/2023 2:00,0.495
4/22/2023 3:00,0.492
4/22/2023 4:00,0.483
4/22/2023 5:00,0.47
4/22/2023 6:00,0.457
4/22/2023 7:00,0.441
4/22/2023 8:00,0.423
4/22/2023 9:00,0.397
4/22/2023 10:00,0.374
4/22/2023 11:00,0.361
4/22/2023 12:00,0.326
4/22/2023 13:00,0.281
4/22/2023 14:00,0.272
4/22/2023 15:00,0.261
4/22/2023 16:00,0.274
4/22/2023 17:00,0.285
4/22/2023 18:00,0.297
4/22/2023 19:00,0.313
4/22/2023 20:00,0.334
4/22/2023 21:00,0.346
4/22/2023 22:00,0.355
4/22/2023 23:00,0.37
4/23/2023 0:00,0.391
4/23/2023 1:00,0.393
4/23/2023 2:00,0.398
4/23/2023 3:00,0.398
4/23/2023 4:00,0.406
4/23/2023 5:00,0.398
4/23/2023 6:00,0.387
4/23/2023 7:00,0.367
4/23/2023 8:00,0.354
4/23/2023 9:00,0.334
4/23/2023 10:00,0.313
4/23/2023 11:00,0.284
4/23/2023 12:00,0.24
4/23/2023 13:00,0.19
4/23/2023 14:00,0.168
4/23/2023 15:00,0.125
4/23/2023 16:00,0.113
4/23/2023 17:00,0.14
4/23/2023 18:00,0.163
4/23/2023 19:00,0.193
4/23/2023 20:00,0.217
4/23/2023 21:00,0.258
4/23/2023 22:00,0.288
4/23/2023 23:00,0.343
4/24/2023 0:00,0.382
4/24/2023 1:00,0.407
4/24/2023 2:00,0.436
4/24/2023 3:00,0.455
4/24/2023 4:00,0.485
4/24/2023 5:00,0.498
4/24/2023 6:00,0.502
4/24/2023 7:00,0.499
4/24/2023 8:00,0.487
4/24/2023 9:00,0.475
4/24/2023 10:00,0.442
4/24/2023 11:00,0.41
4/24/2023 12:00,0.359
4/24/2023 13:00,0.319
4/24/2023 14:00,0.28
4/24/2023 15:00,0.229
4/24/2023 16:00,0.241
4/24/2023 17:00,0.263
4/24/2023 18:00,0.28
4/24/2023 19:00,0.295
4/24/2023 20:00,0.332
4/24/2023 21:00,0.367
4/24/2023 22:00,0.4
4/24/2023 23:00,0.455
4/25/2023 0:00,0.5
4/25/2023 1:00,0.564
4/25/2023 2:00,0.583
4/25/2023 3:00,0.607
4/25/2023 4:00,0.635
4/25/2023 5:00,0.659
4/25/2023 6:00,0.665
4/25/2023 7:00,0.687
4/25/2023 8:00,0.7
4/25/2023 9:00,0.684
4/25/2023 10:00,0.669
4/25/2023 11:00,0.657
4/25/2023 12:00,0.652
4/25/2023 13:00,0.604
4/25/2023 14:00,0.565
4/25/2023 15:00,0.542
4/25/2023 16:00,0.543
4/25/2023 17:00,0.523
4/25/2023 18:00,0.548
4/25/2023 19:00,0.562
4/25/2023 20:00,0.571
4/25/2023 21:00,0.598
4/25/2023 22:00,0.637
4/25/2023 23:00,0.661
4/26/2023 0:00,0.686
4/26/2023 1:00,0.7
4/26/2023 2:00,0.732
4/26/2023 3:00,0.74
4/26/2023 4:00,0.747
4/26/2023 5:00,0.767
4/26/2023 6:00,0.785
4/26/2023 7:00,0.794
4/26/2023 8:00,0.796
4/26/2023 9:00,0.787
4/26/2023 10:00,0.779
4/26/2023 11:00,0.747
4/26/2023 12:00,0.723
4/26/2023 13:00,0.694
4/26/2023 14:00,0.658
4/26/2023 15:00,0.623
4/26/2023 16:00,0.609
4/26/2023 17:00,0.59
4/26/2023 18:00,0.586
4/26/2023 19:00,0.593
4/26/2023 20:00,0.591
4/26/2023 21:00,0.623
4/26/2023 22:00,0.648
4/26/2023 23:00,0.675
4/27/2023 0:00,0.721
4/27/2023 1:00,0.765
4/27/2023 2:00,0.803
4/27/2023 3:00,0.847
4/27/2023 4:00,0.869
4/27/2023 5:00,0.886
4/27/2023 6:00,0.924
4/27/2023 7:00,0.944
4/27/2023 8:00,0.966
4/27/2023 9:00,0.965
4/27/2023 10:00,0.953
4/27/2023 11:00,0.941
4/27/2023 12:00,0.936
4/27/2023 13:00,0.921
4/27/2023 14:00,0.897
4/27/2023 15:00,0.893
4/27/2023 16:00,0.892
4/27/2023 17:00,0.889
4/27/2023 18:00,0.905
4/27/2023 19:00,0.91
4/27/2023 20:00,0.919
4/27/2023 21:00,0.938
4/27/2023 22:00,0.946
4/27/2023 23:00,0.962
4/28/2023 0:00,0.974
4/28/2023 1:00,1.018
4/28/2023 2:00,1.022
4/28/2023 3:00,1.042
4/28/2023 4:00,1.081
4/28/2023 5:00,1.091
4/28/2023 6:00,1.114
4/28/2023 7:00,1.118
4/28/2023 8:00,1.119
4/28/2023 9:00,1.113
4/28/2023 10:00,1.106
4/28/2023 11:00,1.079
4/28/2023 12:00,1.105
4/28/2023 13:00,1.07
4/28/2023 14:00,1.039
4/28/2023 15:00,1.017
4/28/2023 16:00,0.995
4/28/2023 17:00,0.992
4/28/2023 18:00,0.99
4/28/2023 19:00,1.001
4/28/2023 20:00,1.001
4/28/2023 21:00,1.006
4/28/2023 22:00,1.002
4/28/2023 23:00,0.997
4/29/2023 0:00,1.018
4/29/2023 1:00,1.041
4/29/2023 2:00,1.042
4/29/2023 3:00,1.061
4/29/2023 4:00,1.061
4/29/2023 5:00,1.069
4/29/2023 6:00,1.076
4/29/2023 7:00,1.08
4/29/2023 8:00,1.084
4/29/2023 9:00,1.075
4/29/2023 10:00,1.059
4/29/2023 11:00,1.039
4/29/2023 12:00,1.021
4/29/2023 13:00,0.994
4/29/2023 14:00,0.952
4/29/2023 15:00,0.921
4/29/2023 16:00,0.9
4/29/2023 17:00,0.889
4/29/2023 18:00,0.885
4/29/2023 19:00,0.912
4/29/2023 20:00,0.909
4/29/2023 21:00,0.898
4/29/2023 22:00,0.903
4/29/2023 23:00,0.901
4/30/2023 0:00,0.93
4/30/2023 1:00,0.945
4/30/2023 2:00,0.98
4/30/2023 3:00,0.99
4/30/2023 4:00,1.017
4/30/2023 5:00,1.037
4/30/2023 6:00,1.072
4/30/2023 7:00,1.076
4/30/2023 8:00,1.094
4/30/2023 9:00,1.098
4/30/2023 10:00,1.1
4/30/2023 11:00,1.099
4/30/2023 12:00,1.085
4/30/2023 13:00,1.084
4/30/2023 14:00,1.065
4/30/2023 15:00,1.059
4/30/2023 16:00,1.053
4/30/2023 17:00,1.031
4/30/2023 18:00,1.035
4/30/2023 19:00,1.047
4/30/2023 20:00,1.049
4/30/2023 21:00,1.054
4/30/2023 22:00,1.051
4/30/2023 23:00,1.057
5/1/2023 0:00,1.072
5/1/2023 1:00,1.122
5/1/2023 2:00,1.18
5/1/2023 3:00,1.241
5/1/2023 4:00,1.311
5/1/2023 5:00,1.375
5/1/2023 6:00,1.405
5/1/2023 7:00,1.459
5/1/2023 8:00,1.46
5/1/2023 9:00,1.46
5/1/2023 10:00,1.458
5/1/2023 11:00,1.432
5/1/2023 12:00,1.401
5/1/2023 13:00,1.377
5/1/2023 14:00,1.352
5/1/2023 15:00,1.358
5/1/2023 16:00,1.353
5/1/2023 17:00,1.321
5/1/2023 18:00,1.32
5/1/2023 19:00,1.328
5/1/2023 20:00,1.323
5/1/2023 21:00,1.333
5/1/2023 22:00,1.353
5/1/2023 23:00,1.366
5/2/2023 0:00,1.42
5/2/2023 1:00,1.438
5/2/2023 2:00,1.49
5/2/2023 3:00,1.546
5/2/2023 4:00,1.587
5/2/2023 5:00,1.581
5/2/2023 6:00,1.593
5/2/2023 7:00,1.607
5/2/2023 8:00,1.587
5/2/2023 9:00,1.574
5/2/2023 10:00,1.545
5/2/2023 11:00,1.506
5/2/2023 12:00,1.527
5/2/2023 13:00,1.513
5/2/2023 14:00,1.524
5/2/2023 15:00,1.605
5/2/2023 16:00,1.572
5/2/2023 17:00,1.87
5/2/2023 18:00,2.054
5/2/2023 19:00,2.12
5/2/2023 20:00,2.129
5/2/2023 21:00,2.127
5/2/2023 22:00,2.133
5/2/2023 23:00,2.178
5/3/2023 0:00,2.179
5/3/2023 1:00,2.232
5/3/2023 2:00,2.228
5/3/2023 3:00,2.264
5/3/2023 4:00,2.281
5/3/2023 5:00,2.272
5/3/2023 6:00,2.273
5/3/2023 7:00,2.267
5/3/2023 8:00,2.251
5/3/2023 9:00,2.262
5/3/2023 10:00,2.243
5/3/2023 11:00,2.205
5/3/2023 12:00,2.215
5/3/2023 13:00,2.182
5/3/2023 14:00,2.138
5/3/2023 15:00,2.124
5/3/2023 16:00,2.088
5/3/2023 17:00,2.069
5/3/2023 18:00,2.067
5/3/2023 19:00,2.049
5/3/2023 20:00,2.108
5/3/2023 21:00,2.141
5/3/2023 22:00,2.161
5/3/2023 23:00,2.203
5/4/2023 0:00,2.292
5/4/2023 1:00,2.339
5/4/2023 2:00,2.391
5/4/2023 3:00,2.505
5/4/2023 4:00,2.599
5/4/2023 5:00,2.652
5/4/2023 6:00,2.688
5/4/2023 7:00,2.697
5/4/2023 8:00,2.686
5/4/2023 9:00,2.71
5/4/2023 10:00,2.735
5/4/2023 11:00,2.759
5/4/2023 12:00,2.757
5/4/2023 13:00,2.743
5/4/2023 14:00,2.781
5/4/2023 15:00,2.841
5/4/2023 16:00,2.758
5/4/2023 17:00,2.78
5/4/2023 18:00,2.743
5/4/2023 19:00,2.701
5/4/2023 20:00,2.705
5/4/2023 21:00,2.727
5/4/2023 22:00,2.725
5/4/2023 23:00,2.768
5/5/2023 0:00,2.785
5/5/2023 1:00,2.788
5/5/2023 2:00,2.84
5/5/2023 3:00,2.858
5/5/2023 4:00,2.87
5/5/2023 5:00,2.888
5/5/2023 6:00,2.921
5/5/2023 7:00,2.906
5/5/2023 8:00,2.864
5/5/2023 9:00,2.838
5/5/2023 10:00,2.78
5/5/2023 11:00,2.726
5/5/2023 12:00,2.715
5/5/2023 13:00,2.639
5/5/2023 14:00,2.612
5/5/2023 15:00,2.637
5/5/2023 16:00,2.568
5/5/2023 17:00,2.572
5/5/2023 18:00,2.536
5/5/2023 19:00,2.516
5/5/2023 20:00,2.475
5/5/2023 21:00,2.509
5/5/2023 22:00,2.485
5/5/2023 23:00,2.478
5/6/2023 0:00,2.488
5/6/2023 1:00,2.503
5/6/2023 2:00,2.512
5/6/2023 3:00,2.511
5/6/2023 4:00,2.505
5/6/2023 5:00,2.53
5/6/2023 6:00,2.536
5/6/2023 7:00,2.526
5/6/2023 8:00,2.522
5/6/2023 9:00,2.472
5/6/2023 10:00,2.481
5/6/2023 11:00,2.456
5/6/2023 12:00,2.438
5/6/2023 13:00,2.388
5/6/2023 14:00,2.371
5/6/2023 15:00,2.309
5/6/2023 16:00,2.2
5/6/2023 17:00,2.144
5/6/2023 18:00,2.113
5/6/2023 19:00,2.15
5/6/2023 20:00,2.182
5/6/2023 21:00,2.23
5/6/2023 22:00,2.217
5/6/2023 23:00,2.234
5/7/2023 0:00,2.175
5/7/2023 1:00,2.22
5/7/2023 2:00,2.231
5/7/2023 3:00,2.254
5/7/2023 4:00,2.235
5/7/2023 5:00,2.224
5/7/2023 6:00,2.24
5/7/2023 7:00,2.215
5/7/2023 8:00,2.225
5/7/2023 9:00,2.248
5/7/2023 10:00,2.248
5/7/2023 11:00,2.242
5/7/2023 12:00,2.243
5/7/2023 13:00,2.213
5/7/2023 14:00,2.147
5/7/2023 15:00,2.122
5/7/2023 16:00,2.074
5/7/2023 17:00,1.962
5/7/2023 18:00,1.89
5/7/2023 19:00,1.938
5/7/2023 20:00,1.967
5/7/2023 21:00,1.983
5/7/2023 22:00,1.967
5/7/2023 23:00,1.943
5/8/2023 0:00,1.926
5/8/2023 1:00,1.93
5/8/2023 2:00,1.938
5/8/2023 3:00,1.964
5/8/2023 4:00,1.991
5/8/2023 5:00,2.01
5/8/2023 6:00,2.001
5/8/2023 7:00,2.007
5/8/2023 8:00,2.03
5/8/2023 9:00,1.99
5/8/2023 10:00,1.989
5/8/2023 11:00,1.953
5/8/2023 12:00,1.938
5/8/2023 13:00,1.93
5/8/2023 14:00,1.886
5/8/2023 15:00,1.874
5/8/2023 16:00,1.838
5/8/2023 17:00,1.781
5/8/2023 18:00,1.745
5/8/2023 19:00,1.742
5/8/2023 20:00,1.743
5/8/2023 21:00,1.74
5/8/2023 22:00,1.746
5/8/2023 23:00,1.745
5/9/2023 0:00,1.754
5/9/2023 1:00,1.788
5/9/2023 2:00,1.834
5/9/2023 3:00,1.868
5/9/2023 4:00,1.905
5/9/2023 5:00,1.971
5/9/2023 6:00,1.986
5/9/2023 7:00,2.015
5/9/2023 8:00,2.037
5/9/2023 9:00,2.069
5/9/2023 10:00,2.066
5/9/2023 11:00,2.044
5/9/2023 12:00,1.947
5/9/2023 13:00,1.745
5/9/2023 14:00,1.832
5/9/2023 15:00,1.802
5/9/2023 16:00,1.742
5/9/2023 17:00,1.83
5/9/2023 18:00,1.911
5/9/2023 19:00,2.049
5/9/2023 20:00,2.128
5/9/2023 21:00,2.157
5/9/2023 22:00,2.157
5/9/2023 23:00,2.181
5/10/2023 0:00,2.193
5/10/2023 1:00,2.251
5/10/2023 2:00,2.271
5/10/2023 3:00,2.284
5/10/2023 4:00,2.321
5/10/2023 5:00,2.361
5/10/2023 6:00,2.42
5/10/2023 7:00,2.453
5/10/2023 8:00,2.57
5/10/2023 9:00,2.651
5/10/2023 10:00,2.672
5/10/2023 11:00,2.688
5/10/2023 12:00,2.603
5/10/2023 13:00,2.524
5/10/2023 14:00,2.518
5/10/2023 15:00,2.432
5/10/2023 16:00,2.452
5/10/2023 17:00,2.484
5/10/2023 18:00,2.449
5/10/2023 19:00,2.456
5/10/2023 20:00,2.417
5/10/2023 21:00,2.454
5/10/2023 22:00,2.503
5/10/2023 23:00,2.545
5/11/2023 0:00,2.595
5/11/2023 1:00,2.705
5/11/2023 2:00,2.794
5/11/2023 3:00,2.809
5/11/2023 4:00,2.855
5/11/2023 5:00,2.928
5/11/2023 6:00,3.006
5/11/2023 7:00,3.068
5/11/2023 8:00,3.027
5/11/2023 9:00,3.079
5/11/2023 10:00,3.104
5/11/2023 11:00,3.038
5/11/2023 12:00,3.047
5/11/2023 13:00,2.995
5/11/2023 14:00,2.967
5/11/2023 15:00,2.992
5/11/2023 16:00,2.957
5/11/2023 17:00,2.912
5/11/2023 18:00,2.948
5/11/2023 19:00,3.003
5/11/2023 20:00,3.059
5/11/2023 21:00,3.097
5/11/2023 22:00,3.117
5/11/2023 23:00,3.109
5/12/2023 0:00,3.092
5/12/2023 1:00,3.125
5/12/2023 2:00,3.123
5/12/2023 3:00,3.128
5/12/2023 4:00,3.152
5/12/2023 5:00,3.154
5/12/2023 6:00,3.149
5/12/2023 7:00,3.178
5/12/2023 8:00,3.159
5/12/2023 9:00,3.213
5/12/2023 10:00,3.193
5/12/2023 11:00,3.193
5/12/2023 12:00,3.143
5/12/2023 13:00,3.143
5/12/2023 14:00,3.038
5/12/2023 15:00,3.054
5/12/2023 16:00,3.064
5/12/2023 17:00,3.028
5/12/2023 18:00,2.957
5/12/2023 19:00,2.986
5/12/2023 20:00,2.964
5/12/2023 21:00,2.954
5/12/2023 22:00,2.994
5/12/2023 23:00,2.97
5/13/2023 0:00,2.971
5/13/2023 1:00,3
5/13/2023 2:00,3.036
5/13/2023 3:00,2.98
5/13/2023 4:00,3.056
5/13/2023 5:00,3.031
5/13/2023 6:00,2.994
5/13/2023 7:00,3.026
5/13/2023 8:00,3.005
5/13/2023 9:00,2.975
5/13/2023 10:00,2.938
5/13/2023 11:00,2.893
5/13/2023 12:00,2.882
5/13/2023 13:00,2.882
5/13/2023 14:00,2.814
5/13/2023 15:00,2.776
5/13/2023 16:00,2.795
5/13/2023 17:00,2.694
5/13/2023 18:00,2.592
5/13/2023 19:00,2.571
5/13/2023 20:00,2.428
5/13/2023 21:00,2.479
5/13/2023 22:00,2.502
5/13/2023 23:00,2.528
5/14/2023 0:00,2.575
5/14/2023 1:00,2.576
5/14/2023 2:00,2.598
5/14/2023 3:00,2.623
5/14/2023 4:00,2.679
5/14/2023 5:00,2.705
5/14/2023 6:00,2.694
5/14/2023 7:00,2.719
5/14/2023 8:00,2.738
5/14/2023 9:00,2.701
5/14/2023 10:00,2.745
5/14/2023 11:00,2.722
5/14/2023 12:00,2.698
5/14/2023 13:00,2.675
5/14/2023 14:00,2.606
5/14/2023 15:00,2.538
5/14/2023 16:00,2.514
5/14/2023 17:00,2.468
5/14/2023 18:00,2.459
5/14/2023 19:00,2.43
5/14/2023 20:00,2.405
5/14/2023 21:00,2.374
5/14/2023 22:00,2.428
5/14/2023 23:00,2.45
5/15/2023 0:00,2.486
5/15/2023 1:00,2.529
5/15/2023 2:00,2.525
5/15/2023 3:00,2.562
5/15/2023 4:00,2.578
5/15/2023 5:00,2.627
5/15/2023 6:00,2.67
5/15/2023 7:00,2.718
5/15/2023 8:00,2.718
5/15/2023 9:00,2.705
5/15/2023 10:00,2.751
5/15/2023 11:00,2.697
5/15/2023 12:00,2.67
5/15/2023 13:00,2.653
5/15/2023 14:00,2.583
5/15/2023 15:00,2.504
5/15/2023 16:00,2.447
5/15/2023 17:00,2.405
5/15/2023 18:00,2.364
5/15/2023 19:00,2.371
5/15/2023 20:00,2.356
5/15/2023 21:00,2.397
5/15/2023 22:00,2.407
5/15/2023 23:00,2.422
5/16/2023 0:00,2.464
5/16/2023 1:00,2.531
5/16/2023 2:00,2.573
5/16/2023 3:00,2.611
5/16/2023 4:00,2.591
5/16/2023 5:00,2.566
5/16/2023 6:00,2.556
5/16/2023 7:00,2.557
5/16/2023 8:00,2.532
5/16/2023 9:00,2.548
5/16/2023 10:00,2.487
5/16/2023 11:00,2.513
5/16/2023 12:00,2.505
5/16/2023 13:00,2.472
5/16/2023 14:00,2.453
5/16/2023 15:00,2.4
5/16/2023 16:00,2.383
5/16/2023 17:00,2.358
5/16/2023 18:00,2.338
5/16/2023 19:00,2.326
5/16/2023 20:00,2.331
5/16/2023 21:00,2.315
5/16/2023 22:00,2.358
5/16/2023 23:00,2.375
5/17/2023 0:00,2.401
5/17/2023 1:00,2.422
5/17/2023 2:00,2.451
5/17/2023 3:00,2.491
5/17/2023 4:00,2.529
5/17/2023 5:00,2.552
5/17/2023 6:00,2.568
5/17/2023 7:00,2.573
5/17/2023 8:00,2.571
5/17/2023 9:00,2.557
5/17/2023 10:00,2.555
5/17/2023 11:00,2.546
5/17/2023 12:00,2.492
5/17/2023 13:00,2.495
5/17/2023 14:00,2.447
5/17/2023 15:00,2.435
5/17/2023 16:00,2.395
5/17/2023 17:00,2.396
5/17/2023 18:00,2.401
5/17/2023 19:00,2.383
5/17/2023 20:00,2.383
5/17/2023 21:00,2.416
5/17/2023 22:00,2.413
5/17/2023 23:00,2.448
5/18/2023 0:00,2.452
5/18/2023 1:00,2.539
5/18/2023 2:00,2.597
5/18/2023 3:00,2.635
5/18/2023 4:00,2.628
5/18/2023 5:00,2.662
5/18/2023 6:00,2.63
5/18/2023 7:00,2.6
5/18/2023 8:00,2.58
5/18/2023 9:00,2.607
5/18/2023 10:00,2.608
5/18/2023 11:00,2.618
5/18/2023 12:00,2.543
5/18/2023 13:00,2.572
5/18/2023 14:00,2.52
5/18/2023 15:00,2.519
5/18/2023 16:00,2.481
5/18/2023 17:00,2.46
5/18/2023 18:00,2.403
5/18/2023 19:00,2.379
5/18/2023 20:00,2.431
5/18/2023 21:00,2.48
5/18/2023 22:00,2.473
5/18/2023 23:00,2.433
5/19/2023 0:00,2.403
5/19/2023 1:00,2.402
5/19/2023 2:00,2.462
5/19/2023 3:00,2.589
5/19/2023 4:00,2.627
5/19/2023 5:00,2.709
5/19/2023 6:00,2.76
5/19/2023 7:00,2.855
5/19/2023 8:00,2.877
5/19/2023 9:00,2.754
5/19/2023 10:00,2.673
5/19/2023 11:00,2.596
5/19/2023 12:00,2.573
5/19/2023 13:00,2.52
5/19/2023 14:00,2.483
5/19/2023 15:00,2.481
5/19/2023 16:00,2.47
5/19/2023 17:00,2.48
5/19/2023 18:00,2.462
5/19/2023 19:00,2.449
5/19/2023 20:00,2.453
5/19/2023 21:00,2.432
5/19/2023 22:00,2.448
5/19/2023 23:00,2.475
5/20/2023 0:00,2.533
5/20/2023 1:00,2.517
5/20/2023 2:00,2.574
5/20/2023 3:00,2.602
5/20/2023 4:00,2.642
5/20/2023 5:00,2.636
5/20/2023 6:00,2.681
5/20/2023 7:00,2.666
5/20/2023 8:00,2.67
5/20/2023 9:00,2.695
5/20/2023 10:00,2.696
5/20/2023 11:00,2.675
5/20/2023 12:00,2.575
5/20/2023 13:00,2.509
5/20/2023 14:00,2.489
5/20/2023 15:00,2.438
5/20/2023 16:00,2.37
5/20/2023 17:00,2.387
5/20/2023 18:00,2.343
5/20/2023 19:00,2.424
5/20/2023 20:00,2.471
5/20/2023 21:00,2.45
5/20/2023 22:00,2.466
5/20/2023 23:00,2.548
5/21/2023 0:00,2.535
5/21/2023 1:00,2.592
5/21/2023 2:00,2.581
5/21/2023 3:00,2.622
5/21/2023 4:00,2.664
5/21/2023 5:00,2.742
5/21/2023 6:00,2.691
5/21/2023 7:00,2.701
5/21/2023 8:00,2.702
5/21/2023 9:00,2.637
5/21/2023 10:00,2.587
5/21/2023 11:00,2.569
5/21/2023 12:00,2.471
5/21/2023 13:00,2.472
5/21/2023 14:00,2.34
5/21/2023 15:00,2.306
5/21/2023 16:00,2.234
5/21/2023 17:00,2.153
5/21/2023 18:00,2.114
5/21/2023 19:00,2.085
5/21/2023 20:00,2.051
5/21/2023 21:00,2.044
5/21/2023 22:00,2.021
5/21/2023 23:00,2.052
5/22/2023 0:00,2.059
5/22/2023 1:00,2.117
5/22/2023 2:00,2.166
5/22/2023 3:00,2.234
5/22/2023 4:00,2.233
5/22/2023 5:00,2.287
5/22/2023 6:00,2.319
5/22/2023 7:00,2.319
5/22/2023 8:00,2.377
5/22/2023 9:00,2.417
5/22/2023 10:00,2.436
5/22/2023 11:00,2.433
5/22/2023 12:00,2.448
5/22/2023 13:00,2.44
5/22/2023 14:00,2.399
5/22/2023 15:00,2.402
5/22/2023 16:00,2.379
5/22/2023 17:00,2.343
5/22/2023 18:00,2.399
5/22/2023 19:00,2.432
5/22/2023 20:00,2.332
5/22/2023 21:00,2.322
5/22/2023 22:00,2.352
5/22/2023 23:00,2.367
5/23/2023 0:00,2.342
5/23/2023 1:00,2.397
5/23/2023 2:00,2.399
5/23/2023 3:00,2.428
5/23/2023 4:00,2.48
5/23/2023 5:00,2.5
5/23/2023 6:00,2.518
5/23/2023 7:00,2.561
5/23/2023 8:00,2.527
5/23/2023 9:00,2.536
5/23/2023 10:00,2.532
5/23/2023 11:00,2.478
5/23/2023 12:00,2.458
5/23/2023 13:00,2.358
5/23/2023 14:00,2.31
5/23/2023 15:00,2.264
5/23/2023 16:00,2.235
5/23/2023 17:00,2.215
5/23/2023 18:00,2.155
5/23/2023 19:00,2.098
5/23/2023 20:00,2.042
5/23/2023 21:00,2.109
5/23/2023 22:00,2.119
5/23/2023 23:00,2.213
5/24/2023 0:00,2.285
5/24/2023 1:00,2.312
5/24/2023 2:00,2.369
5/24/2023 3:00,2.388
5/24/2023 4:00,2.483
5/24/2023 5:00,2.49
5/24/2023 6:00,2.496
5/24/2023 7:00,2.581
5/24/2023 8:00,2.61
5/24/2023 9:00,2.611
5/24/2023 10:00,2.572
5/24/2023 11:00,2.566
5/24/2023 12:00,2.546
5/24/2023 13:00,2.464
5/24/2023 14:00,2.441
5/24/2023 15:00,2.406
5/24/2023 16:00,2.343
5/24/2023 17:00,2.325
5/24/2023 18:00,2.335
5/24/2023 19:00,2.365
5/24/2023 20:00,2.363
5/24/2023 21:00,2.346
5/24/2023 22:00,2.303
5/24/2023 23:00,2.308
5/25/2023 0:00,2.278
5/25/2023 1:00,2.31
5/25/2023 2:00,2.275
5/25/2023 3:00,2.287
5/25/2023 4:00,2.323
5/25/2023 5:00,2.309
5/25/2023 6:00,2.345
5/25/2023 7:00,2.39
5/25/2023 8:00,2.388
5/25/2023 9:00,2.43
5/25/2023 10:00,2.45
5/25/2023 11:00,2.369
5/25/2023 12:00,2.3
5/25/2023 13:00,2.21
5/25/2023 14:00,2.119
5/25/2023 15:00,2.152
5/25/2023 16:00,2.141
5/25/2023 17:00,2.085
5/25/2023 18:00,2.053
5/25/2023 19:00,2.044
5/25/2023 20:00,2.013
5/25/2023 21:00,2.014
5/25/2023 22:00,2.017
5/25/2023 23:00,2.005
5/26/2023 0:00,2.047
5/26/2023 1:00,2.044
5/26/2023 2:00,2.11
5/26/2023 3:00,2.159
5/26/2023 4:00,2.227
5/26/2023 5:00,2.312
5/26/2023 6:00,2.324
5/26/2023 7:00,2.396
5/26/2023 8:00,2.395
5/26/2023 9:00,2.434
5/26/2023 10:00,2.456
5/26/2023 11:00,2.395
5/26/2023 12:00,2.337
5/26/2023 13:00,2.297
5/26/2023 14:00,2.261
5/26/2023 15:00,2.261
5/26/2023 16:00,2.183
5/26/2023 17:00,2.209
5/26/2023 18:00,2.14
5/26/2023 19:00,2.154
5/26/2023 20:00,2.121
5/26/2023 21:00,2.129
5/26/2023 22:00,2.104
5/26/2023 23:00,2.086
5/27/2023 0:00,2.076
5/27/2023 1:00,2.044
5/27/2023 2:00,2.067
5/27/2023 3:00,2.098
5/27/2023 4:00,2.187
5/27/2023 5:00,2.22
5/27/2023 6:00,2.224
5/27/2023 7:00,2.182
5/27/2023 8:00,2.29
5/27/2023 9:00,2.279
5/27/2023 10:00,2.273
5/27/2023 11:00,2.284
5/27/2023 12:00,2.264
5/27/2023 13:00,2.246
5/27/2023 14:00,2.195
5/27/2023 15:00,2.179
5/27/2023 16:00,2.133
5/27/2023 17:00,2.087
5/27/2023 18:00,2.007
5/27/2023 19:00,2.053
5/27/2023 20:00,2.065
5/27/2023 21:00,2.001
5/27/2023 22:00,1.976
5/27/2023 23:00,1.962
5/28/2023 0:00,1.931
5/28/2023 1:00,1.893
5/28/2023 2:00,1.935
5/28/2023 3:00,1.936
5/28/2023 4:00,1.969
5/28/2023 5:00,2.016
5/28/2023 6:00,2.06
5/28/2023 7:00,2.075
5/28/2023 8:00,2.091
5/28/2023 9:00,2.088
5/28/2023 10:00,2.084
5/28/2023 11:00,2.046
5/28/2023 12:00,2.047
5/28/2023 13:00,2.015
5/28/2023 14:00,1.979
5/28/2023 15:00,1.98
5/28/2023 16:00,1.941
5/28/2023 17:00,1.914
5/28/2023 18:00,1.903
5/28/2023 19:00,1.852
5/28/2023 20:00,1.815
5/28/2023 21:00,1.801
5/28/2023 22:00,1.799
5/28/2023 23:00,1.793
5/29/2023 0:00,1.83
5/29/2023 1:00,1.809
5/29/2023 2:00,1.83
5/29/2023 3:00,1.835
5/29/2023 4:00,1.829
5/29/2023 5:00,1.903
5/29/2023 6:00,1.986
5/29/2023 7:00,1.969
5/29/2023 8:00,1.96
5/29/2023 9:00,1.977
5/29/2023 10:00,1.948
5/29/2023 11:00,1.904
5/29/2023 12:00,1.876
5/29/2023 13:00,1.849
5/29/2023 14:00,1.805
5/29/2023 15:00,1.789
5/29/2023 16:00,1.767
5/29/2023 17:00,1.731
5/29/2023 18:00,1.681
5/29/2023 19:00,1.685
5/29/2023 20:00,1.688
5/29/2023 21:00,1.706
5/29/2023 22:00,1.678
5/29/2023 23:00,1.695
5/30/2023 0:00,1.695
5/30/2023 1:00,1.73
5/30/2023 2:00,1.756
5/30/2023 3:00,1.795
5/30/2023 4:00,1.835
5/30/2023 5:00,1.866
5/30/2023 6:00,1.92
5/30/2023 7:00,1.939
5/30/2023 8:00,1.999
5/30/2023 9:00,1.977
5/30/2023 10:00,1.967
5/30/2023 11:00,1.965
5/30/2023 12:00,1.911
5/30/2023 13:00,1.899
5/30/2023 14:00,1.86
5/30/2023 15:00,1.817
5/30/2023 16:00,1.752
5/30/2023 17:00,1.714
5/30/2023 18:00,1.673
5/30/2023 19:00,1.652
5/30/2023 20:00,1.647
5/30/2023 21:00,1.63
5/30/2023 22:00,1.635
5/30/2023 23:00,1.605
5/31/2023 0:00,1.646
5/31/2023 1:00,1.662
5/31/2023 2:00,1.653
5/31/2023 3:00,1.675
5/31/2023 4:00,1.697
5/31/2023 5:00,1.735
5/31/2023 6:00,1.725
5/31/2023 7:00,1.767
5/31/2023 8:00,1.775
5/31/2023 9:00,1.764
5/31/2023 10:00,1.739
5/31/2023 11:00,1.723
5/31/2023 12:00,1.702
5/31/2023 13:00,1.698
5/31/2023 14:00,1.696
5/31/2023 15:00,1.711
5/31/2023 16:00,1.662
5/31/2023 17:00,1.643
5/31/2023 18:00,1.612
5/31/2023 19:00,1.603
5/31/2023 20:00,1.617
5/31/2023 21:00,1.588
5/31/2023 22:00,1.607
5/31/2023 23:00,1.617
6/1/2023 0:00,1.624
6/1/2023 1:00,1.635
6/1/2023 2:00,1.651
6/1/2023 3:00,1.662
6/1/2023 4:00,1.669
6/1/2023 5:00,1.674
6/1/2023 6:00,1.705
6/1/2023 7:00,1.72
6/1/2023 8:00,1.852
6/1/2023 9:00,1.949
6/1/2023 10:00,1.455
6/1/2023 11:00,1.601
6/1/2023 12:00,1.65
6/1/2023 13:00,1.643
6/1/2023 14:00,1.629
6/1/2023 15:00,1.639
6/1/2023 16:00,1.677
6/1/2023 17:00,1.658
6/1/2023 18:00,1.621
6/1/2023 19:00,1.613
6/1/2023 20:00,1.622
6/1/2023 21:00,1.585
6/1/2023 22:00,1.584
6/1/2023 23:00,1.583
6/2/2023 0:00,1.561
6/2/2023 1:00,1.557
6/2/2023 2:00,1.603
6/2/2023 3:00,1.61
6/2/2023 4:00,1.66
6/2/2023 5:00,1.695
6/2/2023 6:00,1.739
6/2/2023 7:00,1.773
6/2/2023 8:00,1.806
6/2/2023 9:00,1.828
6/2/2023 10:00,1.819
6/2/2023 11:00,1.827
6/2/2023 12:00,1.817
6/2/2023 13:00,1.786
6/2/2023 14:00,1.774
6/2/2023 15:00,1.706
6/2/2023 16:00,1.713
6/2/2023 17:00,1.702
6/2/2023 18:00,1.689
6/2/2023 19:00,1.732
6/2/2023 20:00,1.716
6/2/2023 21:00,1.727
6/2/2023 22:00,1.799
6/2/2023 23:00,1.806
6/3/2023 0:00,1.833
6/3/2023 1:00,1.816
6/3/2023 2:00,1.864
6/3/2023 3:00,1.868
6/3/2023 4:00,1.858
6/3/2023 5:00,1.874
6/3/2023 6:00,1.901
6/3/2023 7:00,1.87
6/3/2023 8:00,1.863
6/3/2023 9:00,1.793
6/3/2023 10:00,1.774
6/3/2023 11:00,1.709
6/3/2023 12:00,1.706
6/3/2023 13:00,1.684
6/3/2023 14:00,1.66
6/3/2023 15:00,1.643
6/3/2023 16:00,1.61
6/3/2023 17:00,1.596
6/3/2023 18:00,1.605
6/3/2023 19:00,1.575
6/3/2023 20:00,1.586
6/3/2023 21:00,1.57
6/3/2023 22:00,1.562
6/3/2023 23:00,1.561
6/4/2023 0:00,1.576
6/4/2023 1:00,1.556
6/4/2023 2:00,1.581
6/4/2023 3:00,1.568
6/4/2023 4:00,1.609
6/4/2023 5:00,1.61
6/4/2023 6:00,1.626
6/4/2023 7:00,1.66
6/4/2023 8:00,1.653
6/4/2023 9:00,1.661
6/4/2023 10:00,1.671
6/4/2023 11:00,1.686
6/4/2023 12:00,1.683
6/4/2023 13:00,1.7
6/4/2023 14:00,1.711
6/4/2023 15:00,1.714
6/4/2023 16:00,1.707
6/4/2023 17:00,1.687
6/4/2023 18:00,1.688
6/4/2023 19:00,1.679
6/4/2023 20:00,1.663
6/4/2023 21:00,1.651
6/4/2023 22:00,1.663
6/4/2023 23:00,1.665
6/5/2023 0:00,1.666
6/5/2023 1:00,1.699
6/5/2023 2:00,1.668
6/5/2023 3:00,1.677
6/5/2023 4:00,1.718
6/5/2023 5:00,1.692
6/5/2023 6:00,1.721
6/5/2023 7:00,1.71
6/5/2023 8:00,1.698
6/5/2023 9:00,1.68
6/5/2023 10:00,1.66
6/5/2023 11:00,1.631
6/5/2023 12:00,1.598
6/5/2023 13:00,1.591
6/5/2023 14:00,1.549
6/5/2023 15:00,1.554
6/5/2023 16:00,1.564
6/5/2023 17:00,1.532
6/5/2023 18:00,1.522
6/5/2023 19:00,1.51
6/5/2023 20:00,1.501
6/5/2023 21:00,1.497
6/5/2023 22:00,1.515
6/5/2023 23:00,1.512
6/6/2023 0:00,1.514
6/6/2023 1:00,1.512
6/6/2023 2:00,1.515
6/6/2023 3:00,1.553
6/6/2023 4:00,1.571
6/6/2023 5:00,1.575
6/6/2023 6:00,1.59
6/6/2023 7:00,1.601
6/6/2023 8:00,1.606
6/6/2023 9:00,1.618
6/6/2023 10:00,1.594
6/6/2023 11:00,1.571
6/6/2023 12:00,1.558
6/6/2023 13:00,1.523
6/6/2023 14:00,1.5
6/6/2023 15:00,1.493
6/6/2023 16:00,1.498
6/6/2023 17:00,1.408
6/6/2023 18:00,1.395
6/6/2023 19:00,1.399
6/6/2023 20:00,1.406
6/6/2023 21:00,1.412
6/6/2023 22:00,1.421
6/6/2023 23:00,1.42
6/7/2023 0:00,1.456
6/7/2023 1:00,1.507
6/7/2023 2:00,1.483
6/7/2023 3:00,1.543
6/7/2023 4:00,1.579
6/7/2023 5:00,1.624
6/7/2023 6:00,1.681
6/7/2023 7:00,1.691
6/7/2023 8:00,1.721
6/7/2023 9:00,1.733
6/7/2023 10:00,1.676
6/7/2023 11:00,1.675
6/7/2023 12:00,1.658
6/7/2023 13:00,1.639
6/7/2023 14:00,1.672
6/7/2023 15:00,1.621
6/7/2023 16:00,1.642
6/7/2023 17:00,1.658
6/7/2023 18:00,1.652
6/7/2023 19:00,1.683
6/7/2023 20:00,1.715
6/7/2023 21:00,1.733
6/7/2023 22:00,1.829
6/7/2023 23:00,1.844
6/8/2023 0:00,1.885
6/8/2023 1:00,1.966
6/8/2023 2:00,1.987
6/8/2023 3:00,2.061
6/8/2023 4:00,2.184
6/8/2023 5:00,2.284
6/8/2023 6:00,2.362
6/8/2023 7:00,2.428
6/8/2023 8:00,2.538
6/8/2023 9:00,2.575
6/8/2023 10:00,2.642
6/8/2023 11:00,2.657
6/8/2023 12:00,2.631
6/8/2023 13:00,2.615
6/8/2023 14:00,2.616
6/8/2023 15:00,2.54
6/8/2023 16:00,2.529
6/8/2023 17:00,2.462
6/8/2023 18:00,2.398
6/8/2023 19:00,2.372
6/8/2023 20:00,2.365
6/8/2023 21:00,2.368
6/8/2023 22:00,2.378
6/8/2023 23:00,2.316
6/9/2023 0:00,2.312
6/9/2023 1:00,2.269
6/9/2023 2:00,2.366
6/9/2023 3:00,2.364
6/9/2023 4:00,2.372
6/9/2023 5:00,2.429
6/9/2023 6:00,2.45
6/9/2023 7:00,2.494
6/9/2023 8:00,2.492
6/9/2023 9:00,2.515
6/9/2023 10:00,2.534
6/9/2023 11:00,2.484
6/9/2023 12:00,2.462
6/9/2023 13:00,2.441
6/9/2023 14:00,2.446
6/9/2023 15:00,2.37
6/9/2023 16:00,2.371
6/9/2023 17:00,2.344
6/9/2023 18:00,2.361
6/9/2023 19:00,2.287
6/9/2023 20:00,2.242
6/9/2023 21:00,2.25
6/9/2023 22:00,2.252
6/9/2023 23:00,2.237
6/10/2023 0:00,2.212
6/10/2023 1:00,2.265
6/10/2023 2:00,2.263
6/10/2023 3:00,2.26
6/10/2023 4:00,2.274
6/10/2023 5:00,2.333
6/10/2023 6:00,2.349
6/10/2023 7:00,2.374
6/10/2023 8:00,2.362
6/10/2023 9:00,2.338
6/10/2023 10:00,2.308
6/10/2023 11:00,2.337
6/10/2023 12:00,2.296
6/10/2023 13:00,2.282
6/10/2023 14:00,2.224
6/10/2023 15:00,2.244
6/10/2023 16:00,2.196
6/10/2023 17:00,2.181
6/10/2023 18:00,2.175
6/10/2023 19:00,2.182
6/10/2023 20:00,2.188
6/10/2023 21:00,2.168
6/10/2023 22:00,2.188
6/10/2023 23:00,2.252
6/11/2023 0:00,2.25
6/11/2023 1:00,2.242
6/11/2023 2:00,2.213
6/11/2023 3:00,2.245
6/11/2023 4:00,2.288
6/11/2023 5:00,2.268
6/11/2023 6:00,2.317
6/11/2023 7:00,2.333
6/11/2023 8:00,2.307
6/11/2023 9:00,2.313
6/11/2023 10:00,2.282
6/11/2023 11:00,2.279
6/11/2023 12:00,2.244
6/11/2023 13:00,2.197
6/11/2023 14:00,2.17
6/11/2023 15:00,2.16
6/11/2023 16:00,2.062
6/11/2023 17:00,2.105
6/11/2023 18:00,2.126
6/11/2023 19:00,2.042
6/11/2023 20:00,2.064
6/11/2023 21:00,2.04
6/11/2023 22:00,2.021
6/11/2023 23:00,2.024
6/12/2023 0:00,2.038
6/12/2023 1:00,2.079
6/12/2023 2:00,2.13
6/12/2023 3:00,2.219
6/12/2023 4:00,2.213
6/12/2023 5:00,2.299
6/12/2023 6:00,2.299
6/12/2023 7:00,2.34
6/12/2023 8:00,2.335
6/12/2023 9:00,2.324
6/12/2023 10:00,2.358
6/12/2023 11:00,2.331
6/12/2023 12:00,2.323
6/12/2023 13:00,2.29
6/12/2023 14:00,2.41
6/12/2023 15:00,2.387
6/12/2023 16:00,2.332
6/12/2023 17:00,2.258
6/12/2023 18:00,2.248
6/12/2023 19:00,2.259
6/12/2023 20:00,2.242
6/12/2023 21:00,2.244
6/12/2023 22:00,2.184
6/12/2023 23:00,2.133
6/13/2023 0:00,2.177
6/13/2023 1:00,2.356
6/13/2023 2:00,2.538
6/13/2023 3:00,2.628
6/13/2023 4:00,2.632
6/13/2023 5:00,2.625
6/13/2023 6:00,2.681
6/13/2023 7:00,2.625
6/13/2023 8:00,2.665
6/13/2023 9:00,2.659
6/13/2023 10:00,2.653
6/13/2023 11:00,2.653
6/13/2023 12:00,2.658
6/13/2023 13:00,2.64
6/13/2023 14:00,2.576
6/13/2023 15:00,2.568
6/13/2023 16:00,2.554
6/13/2023 17:00,2.551
6/13/2023 18:00,2.65
6/13/2023 19:00,2.761
6/13/2023 20:00,2.725
6/13/2023 21:00,2.717
6/13/2023 22:00,2.709
6/13/2023 23:00,2.728
6/14/2023 0:00,2.743
6/14/2023 1:00,2.749
6/14/2023 2:00,2.791
6/14/2023 3:00,2.828
6/14/2023 4:00,2.887
6/14/2023 5:00,2.885
6/14/2023 6:00,2.922
6/14/2023 7:00,2.907
6/14/2023 8:00,2.919
6/14/2023 9:00,2.882
6/14/2023 10:00,2.849
6/14/2023 11:00,2.813
6/14/2023 12:00,2.759
6/14/2023 13:00,2.755
6/14/2023 14:00,2.701
6/14/2023 15:00,2.676
6/14/2023 16:00,2.679
6/14/2023 17:00,2.634
6/14/2023 18:00,2.668
6/14/2023 19:00,2.654
6/14/2023 20:00,2.643
6/14/2023 21:00,2.622
6/14/2023 22:00,2.658
6/14/2023 23:00,2.642
6/15/2023 0:00,2.636
6/15/2023 1:00,2.646
6/15/2023 2:00,2.669
6/15/2023 3:00,2.724
6/15/2023 4:00,2.731
6/15/2023 5:00,2.77
6/15/2023 6:00,2.832
6/15/2023 7:00,2.795
6/15/2023 8:00,2.851
6/15/2023 9:00,2.83
6/15/2023 10:00,2.84
6/15/2023 11:00,2.821
6/15/2023 12:00,2.851
6/15/2023 13:00,2.835
6/15/2023 14:00,2.897
6/15/2023 15:00,2.835
6/15/2023 16:00,2.815
6/15/2023 17:00,2.83
6/15/2023 18:00,2.787
6/15/2023 19:00,2.796
6/15/2023 20:00,2.802
6/15/2023 21:00,2.8
6/15/2023 22:00,2.843
6/15/2023 23:00,2.83
6/16/2023 0:00,2.854
6/16/2023 1:00,2.887
6/16/2023 2:00,2.885
6/16/2023 3:00,2.905
6/16/2023 4:00,2.948
6/16/2023 5:00,2.939
6/16/2023 6:00,2.905
6/16/2023 7:00,2.987
6/16/2023 8:00,2.977
6/16/2023 9:00,2.967
6/16/2023 10:00,3.005
6/16/2023 11:00,3.083
6/16/2023 12:00,3.011
6/16/2023 13:00,3.036
6/16/2023 14:00,3.026
6/16/2023 15:00,2.937
6/16/2023 16:00,3.055
6/16/2023 17:00,3.15
6/16/2023 18:00,3.203
6/16/2023 19:00,3.201
6/16/2023 20:00,3.236
6/16/2023 21:00,3.196
6/16/2023 22:00,3.211
6/16/2023 23:00,3.158
6/17/2023 0:00,3.229
6/17/2023 1:00,3.251
6/17/2023 2:00,3.27
6/17/2023 3:00,3.302
6/17/2023 4:00,3.271
6/17/2023 5:00,3.303
6/17/2023 6:00,3.298
6/17/2023 7:00,3.394
6/17/2023 8:00,3.383
6/17/2023 9:00,3.39
6/17/2023 10:00,3.365
6/17/2023 11:00,3.361
6/17/2023 12:00,3.343
6/17/2023 13:00,3.319
6/17/2023 14:00,3.303
6/17/2023 15:00,3.313
6/17/2023 16:00,3.286
6/17/2023 17:00,3.309
6/17/2023 18:00,3.314
6/17/2023 19:00,3.317
6/17/2023 20:00,3.367
6/17/2023 21:00,3.366
6/17/2023 22:00,3.325
6/17/2023 23:00,3.318
6/18/2023 0:00,3.304
6/18/2023 1:00,3.319
6/18/2023 2:00,3.314
6/18/2023 3:00,3.27
6/18/2023 4:00,3.27
6/18/2023 5:00,3.274
6/18/2023 6:00,3.272
6/18/2023 7:00,3.245
6/18/2023 8:00,3.226
6/18/2023 9:00,3.23
6/18/2023 10:00,3.222
6/18/2023 11:00,3.141
6/18/2023 12:00,3.122
6/18/2023 13:00,3.088
6/18/2023 14:00,3.062
6/18/2023 15:00,2.932
6/18/2023 16:00,2.769
6/18/2023 17:00,2.678
6/18/2023 18:00,2.664
6/18/2023 19:00,2.624
6/18/2023 20:00,2.64
6/18/2023 21:00,2.64
6/18/2023 22:00,2.643
6/18/2023 23:00,2.727
6/19/2023 0:00,2.715
6/19/2023 1:00,2.737
6/19/2023 2:00,2.73
6/19/2023 3:00,2.726
6/19/2023 4:00,2.751
6/19/2023 5:00,2.779
6/19/2023 6:00,2.823
6/19/2023 7:00,2.834
6/19/2023 8:00,2.843
6/19/2023 9:00,2.798
6/19/2023 10:00,2.817
6/19/2023 11:00,2.805
6/19/2023 12:00,2.783
6/19/2023 13:00,2.744
6/19/2023 14:00,2.719
6/19/2023 15:00,2.692
6/19/2023 16:00,2.667
6/19/2023 17:00,2.612
6/19/2023 18:00,2.605
6/19/2023 19:00,2.619
6/19/2023 20:00,2.613
6/19/2023 21:00,2.623
6/19/2023 22:00,2.664
6/19/2023 23:00,2.673
6/20/2023 0:00,2.648
6/20/2023 1:00,2.705
6/20/2023 2:00,2.735
6/20/2023 3:00,2.772
6/20/2023 4:00,2.809
6/20/2023 5:00,2.874
6/20/2023 6:00,2.89
6/20/2023 7:00,2.911
6/20/2023 8:00,2.9
6/20/2023 9:00,2.921
6/20/2023 10:00,2.92
6/20/2023 11:00,2.908
6/20/2023 12:00,2.863
6/20/2023 13:00,2.873
6/20/2023 14:00,2.917
6/20/2023 15:00,2.924
6/20/2023 16:00,3.052
6/20/2023 17:00,3.191
6/20/2023 18:00,3.307
6/20/2023 19:00,3.388
6/20/2023 20:00,3.481
6/20/2023 21:00,3.531
6/20/2023 22:00,3.57
6/20/2023 23:00,3.572
6/21/2023 0:00,3.614
6/21/2023 1:00,3.595
6/21/2023 2:00,3.579
6/21/2023 3:00,3.601
6/21/2023 4:00,3.594
6/21/2023 5:00,3.618
6/21/2023 6:00,3.652
6/21/2023 7:00,3.646
6/21/2023 8:00,3.706
6/21/2023 9:00,3.702
6/21/2023 10:00,3.704
6/21/2023 11:00,3.622
6/21/2023 12:00,3.603
6/21/2023 13:00,3.566
6/21/2023 14:00,3.526
6/21/2023 15:00,3.534
6/21/2023 16:00,3.591
6/21/2023 17:00,3.488
6/21/2023 18:00,3.478
6/21/2023 19:00,3.465
6/21/2023 20:00,3.441
6/21/2023 21:00,3.498
6/21/2023 22:00,3.506
6/21/2023 23:00,3.506
6/22/2023 0:00,3.553
6/22/2023 1:00,3.528
6/22/2023 2:00,3.602
6/22/2023 3:00,3.618
6/22/2023 4:00,3.679
6/22/2023 5:00,3.685
6/22/2023 6:00,3.662
6/22/2023 7:00,3.676
6/22/2023 8:00,3.679
6/22/2023 9:00,3.644
6/22/2023 10:00,3.658
6/22/2023 11:00,3.621
6/22/2023 12:00,3.624
6/22/2023 13:00,3.562
6/22/2023 14:00,3.525
6/22/2023 15:00,3.573
6/22/2023 16:00,3.533
6/22/2023 17:00,3.622
6/22/2023 18:00,3.629
6/22/2023 19:00,3.657
6/22/2023 20:00,3.702
6/22/2023 21:00,3.792
6/22/2023 22:00,3.842
6/22/2023 23:00,3.927
6/23/2023 0:00,4.116
6/23/2023 1:00,4.14
6/23/2023 2:00,4.199
6/23/2023 3:00,4.149
6/23/2023 4:00,4.159
6/23/2023 5:00,4.098
6/23/2023 6:00,4.135
6/23/2023 7:00,4.143
6/23/2023 8:00,4.1
6/23/2023 9:00,4.093
6/23/2023 10:00,4.161
6/23/2023 11:00,4.105
6/23/2023 12:00,4.104
6/23/2023 13:00,4.046
6/23/2023 14:00,4.031
6/23/2023 15:00,4.046
6/23/2023 16:00,4.02
6/23/2023 17:00,4.036
6/23/2023 18:00,4.024
6/23/2023 19:00,4.012
6/23/2023 20:00,4.053
6/23/2023 21:00,4.044
6/23/2023 22:00,4.071
6/23/2023 23:00,4.092
6/24/2023 0:00,4.107
6/24/2023 1:00,4.123
6/24/2023 2:00,4.161
6/24/2023 3:00,4.106
6/24/2023 4:00,4.195
6/24/2023 5:00,4.181
6/24/2023 6:00,4.219
6/24/2023 7:00,4.211
6/24/2023 8:00,4.228
6/24/2023 9:00,4.224
6/24/2023 10:00,4.257
6/24/2023 11:00,4.228
6/24/2023 12:00,4.213
6/24/2023 13:00,4.159
6/24/2023 14:00,4.008
6/24/2023 15:00,3.969
6/24/2023 16:00,3.926
6/24/2023 17:00,3.87
6/24/2023 18:00,3.853
6/24/2023 19:00,3.827
6/24/2023 20:00,3.883
6/24/2023 21:00,3.846
6/24/2023 22:00,3.912
6/24/2023 23:00,3.879
6/25/2023 0:00,3.931
6/25/2023 1:00,3.895
6/25/2023 2:00,3.908
6/25/2023 3:00,3.917
6/25/2023 4:00,3.946
6/25/2023 5:00,3.975
6/25/2023 6:00,3.966
6/25/2023 7:00,3.958
6/25/2023 8:00,3.972
6/25/2023 9:00,3.965
6/25/2023 10:00,3.933
6/25/2023 11:00,3.936
6/25/2023 12:00,3.869
6/25/2023 13:00,3.758
6/25/2023 14:00,3.8
6/25/2023 15:00,3.757
6/25/2023 16:00,3.664
6/25/2023 17:00,3.561
6/25/2023 18:00,3.545
6/25/2023 19:00,3.585
6/25/2023 20:00,3.561
6/25/2023 21:00,3.612
6/25/2023 22:00,3.653
6/25/2023 23:00,3.655
6/26/2023 0:00,3.623
6/26/2023 1:00,3.613
6/26/2023 2:00,3.639
6/26/2023 3:00,3.624
6/26/2023 4:00,3.665
6/26/2023 5:00,3.678
6/26/2023 6:00,3.736
6/26/2023 7:00,3.723
6/26/2023 8:00,3.708
6/26/2023 9:00,3.733
6/26/2023 10:00,3.723
6/26/2023 11:00,3.639
6/26/2023 12:00,3.532
6/26/2023 13:00,3.441
6/26/2023 14:00,3.312
6/26/2023 15:00,3.27
6/26/2023 16:00,3.207
6/26/2023 17:00,3.161
6/26/2023 18:00,3.094
6/26/2023 19:00,3.104
6/26/2023 20:00,3.01
6/26/2023 21:00,3.014
6/26/2023 22:00,2.938
6/26/2023 23:00,2.907
6/27/2023 0:00,2.875
6/27/2023 1:00,2.897
6/27/2023 2:00,2.821
6/27/2023 3:00,2.819
6/27/2023 4:00,2.754
6/27/2023 5:00,2.779
6/27/2023 6:00,2.712
6/27/2023 7:00,2.731
6/27/2023 8:00,2.701
6/27/2023 9:00,2.704
6/27/2023 10:00,2.718
6/27/2023 11:00,2.713
6/27/2023 12:00,2.667
6/27/2023 13:00,2.613
6/27/2023 14:00,2.649
6/27/2023 15:00,2.585
6/27/2023 16:00,2.563
6/27/2023 17:00,2.552
6/27/2023 18:00,2.542
6/27/2023 19:00,2.513
6/27/2023 20:00,2.58
6/27/2023 21:00,2.559
6/27/2023 22:00,2.555
6/27/2023 23:00,2.562
6/28/2023 0:00,2.58
6/28/2023 1:00,2.601
6/28/2023 2:00,2.598
6/28/2023 3:00,2.62
6/28/2023 4:00,2.624
6/28/2023 5:00,2.665
6/28/2023 6:00,2.672
6/28/2023 7:00,2.676
6/28/2023 8:00,2.678
6/28/2023 9:00,2.673
6/28/2023 10:00,2.689
6/28/2023 11:00,2.71
6/28/2023 12:00,2.675
6/28/2023 13:00,2.584
6/28/2023 14:00,2.592
6/28/2023 15:00,2.567
6/28/2023 16:00,2.492
6/28/2023 17:00,2.482
6/28/2023 18:00,2.477
6/28/2023 19:00,2.498
6/28/2023 20:00,2.499
6/28/2023 21:00,2.537
6/28/2023 22:00,2.547
6/28/2023 23:00,2.521
6/29/2023 0:00,2.53
6/29/2023 1:00,2.523
6/29/2023 2:00,2.549
6/29/2023 3:00,2.541
6/29/2023 4:00,2.562
6/29/2023 5:00,2.591
6/29/2023 6:00,2.594
6/29/2023 7:00,2.615
6/29/2023 8:00,2.64
6/29/2023 9:00,2.641
6/29/2023 10:00,2.601
6/29/2023 11:00,2.577
6/29/2023 12:00,2.564
6/29/2023 13:00,2.541
6/29/2023 14:00,2.533
6/29/2023 15:00,2.639
6/29/2023 16:00,2.712
6/29/2023 17:00,2.756
6/29/2023 18:00,2.716
6/29/2023 19:00,2.64
6/29/2023 20:00,2.721
6/29/2023 21:00,2.833
6/29/2023 22:00,2.845
6/29/2023 23:00,2.834
6/30/2023 0:00,2.847
6/30/2023 1:00,2.887
6/30/2023 2:00,2.89
6/30/2023 3:00,2.855
6/30/2023 4:00,2.884
6/30/2023 5:00,2.898
6/30/2023 6:00,2.902
6/30/2023 7:00,2.932
6/30/2023 8:00,2.898
6/30/2023 9:00,2.928
6/30/2023 10:00,2.929
6/30/2023 11:00,2.915
6/30/2023 12:00,2.875
6/30/2023 13:00,2.852
6/30/2023 14:00,2.85
6/30/2023 15:00,2.889
6/30/2023 16:00,2.91
6/30/2023 17:00,2.87
6/30/2023 18:00,2.886
6/30/2023 19:00,2.883
6/30/2023 20:00,2.884
6/30/2023 21:00,2.846
6/30/2023 22:00,2.863
6/30/2023 23:00,2.888
7/1/2023 0:00,2.878
7/1/2023 1:00,2.905
7/1/2023 2:00,2.914
7/1/2023 3:00,2.894
7/1/2023 4:00,2.929
7/1/2023 5:00,2.924
7/1/2023 6:00,2.965
7/1/2023 7:00,2.944
7/1/2023 8:00,2.962
7/1/2023 9:00,2.948
7/1/2023 10:00,2.904
7/1/2023 11:00,2.897
7/1/2023 12:00,2.902
7/1/2023 13:00,2.852
7/1/2023 14:00,2.805
7/1/2023 15:00,2.841
7/1/2023 16:00,2.791
7/1/2023 17:00,2.775
7/1/2023 18:00,2.754
7/1/2023 19:00,2.783
7/1/2023 20:00,2.756
7/1/2023 21:00,2.798
7/1/2023 22:00,2.832
7/1/2023 23:00,2.819
7/2/2023 0:00,2.83
7/2/2023 1:00,2.832
7/2/2023 2:00,2.852
7/2/2023 3:00,2.814
7/2/2023 4:00,2.837
7/2/2023 5:00,2.846
7/2/2023 6:00,2.874
7/2/2023 7:00,2.905
7/2/2023 8:00,2.88
7/2/2023 9:00,2.85
7/2/2023 10:00,2.835
7/2/2023 11:00,2.835
7/2/2023 12:00,2.808
7/2/2023 13:00,2.802
7/2/2023 14:00,2.782
7/2/2023 15:00,2.774
7/2/2023 16:00,2.744
7/2/2023 17:00,2.734
7/2/2023 18:00,2.681
7/2/2023 19:00,2.678
7/2/2023 20:00,2.683
7/2/2023 21:00,2.725
7/2/2023 22:00,2.736
7/2/2023 23:00,2.727
7/3/2023 0:00,2.707
7/3/2023 1:00,2.728
7/3/2023 2:00,2.701
7/3/2023 3:00,2.747
7/3/2023 4:00,2.751
7/3/2023 5:00,2.786
7/3/2023 6:00,2.774
7/3/2023 7:00,2.815
7/3/2023 8:00,2.796
7/3/2023 9:00,2.786
7/3/2023 10:00,2.732
7/3/2023 11:00,2.758
7/3/2023 12:00,2.748
7/3/2023 13:00,2.635
7/3/2023 14:00,2.549
7/3/2023 15:00,2.495
7/3/2023 16:00,2.402
7/3/2023 17:00,2.325
7/3/2023 18:00,2.294
7/3/2023 19:00,2.259
7/3/2023 20:00,2.267
7/3/2023 21:00,2.249
7/3/2023 22:00,2.277
7/3/2023 23:00,2.309
7/4/2023 0:00,2.322
7/4/2023 1:00,2.322
7/4/2023 2:00,2.333
7/4/2023 3:00,2.336
7/4/2023 4:00,2.368
7/4/2023 5:00,2.375
7/4/2023 6:00,2.336
7/4/2023 7:00,2.365
7/4/2023 8:00,2.342
7/4/2023 9:00,2.349
7/4/2023 10:00,2.342
7/4/2023 11:00,2.319
7/4/2023 12:00,2.26
7/4/2023 13:00,2.171
7/4/2023 14:00,2.148
7/4/2023 15:00,2.045
7/4/2023 16:00,1.967
7/4/2023 17:00,1.926
7/4/2023 18:00,1.902
7/4/2023 19:00,1.898
7/4/2023 20:00,1.922
7/4/2023 21:00,1.913
7/4/2023 22:00,1.909
7/4/2023 23:00,1.933
7/5/2023 0:00,1.926
7/5/2023 1:00,1.936
7/5/2023 2:00,1.941
7/5/2023 3:00,1.941
7/5/2023 4:00,1.975
7/5/2023 5:00,1.992
7/5/2023 6:00,2.027
7/5/2023 7:00,2.057
7/5/2023 8:00,2.078
7/5/2023 9:00,2.031
7/5/2023 10:00,2.066
7/5/2023 11:00,2.022
7/5/2023 12:00,1.99
7/5/2023 13:00,1.871
7/5/2023 14:00,1.853
7/5/2023 15:00,1.814
7/5/2023 16:00,1.839
7/5/2023 17:00,1.847
7/5/2023 18:00,1.873
7/5/2023 19:00,1.882
7/5/2023 20:00,1.914
7/5/2023 21:00,1.903
7/5/2023 22:00,1.877
7/5/2023 23:00,1.856
7/6/2023 0:00,1.856
7/6/2023 1:00,1.819
7/6/2023 2:00,1.77
7/6/2023 3:00,1.7
7/6/2023 4:00,1.667
7/6/2023 5:00,1.661
7/6/2023 6:00,1.656
7/6/2023 7:00,1.643
7/6/2023 8:00,1.618
7/6/2023 9:00,1.611
7/6/2023 10:00,1.594
7/6/2023 11:00,1.599
7/6/2023 12:00,1.663
7/6/2023 13:00,1.672
7/6/2023 14:00,1.649
7/6/2023 15:00,1.645
7/6/2023 16:00,1.635
7/6/2023 17:00,1.602
7/6/2023 18:00,1.554
7/6/2023 19:00,1.573
7/6/2023 20:00,1.549
7/6/2023 21:00,1.547
7/6/2023 22:00,1.538
7/6/2023 23:00,1.528
7/7/2023 0:00,1.534
7/7/2023 1:00,1.546
7/7/2023 2:00,1.538
7/7/2023 3:00,1.544
7/7/2023 4:00,1.541
7/7/2023 5:00,1.568
7/7/2023 6:00,1.58
7/7/2023 7:00,1.59
7/7/2023 8:00,1.582
7/7/2023 9:00,1.58
7/7/2023 10:00,1.57
7/7/2023 11:00,1.552
7/7/2023 12:00,1.525
7/7/2023 13:00,1.526
7/7/2023 14:00,1.477
7/7/2023 15:00,1.462
7/7/2023 16:00,1.435
7/7/2023 17:00,1.43
7/7/2023 18:00,1.42
7/7/2023 19:00,1.478
7/7/2023 20:00,1.527
7/7/2023 21:00,1.568
7/7/2023 22:00,1.603
7/7/2023 23:00,1.633
7/8/2023 0:00,1.655
7/8/2023 1:00,1.667
7/8/2023 2:00,1.684
7/8/2023 3:00,1.684
7/8/2023 4:00,1.697
7/8/2023 5:00,1.723
7/8/2023 6:00,1.771
7/8/2023 7:00,1.73
7/8/2023 8:00,1.749
7/8/2023 9:00,1.739
7/8/2023 10:00,1.686
7/8/2023 11:00,1.671
7/8/2023 12:00,1.644
7/8/2023 13:00,1.61
7/8/2023 14:00,1.595
7/8/2023 15:00,1.585
7/8/2023 16:00,1.573
7/8/2023 17:00,1.588
7/8/2023 18:00,1.561
7/8/2023 19:00,1.578
7/8/2023 20:00,1.572
7/8/2023 21:00,1.569
7/8/2023 22:00,1.59
7/8/2023 23:00,1.566
7/9/2023 0:00,1.601
7/9/2023 1:00,1.602
7/9/2023 2:00,1.629
7/9/2023 3:00,1.639
7/9/2023 4:00,1.65
7/9/2023 5:00,1.65
7/9/2023 6:00,1.645
7/9/2023 7:00,1.627
7/9/2023 8:00,1.623
7/9/2023 9:00,1.608
7/9/2023 10:00,1.6
7/9/2023 11:00,1.596
7/9/2023 12:00,1.551
7/9/2023 13:00,1.533
7/9/2023 14:00,1.512
7/9/2023 15:00,1.494
7/9/2023 16:00,1.481
7/9/2023 17:00,1.525
7/9/2023 18:00,1.572
7/9/2023 19:00,1.596
7/9/2023 20:00,1.613
7/9/2023 21:00,1.632
7/9/2023 22:00,1.636
7/9/2023 23:00,1.649
7/10/2023 0:00,1.653
7/10/2023 1:00,1.689
7/10/2023 2:00,1.694
7/10/2023 3:00,1.683
7/10/2023 4:00,1.677
7/10/2023 5:00,1.659
7/10/2023 6:00,1.675
7/10/2023 7:00,1.687
7/10/2023 8:00,1.691
7/10/2023 9:00,1.709
7/10/2023 10:00,1.7
7/10/2023 11:00,1.662
7/10/2023 12:00,1.675
7/10/2023 13:00,1.651
7/10/2023 14:00,1.642
7/10/2023 15:00,1.6
7/10/2023 16:00,1.598
7/10/2023 17:00,1.55
7/10/2023 18:00,1.563
7/10/2023 19:00,1.583
7/10/2023 20:00,1.601
7/10/2023 21:00,1.609
7/10/2023 22:00,1.625
7/10/2023 23:00,1.645
7/11/2023 0:00,1.639
7/11/2023 1:00,1.643
7/11/2023 2:00,1.686
7/11/2023 3:00,1.685
7/11/2023 4:00,1.681
7/11/2023 5:00,1.688
7/11/2023 6:00,1.695
7/11/2023 7:00,1.726
7/11/2023 8:00,1.714
7/11/2023 9:00,1.71
7/11/2023 10:00,1.716
7/11/2023 11:00,1.71
7/11/2023 12:00,1.666
7/11/2023 13:00,1.625
7/11/2023 14:00,1.576
7/11/2023 15:00,1.555
7/11/2023 16:00,1.508
7/11/2023 17:00,1.531
7/11/2023 18:00,1.519
7/11/2023 19:00,1.496
7/11/2023 20:00,1.492
7/11/2023 21:00,1.495
7/11/2023 22:00,1.499
7/11/2023 23:00,1.513
7/12/2023 0:00,1.514
7/12/2023 1:00,1.526
7/12/2023 2:00,1.547
7/12/2023 3:00,1.55
7/12/2023 4:00,1.564
7/12/2023 5:00,1.589
7/12/2023 6:00,1.588
7/12/2023 7:00,1.625
7/12/2023 8:00,1.618
7/12/2023 9:00,1.609
7/12/2023 10:00,1.598
7/12/2023 11:00,1.585
7/12/2023 12:00,1.585
7/12/2023 13:00,1.578
7/12/2023 14:00,1.548
7/12/2023 15:00,1.551
7/12/2023 16:00,1.537
7/12/2023 17:00,1.5
7/12/2023 18:00,1.488
7/12/2023 19:00,1.503
7/12/2023 20:00,1.499
7/12/2023 21:00,1.512
7/12/2023 22:00,1.522
7/12/2023 23:00,1.506
7/13/2023 0:00,1.508
7/13/2023 1:00,1.523
7/13/2023 2:00,1.536
7/13/2023 3:00,1.547
7/13/2023 4:00,1.566
7/13/2023 5:00,1.602
7/13/2023 6:00,1.59
7/13/2023 7:00,1.626
7/13/2023 8:00,1.614
7/13/2023 9:00,1.608
7/13/2023 10:00,1.603
7/13/2023 11:00,1.599
7/13/2023 12:00,1.571
7/13/2023 13:00,1.553
7/13/2023 14:00,1.559
7/13/2023 15:00,1.523
7/13/2023 16:00,1.556
7/13/2023 17:00,1.489
7/13/2023 18:00,1.447
7/13/2023 19:00,1.436
7/13/2023 20:00,1.439
7/13/2023 21:00,1.436
7/13/2023 22:00,1.449
7/13/2023 23:00,1.433
7/14/2023 0:00,1.45
7/14/2023 1:00,1.462
7/14/2023 2:00,1.48
7/14/2023 3:00,1.48
7/14/2023 4:00,1.493
7/14/2023 5:00,1.5
7/14/2023 6:00,1.512
7/14/2023 7:00,1.518
7/14/2023 8:00,1.528
7/14/2023 9:00,1.537
7/14/2023 10:00,1.52
7/14/2023 11:00,1.458
7/14/2023 12:00,1.418
7/14/2023 13:00,1.384
7/14/2023 14:00,1.286
7/14/2023 15:00,1.235
7/14/2023 16:00,1.219
7/14/2023 17:00,1.179
7/14/2023 18:00,1.161
7/14/2023 19:00,1.175
7/14/2023 20:00,1.156
7/14/2023 21:00,1.158
7/14/2023 22:00,1.16
7/14/2023 23:00,1.17
7/15/2023 0:00,1.17
7/15/2023 1:00,1.108
7/15/2023 2:00,1.106
7/15/2023 3:00,1.09
7/15/2023 4:00,1.04
7/15/2023 5:00,1.039
7/15/2023 6:00,1.048
7/15/2023 7:00,1.036
7/15/2023 8:00,1.04
7/15/2023 9:00,1.01
7/15/2023 10:00,1.008
7/15/2023 11:00,0.986
7/15/2023 12:00,0.96
7/15/2023 13:00,0.921
7/15/2023 14:00,0.918
7/15/2023 15:00,0.893
7/15/2023 16:00,0.848
7/15/2023 17:00,0.797
7/15/2023 18:00,0.799
7/15/2023 19:00,0.769
7/15/2023 20:00,0.739
7/15/2023 21:00,0.728
7/15/2023 22:00,0.693
7/15/2023 23:00,0.674
7/16/2023 0:00,0.658
7/16/2023 1:00,0.634
7/16/2023 2:00,0.62
7/16/2023 3:00,0.63
7/16/2023 4:00,0.63
7/16/2023 5:00,0.638
7/16/2023 6:00,0.64
7/16/2023 7:00,0.652
7/16/2023 8:00,0.649
7/16/2023 9:00,0.635
7/16/2023 10:00,0.617
7/16/2023 11:00,0.592
7/16/2023 12:00,0.584
7/16/2023 13:00,0.576
7/16/2023 14:00,0.55
7/16/2023 15:00,0.545
7/16/2023 16:00,0.53
7/16/2023 17:00,0.508
7/16/2023 18:00,0.496
7/16/2023 19:00,0.513
7/16/2023 20:00,0.538
7/16/2023 21:00,0.554
7/16/2023 22:00,0.554
7/16/2023 23:00,0.545
7/17/2023 0:00,0.535
7/17/2023 1:00,0.53
7/17/2023 2:00,0.521
7/17/2023 3:00,0.536
7/17/2023 4:00,0.548
7/17/2023 5:00,0.553
7/17/2023 6:00,0.565
7/17/2023 7:00,0.569
7/17/2023 8:00,0.566
7/17/2023 9:00,0.564
7/17/2023 10:00,0.536
7/17/2023 11:00,0.502
7/17/2023 12:00,0.496
7/17/2023 13:00,0.473
7/17/2023 14:00,0.449
7/17/2023 15:00,0.444
7/17/2023 16:00,0.121
7/17/2023 17:00,0.062
7/17/2023 18:00,0.284
7/17/2023 19:00,0.336
7/17/2023 20:00,0.332
7/17/2023 21:00,0.324
7/17/2023 22:00,0.285
7/17/2023 23:00,0.256
7/18/2023 0:00,0.25
7/18/2023 1:00,0.241
7/18/2023 2:00,0.232
7/18/2023 3:00,0.243
7/18/2023 4:00,0.241
7/18/2023 5:00,0.25
7/18/2023 6:00,0.263
7/18/2023 7:00,0.265
7/18/2023 8:00,0.258
7/18/2023 9:00,0.235
7/18/2023 10:00,0.283
7/18/2023 11:00,0.18
7/18/2023 12:00,0.065
7/18/2023 13:00,0.091
7/18/2023 14:00,0.071
7/18/2023 15:00,0.09
7/18/2023 16:00,0.111
7/18/2023 17:00,0.113
7/18/2023 18:00,0.131
7/18/2023 19:00,0.134
7/18/2023 20:00,0.132
7/18/2023 21:00,0.139
7/18/2023 22:00,0.136
7/18/2023 23:00,0.125
7/19/2023 0:00,0.124
7/19/2023 1:00,0.116
7/19/2023 2:00,0.108
7/19/2023 3:00,0.103
7/19/2023 4:00,0.086
7/19/2023 5:00,0.1
7/19/2023 6:00,0.109
7/19/2023 7:00,0.108
7/19/2023 8:00,0.095
7/19/2023 9:00,0.046
7/19/2023 10:00,0.028
7/19/2023 11:00,0.002
7/19/2023 12:00,-0.038
7/19/2023 13:00,0.047
7/19/2023 14:00,0.213
7/19/2023 15:00,0.284
7/19/2023 16:00,0.28
7/19/2023 17:00,0.208
7/19/2023 18:00,0.166
7/19/2023 19:00,0.153
7/19/2023 20:00,0.108
7/19/2023 21:00,0.082
7/19/2023 22:00,0.092
7/19/2023 23:00,0.089
7/20/2023 0:00,0.075
7/20/2023 1:00,0.075
7/20/2023 2:00,0.101
7/20/2023 3:00,0.125
7/20/2023 4:00,0.125
7/20/2023 5:00,0.143
7/20/2023 6:00,0.148
7/20/2023 7:00,0.174
7/20/2023 8:00,0.167
7/20/2023 9:00,0.362
7/20/2023 10:00,0.472
7/20/2023 11:00,0.378
7/20/2023 12:00,0.386
7/20/2023 13:00,0.306
7/20/2023 14:00,0.532
7/20/2023 15:00,0.553
7/20/2023 16:00,0.521
7/20/2023 17:00,0.528
7/20/2023 18:00,0.5
7/20/2023 19:00,0.489
7/20/2023 20:00,0.483
7/20/2023 21:00,0.499
7/20/2023 22:00,0.473
7/20/2023 23:00,0.38
7/21/2023 0:00,0.406
7/21/2023 1:00,0.404
7/21/2023 2:00,0.322
7/21/2023 3:00,0.303
7/21/2023 4:00,0.344
7/21/2023 5:00,0.368
7/21/2023 6:00,0.349
7/21/2023 7:00,0.342
7/21/2023 8:00,0.36
7/21/2023 9:00,0.342
7/21/2023 10:00,0.643
7/21/2023 11:00,0.592
7/21/2023 12:00,0.433
7/21/2023 13:00,0.356
7/21/2023 14:00,0.273
7/21/2023 15:00,0.261
7/21/2023 16:00,0.199
7/21/2023 17:00,0.276
7/21/2023 18:00,0.326
7/21/2023 19:00,0.323
7/21/2023 20:00,0.269
7/21/2023 21:00,0.266
7/21/2023 22:00,0.253
7/21/2023 23:00,0.19
7/22/2023 0:00,0.201
7/22/2023 1:00,0.245
7/22/2023 2:00,0.262
7/22/2023 3:00,0.271
7/22/2023 4:00,0.262
7/22/2023 5:00,0.252
7/22/2023 6:00,0.27
7/22/2023 7:00,0.282
7/22/2023 8:00,0.284
7/22/2023 9:00,0.281
7/22/2023 10:00,0.247
7/22/2023 11:00,0.209
7/22/2023 12:00,0.168
7/22/2023 13:00,0.145
7/22/2023 14:00,0.107
7/22/2023 15:00,0.12
7/22/2023 16:00,0.096
7/22/2023 17:00,0.056
7/22/2023 18:00,0.052
7/22/2023 19:00,0.051
7/22/2023 20:00,0.068
7/22/2023 21:00,0.09
7/22/2023 22:00,0.081
7/22/2023 23:00,0.079
7/23/2023 0:00,0.088
7/23/2023 1:00,0.098
7/23/2023 2:00,0.111
7/23/2023 3:00,0.135
7/23/2023 4:00,0.149
7/23/2023 5:00,0.159
7/23/2023 6:00,0.181
7/23/2023 7:00,0.205
7/23/2023 8:00,0.207
7/23/2023 9:00,0.193
7/23/2023 10:00,0.177
7/23/2023 11:00,0.127
7/23/2023 12:00,0.094
7/23/2023 13:00,0.049
7/23/2023 14:00,-0.009
7/23/2023 15:00,-0.014
7/23/2023 16:00,-0.011
7/23/2023 17:00,0.017
7/23/2023 18:00,0.025
7/23/2023 19:00,0.023
7/23/2023 20:00,0.036
7/23/2023 21:00,0.047
7/23/2023 22:00,0.057
7/23/2023 23:00,0.065
7/24/2023 0:00,0.075
7/24/2023 1:00,0.074
7/24/2023 2:00,0.081
7/24/2023 3:00,0.101
7/24/2023 4:00,0.111
7/24/2023 5:00,0.128
7/24/2023 6:00,0.149
7/24/2023 7:00,0.166
7/24/2023 8:00,0.17
7/24/2023 9:00,0.157
7/24/2023 10:00,0.122
7/24/2023 11:00,0.084
7/24/2023 12:00,0.062
7/24/2023 13:00,0.038
7/24/2023 14:00,-0.018
7/24/2023 15:00,-0.055
7/24/2023 16:00,0.009
7/24/2023 17:00,0.157
7/24/2023 18:00,0.15
7/24/2023 19:00,-0.05
7/24/2023 20:00,-0.043
7/24/2023 21:00,-0.041
7/24/2023 22:00,-0.015
7/24/2023 23:00,-0.009
7/25/2023 0:00,0.003
7/25/2023 1:00,0.026
7/25/2023 2:00,0.039
7/25/2023 3:00,0.059
7/25/2023 4:00,0.075
7/25/2023 5:00,0.095
7/25/2023 6:00,0.104
7/25/2023 7:00,0.138
7/25/2023 8:00,0.151
7/25/2023 9:00,0.241
7/25/2023 10:00,0.254
7/25/2023 11:00,0.198
7/25/2023 12:00,0.137
7/25/2023 13:00,0.076
7/25/2023 14:00,0.136
7/25/2023 15:00,0.137
7/25/2023 16:00,0.121
7/25/2023 16:27,
7/25/2023 16:27,
7/25/2023 16:28,
