Datetime,Water_Level_NoIce_ft
4/2/2024 14:00,0.942
4/2/2024 15:00,0.944
4/2/2024 16:00,0.942
4/2/2024 17:00,0.956
4/2/2024 18:00,0.97
4/2/2024 19:00,0.996
4/2/2024 20:00,1.013
4/2/2024 21:00,1.018
4/2/2024 22:00,1.016
4/2/2024 23:00,0.998
4/3/2024 0:00,1.003
4/3/2024 1:00,0.995
4/3/2024 2:00,0.996
4/3/2024 3:00,0.993
4/3/2024 4:00,0.993
4/3/2024 5:00,0.993
4/3/2024 6:00,0.988
4/3/2024 7:00,0.978
4/3/2024 8:00,0.93
4/3/2024 9:00,0.923
4/3/2024 10:00,0.899
4/3/2024 11:00,0.908
4/3/2024 12:00,0.933
4/3/2024 13:00,0.976
4/3/2024 14:00,1.011
4/3/2024 15:00,1.006
4/3/2024 16:00,1.02
4/3/2024 17:00,1.03
4/3/2024 18:00,1.059
4/3/2024 19:00,1.103
4/3/2024 20:00,1.121
4/3/2024 21:00,1.125
4/3/2024 22:00,1.144
4/3/2024 23:00,1.147
4/4/2024 0:00,1.157
4/4/2024 1:00,1.148
4/4/2024 2:00,1.152
4/4/2024 3:00,1.152
4/4/2024 4:00,1.107
4/4/2024 5:00,1.092
4/4/2024 6:00,1.067
4/4/2024 7:00,1.054
4/4/2024 8:00,1.019
4/4/2024 9:00,1.014
4/4/2024 10:00,1.036
4/4/2024 11:00,1.027
4/4/2024 12:00,1.045
4/4/2024 13:00,1.039
4/4/2024 14:00,1.049
4/4/2024 15:00,1.038
4/4/2024 16:00,1.068
4/4/2024 17:00,1.083
4/4/2024 18:00,1.083
4/4/2024 19:00,1.103
4/4/2024 20:00,1.091
4/4/2024 21:00,1.16
4/4/2024 22:00,1.167
4/4/2024 23:00,1.171
4/5/2024 0:00,1.209
4/5/2024 1:00,1.204
4/5/2024 2:00,1.205
4/5/2024 3:00,1.205
4/5/2024 4:00,1.196
4/5/2024 5:00,1.189
4/5/2024 6:00,1.196
4/5/2024 7:00,1.179
4/5/2024 8:00,1.182
4/5/2024 9:00,1.179
4/5/2024 10:00,1.183
4/5/2024 11:00,1.179
4/5/2024 12:00,1.187
4/5/2024 13:00,1.18
4/5/2024 14:00,1.183
4/5/2024 15:00,1.201
4/5/2024 16:00,1.233
4/5/2024 17:00,1.308
4/5/2024 18:00,1.328
4/5/2024 19:00,1.374
4/5/2024 20:00,1.404
4/5/2024 21:00,1.491
4/5/2024 22:00,1.516
4/5/2024 23:00,1.53
4/6/2024 0:00,1.529
4/6/2024 1:00,1.518
4/6/2024 2:00,1.529
4/6/2024 3:00,1.505
4/6/2024 4:00,1.505
4/6/2024 5:00,1.438
4/6/2024 6:00,1.388
4/6/2024 7:00,1.374
4/6/2024 8:00,1.349
4/6/2024 9:00,1.316
4/6/2024 10:00,1.321
4/6/2024 11:00,1.307
4/6/2024 12:00,1.303
4/6/2024 13:00,1.309
4/6/2024 14:00,1.239
4/6/2024 15:00,1.206
4/6/2024 16:00,1.158
4/6/2024 17:00,1.172
4/6/2024 18:00,1.165
4/6/2024 19:00,1.178
4/6/2024 20:00,1.25
4/6/2024 21:00,1.19
4/6/2024 22:00,1.2
4/6/2024 23:00,1.2
4/7/2024 0:00,1.191
4/7/2024 1:00,1.143
4/7/2024 2:00,1.134
4/7/2024 3:00,1.093
4/7/2024 4:00,1.055
4/7/2024 5:00,1.057
4/7/2024 6:00,1.062
4/7/2024 7:00,1.062
4/7/2024 8:00,1.042
4/7/2024 9:00,1.052
4/7/2024 10:00,1.037
4/7/2024 11:00,1.035
4/7/2024 12:00,1.015
4/7/2024 13:00,1.006
4/7/2024 14:00,1.01
4/7/2024 15:00,1.027
4/7/2024 16:00,1.045
4/7/2024 17:00,1.069
4/7/2024 18:00,1.128
4/7/2024 19:00,1.13
4/7/2024 20:00,1.124
4/7/2024 21:00,1.137
4/7/2024 22:00,1.133
4/7/2024 23:00,1.136
4/8/2024 0:00,1.136
4/8/2024 1:00,1.13
4/8/2024 2:00,1.114
4/8/2024 3:00,1.069
4/8/2024 4:00,1.073
4/8/2024 5:00,1.064
4/8/2024 6:00,1.027
4/8/2024 7:00,1.001
4/8/2024 8:00,0.992
4/8/2024 9:00,0.987
4/8/2024 10:00,1
4/8/2024 11:00,0.99
4/8/2024 12:00,0.999
4/8/2024 13:00,1.003
4/8/2024 14:00,1.002
4/8/2024 15:00,1.015
4/8/2024 16:00,1.013
4/8/2024 17:00,1.058
4/8/2024 18:00,1.082
4/8/2024 19:00,1.07
4/8/2024 20:00,1.09
4/8/2024 21:00,1.088
4/8/2024 22:00,1.095
4/8/2024 23:00,1.1
4/9/2024 0:00,1.094
4/9/2024 1:00,1.065
4/9/2024 2:00,1.056
4/9/2024 3:00,1.055
4/9/2024 4:00,1.039
4/9/2024 5:00,1.027
4/9/2024 6:00,0.963
4/9/2024 7:00,0.962
4/9/2024 8:00,0.96
4/9/2024 9:00,0.961
4/9/2024 10:00,0.958
4/9/2024 11:00,0.968
4/9/2024 12:00,0.974
4/9/2024 13:00,0.952
4/9/2024 14:00,0.942
4/9/2024 15:00,0.952
4/9/2024 16:00,0.948
4/9/2024 17:00,0.962
4/9/2024 18:00,0.975
4/9/2024 19:00,0.987
4/9/2024 20:00,1.032
4/9/2024 21:00,1.103
4/9/2024 22:00,1.133
4/9/2024 23:00,1.135
4/10/2024 0:00,1.145
4/10/2024 1:00,1.143
4/10/2024 2:00,1.151
4/10/2024 3:00,1.145
4/10/2024 4:00,1.148
4/10/2024 5:00,1.141
4/10/2024 6:00,1.137
4/10/2024 7:00,1.126
4/10/2024 8:00,1.101
4/10/2024 9:00,1.103
4/10/2024 10:00,1.098
4/10/2024 11:00,1.099
4/10/2024 12:00,1.093
4/10/2024 13:00,1.094
4/10/2024 14:00,1.094
4/10/2024 15:00,1.089
4/10/2024 16:00,1.089
4/10/2024 17:00,1.096
4/10/2024 18:00,1.087
4/10/2024 19:00,1.083
4/10/2024 20:00,1.091
4/10/2024 21:00,1.091
4/10/2024 22:00,1.112
4/10/2024 23:00,1.125
4/11/2024 0:00,1.135
4/11/2024 1:00,1.134
4/11/2024 2:00,1.161
4/11/2024 3:00,1.248
4/11/2024 4:00,1.238
4/11/2024 5:00,1.24
4/11/2024 6:00,1.206
4/11/2024 7:00,1.149
4/11/2024 8:00,1.148
4/11/2024 9:00,1.146
4/11/2024 10:00,1.137
4/11/2024 11:00,1.146
4/11/2024 12:00,1.144
4/11/2024 13:00,1.124
4/11/2024 14:00,1.092
4/11/2024 15:00,1.083
4/11/2024 16:00,1.117
4/11/2024 17:00,1.16
4/11/2024 18:00,1.183
4/11/2024 19:00,1.241
4/11/2024 20:00,1.277
4/11/2024 21:00,1.276
4/11/2024 22:00,1.251
4/11/2024 23:00,1.248
4/12/2024 0:00,1.238
4/12/2024 1:00,1.282
4/12/2024 2:00,1.294
4/12/2024 3:00,1.292
4/12/2024 4:00,1.312
4/12/2024 5:00,1.315
4/12/2024 6:00,1.29
4/12/2024 7:00,1.258
4/12/2024 8:00,1.267
4/12/2024 9:00,1.26
4/12/2024 10:00,1.194
4/12/2024 11:00,1.199
4/12/2024 12:00,1.186
4/12/2024 13:00,1.232
4/12/2024 14:00,1.201
4/12/2024 15:00,1.203
4/12/2024 16:00,1.249
4/12/2024 17:00,1.288
4/12/2024 18:00,1.308
4/12/2024 19:00,1.335
4/12/2024 20:00,1.364
4/12/2024 21:00,1.383
4/12/2024 22:00,1.404
4/12/2024 23:00,1.425
4/13/2024 0:00,1.479
4/13/2024 1:00,1.481
4/13/2024 2:00,1.504
4/13/2024 3:00,1.53
4/13/2024 4:00,1.524
4/13/2024 5:00,1.527
4/13/2024 6:00,1.488
4/13/2024 7:00,1.44
4/13/2024 8:00,1.436
4/13/2024 9:00,1.43
4/13/2024 10:00,1.404
4/13/2024 11:00,1.388
4/13/2024 12:00,1.367
4/13/2024 13:00,1.367
4/13/2024 14:00,1.363
4/13/2024 15:00,1.367
4/13/2024 16:00,1.378
4/13/2024 17:00,1.391
4/13/2024 18:00,1.414
4/13/2024 19:00,1.43
4/13/2024 20:00,1.461
4/13/2024 21:00,1.568
4/13/2024 22:00,1.596
4/13/2024 23:00,1.643
4/14/2024 0:00,1.676
4/14/2024 1:00,1.686
4/14/2024 2:00,1.679
4/14/2024 3:00,1.681
4/14/2024 4:00,1.675
4/14/2024 5:00,1.67
4/14/2024 6:00,1.666
4/14/2024 7:00,1.645
4/14/2024 8:00,1.654
4/14/2024 9:00,1.652
4/14/2024 10:00,1.663
4/14/2024 11:00,1.628
4/14/2024 12:00,1.541
4/14/2024 13:00,1.471
4/14/2024 14:00,1.485
4/14/2024 15:00,1.491
4/14/2024 16:00,1.521
4/14/2024 17:00,1.534
4/14/2024 18:00,1.55
4/14/2024 19:00,1.552
4/14/2024 20:00,1.672
4/14/2024 21:00,1.683
4/14/2024 22:00,1.689
4/14/2024 23:00,1.691
4/15/2024 0:00,1.695
4/15/2024 1:00,1.695
4/15/2024 2:00,1.692
4/15/2024 3:00,1.706
4/15/2024 4:00,1.729
4/15/2024 5:00,1.734
4/15/2024 6:00,1.718
4/15/2024 7:00,1.728
4/15/2024 8:00,1.73
4/15/2024 9:00,1.717
4/15/2024 10:00,1.718
4/15/2024 11:00,1.717
4/15/2024 12:00,1.706
4/15/2024 13:00,1.696
4/15/2024 14:00,1.706
4/15/2024 15:00,1.715
4/15/2024 16:00,1.716
4/15/2024 17:00,1.704
4/15/2024 18:00,1.72
4/15/2024 19:00,1.725
4/15/2024 20:00,1.713
4/15/2024 21:00,1.704
4/15/2024 22:00,1.703
4/15/2024 23:00,1.705
4/16/2024 0:00,1.701
4/16/2024 1:00,1.697
4/16/2024 2:00,1.694
4/16/2024 3:00,1.698
4/16/2024 4:00,1.703
4/16/2024 5:00,1.697
4/16/2024 6:00,1.678
4/16/2024 7:00,1.68
4/16/2024 8:00,1.669
4/16/2024 9:00,1.652
4/16/2024 10:00,1.651
4/16/2024 11:00,1.547
4/16/2024 12:00,1.444
4/16/2024 13:00,1.431
4/16/2024 14:00,1.445
4/16/2024 15:00,1.444
4/16/2024 16:00,1.44
4/16/2024 17:00,1.479
4/16/2024 18:00,1.521
4/16/2024 19:00,1.564
4/16/2024 20:00,1.601
4/16/2024 21:00,1.615
4/16/2024 22:00,1.603
4/16/2024 23:00,1.59
4/17/2024 0:00,1.591
4/17/2024 1:00,1.594
4/17/2024 2:00,1.597
4/17/2024 3:00,1.582
4/17/2024 4:00,1.575
4/17/2024 5:00,1.531
4/17/2024 6:00,1.517
4/17/2024 7:00,1.473
4/17/2024 8:00,1.451
4/17/2024 9:00,1.448
4/17/2024 10:00,1.441
4/17/2024 11:00,1.437
4/17/2024 12:00,1.421
4/17/2024 13:00,1.401
4/17/2024 14:00,1.375
4/17/2024 15:00,1.455
4/17/2024 16:00,1.429
4/17/2024 17:00,1.441
4/17/2024 18:00,1.471
4/17/2024 19:00,1.498
4/17/2024 20:00,1.535
4/17/2024 21:00,1.538
4/17/2024 22:00,1.542
4/17/2024 23:00,1.616
4/18/2024 0:00,1.633
4/18/2024 1:00,1.696
4/18/2024 2:00,1.704
4/18/2024 3:00,1.699
4/18/2024 4:00,1.701
4/18/2024 5:00,1.693
4/18/2024 6:00,1.692
4/18/2024 7:00,1.702
4/18/2024 8:00,1.684
4/18/2024 9:00,1.692
4/18/2024 10:00,1.685
4/18/2024 11:00,1.682
4/18/2024 12:00,1.694
4/18/2024 13:00,1.686
4/18/2024 14:00,1.671
4/18/2024 15:00,1.653
4/18/2024 16:00,1.639
4/18/2024 17:00,1.562
4/18/2024 18:00,1.601
4/18/2024 19:00,1.574
4/18/2024 20:00,1.566
4/18/2024 21:00,1.57
4/18/2024 22:00,1.58
4/18/2024 23:00,1.581
4/19/2024 0:00,1.589
4/19/2024 1:00,1.569
4/19/2024 2:00,1.603
4/19/2024 3:00,1.634
4/19/2024 4:00,1.644
4/19/2024 5:00,1.643
4/19/2024 6:00,1.644
4/19/2024 7:00,1.633
4/19/2024 8:00,1.54
4/19/2024 9:00,1.535
4/19/2024 10:00,1.564
4/19/2024 11:00,1.527
4/19/2024 12:00,1.522
4/19/2024 13:00,1.534
4/19/2024 14:00,1.506
4/19/2024 15:00,1.462
4/19/2024 16:00,1.52
4/19/2024 17:00,1.518
4/19/2024 18:00,1.522
4/19/2024 19:00,1.473
4/19/2024 20:00,1.471
4/19/2024 21:00,1.474
4/19/2024 22:00,1.525
4/19/2024 23:00,1.527
4/20/2024 0:00,1.538
4/20/2024 1:00,1.57
4/20/2024 2:00,1.57
4/20/2024 3:00,1.614
4/20/2024 4:00,1.64
4/20/2024 5:00,1.631
4/20/2024 6:00,1.637
4/20/2024 7:00,1.651
4/20/2024 8:00,1.656
4/20/2024 9:00,1.663
4/20/2024 10:00,1.648
4/20/2024 11:00,1.656
4/20/2024 12:00,1.655
4/20/2024 13:00,1.659
4/20/2024 14:00,1.649
4/20/2024 15:00,1.648
4/20/2024 16:00,1.611
4/20/2024 17:00,1.609
4/20/2024 18:00,1.637
4/20/2024 19:00,1.66
4/20/2024 20:00,1.663
4/20/2024 21:00,1.67
4/20/2024 22:00,1.676
4/20/2024 23:00,1.686
4/21/2024 0:00,1.692
4/21/2024 1:00,1.684
4/21/2024 2:00,1.684
4/21/2024 3:00,1.689
4/21/2024 4:00,1.688
4/21/2024 5:00,1.682
4/21/2024 6:00,1.688
4/21/2024 7:00,1.692
4/21/2024 8:00,1.686
4/21/2024 9:00,1.687
4/21/2024 10:00,1.683
4/21/2024 11:00,1.679
4/21/2024 12:00,1.67
4/21/2024 13:00,1.677
4/21/2024 14:00,1.683
4/21/2024 15:00,1.68
4/21/2024 16:00,1.678
4/21/2024 17:00,1.61
4/21/2024 18:00,1.617
4/21/2024 19:00,1.659
4/21/2024 20:00,1.668
4/21/2024 21:00,1.673
4/21/2024 22:00,1.687
4/21/2024 23:00,1.693
4/22/2024 0:00,1.697
4/22/2024 1:00,1.714
4/22/2024 2:00,1.716
4/22/2024 3:00,1.731
4/22/2024 4:00,1.749
4/22/2024 5:00,1.767
4/22/2024 6:00,1.773
4/22/2024 7:00,1.772
4/22/2024 8:00,1.76
4/22/2024 9:00,1.76
4/22/2024 10:00,1.759
4/22/2024 11:00,1.777
4/22/2024 12:00,1.75
4/22/2024 13:00,1.745
4/22/2024 14:00,1.732
4/22/2024 15:00,1.754
4/22/2024 16:00,1.741
4/22/2024 17:00,1.737
4/22/2024 18:00,1.738
4/22/2024 19:00,1.733
4/22/2024 20:00,1.722
4/22/2024 21:00,1.739
4/22/2024 22:00,1.764
4/22/2024 23:00,1.773
4/23/2024 0:00,1.819
4/23/2024 1:00,1.857
4/23/2024 2:00,1.883
4/23/2024 3:00,1.908
4/23/2024 4:00,1.908
4/23/2024 5:00,1.927
4/23/2024 6:00,1.912
4/23/2024 7:00,1.911
4/23/2024 8:00,1.918
4/23/2024 9:00,1.893
4/23/2024 10:00,1.886
4/23/2024 11:00,1.856
4/23/2024 12:00,1.857
4/23/2024 13:00,1.85
4/23/2024 14:00,1.84
4/23/2024 15:00,1.82
4/23/2024 16:00,1.64
4/23/2024 17:00,1.823
4/23/2024 18:00,1.824
4/23/2024 19:00,1.799
4/23/2024 20:00,1.813
4/23/2024 21:00,1.815
4/23/2024 22:00,1.821
4/23/2024 23:00,1.829
4/24/2024 0:00,1.85
4/24/2024 1:00,1.853
4/24/2024 2:00,1.87
4/24/2024 3:00,1.889
4/24/2024 4:00,1.908
4/24/2024 5:00,1.926
4/24/2024 6:00,1.913
4/24/2024 7:00,1.927
4/24/2024 8:00,1.917
4/24/2024 9:00,1.898
4/24/2024 10:00,1.895
4/24/2024 11:00,1.892
4/24/2024 12:00,1.881
4/24/2024 13:00,1.889
4/24/2024 14:00,1.87
4/24/2024 15:00,1.861
4/24/2024 16:00,1.855
4/24/2024 17:00,1.862
4/24/2024 18:00,1.863
4/24/2024 19:00,1.866
4/24/2024 20:00,1.869
4/24/2024 21:00,1.879
4/24/2024 22:00,1.911
4/24/2024 23:00,1.915
4/25/2024 0:00,1.932
4/25/2024 1:00,1.97
4/25/2024 2:00,2.053
4/25/2024 3:00,2.068
4/25/2024 4:00,2.095
4/25/2024 5:00,2.091
4/25/2024 6:00,2.062
4/25/2024 7:00,2.064
4/25/2024 8:00,2.045
4/25/2024 9:00,2.034
4/25/2024 10:00,2.022
4/25/2024 11:00,1.989
4/25/2024 12:00,1.993
4/25/2024 13:00,1.985
4/25/2024 14:00,1.972
4/25/2024 15:00,1.972
4/25/2024 16:00,1.966
4/25/2024 17:00,1.973
4/25/2024 18:00,1.969
4/25/2024 19:00,1.959
4/25/2024 20:00,1.956
4/25/2024 21:00,1.963
4/25/2024 22:00,1.952
4/25/2024 23:00,1.975
4/26/2024 0:00,1.996
4/26/2024 1:00,2.028
4/26/2024 2:00,2.057
4/26/2024 3:00,2.07
4/26/2024 4:00,2.097
4/26/2024 5:00,2.115
4/26/2024 6:00,2.118
4/26/2024 7:00,2.101
4/26/2024 8:00,2.091
4/26/2024 9:00,2.076
4/26/2024 10:00,2.081
4/26/2024 11:00,2.063
4/26/2024 12:00,2.01
4/26/2024 13:00,2.117
4/26/2024 14:00,2.048
4/26/2024 15:00,2.049
4/26/2024 16:00,2.037
4/26/2024 17:00,2.034
4/26/2024 18:00,2.03
4/26/2024 19:00,2.016
4/26/2024 20:00,2.022
4/26/2024 21:00,2.028
4/26/2024 22:00,2.028
4/26/2024 23:00,2.056
4/27/2024 0:00,2.076
4/27/2024 1:00,2.108
4/27/2024 2:00,2.142
4/27/2024 3:00,2.156
4/27/2024 4:00,2.172
4/27/2024 5:00,2.172
4/27/2024 6:00,2.164
4/27/2024 7:00,2.16
4/27/2024 8:00,2.15
4/27/2024 9:00,2.122
4/27/2024 10:00,2.121
4/27/2024 11:00,2.111
4/27/2024 12:00,2.106
4/27/2024 13:00,2.104
4/27/2024 14:00,2.116
4/27/2024 15:00,2.084
4/27/2024 16:00,2.072
4/27/2024 17:00,2.063
4/27/2024 18:00,2.087
4/27/2024 19:00,2.079
4/27/2024 20:00,2.077
4/27/2024 21:00,2.074
4/27/2024 22:00,2.073
4/27/2024 23:00,2.084
4/28/2024 0:00,2.072
4/28/2024 1:00,2.059
4/28/2024 2:00,2.05
4/28/2024 3:00,2.021
4/28/2024 4:00,2.008
4/28/2024 5:00,2.003
4/28/2024 6:00,1.981
4/28/2024 7:00,1.973
4/28/2024 8:00,1.968
4/28/2024 9:00,1.953
4/28/2024 10:00,1.936
4/28/2024 11:00,1.948
4/28/2024 12:00,1.92
4/28/2024 13:00,1.9
4/28/2024 14:00,1.899
4/28/2024 15:00,1.897
4/28/2024 16:00,1.887
4/28/2024 17:00,1.861
4/28/2024 18:00,1.869
4/28/2024 19:00,1.857
4/28/2024 20:00,1.858
4/28/2024 21:00,1.852
4/28/2024 22:00,1.812
4/28/2024 23:00,1.822
4/29/2024 0:00,1.814
4/29/2024 1:00,1.821
4/29/2024 2:00,1.818
4/29/2024 3:00,1.816
4/29/2024 4:00,1.807
4/29/2024 5:00,1.808
4/29/2024 6:00,1.781
4/29/2024 7:00,1.8
4/29/2024 8:00,1.787
4/29/2024 9:00,1.797
4/29/2024 10:00,1.783
4/29/2024 11:00,1.776
4/29/2024 12:00,1.767
4/29/2024 13:00,1.762
4/29/2024 14:00,1.764
4/29/2024 15:00,1.761
4/29/2024 16:00,1.753
4/29/2024 17:00,1.744
4/29/2024 18:00,1.737
4/29/2024 19:00,1.731
4/29/2024 20:00,1.733
4/29/2024 21:00,1.718
4/29/2024 22:00,1.725
4/29/2024 23:00,1.721
4/30/2024 0:00,1.702
4/30/2024 1:00,1.716
4/30/2024 2:00,1.718
4/30/2024 3:00,1.719
4/30/2024 4:00,1.713
4/30/2024 5:00,1.723
4/30/2024 6:00,1.729
4/30/2024 7:00,1.734
4/30/2024 8:00,1.741
4/30/2024 9:00,1.73
4/30/2024 10:00,1.723
4/30/2024 11:00,1.745
4/30/2024 12:00,1.746
4/30/2024 13:00,1.756
4/30/2024 14:00,1.749
4/30/2024 15:00,1.747
4/30/2024 16:00,1.539
4/30/2024 17:00,1.813
4/30/2024 18:00,1.861
4/30/2024 19:00,1.928
4/30/2024 20:00,2.034
4/30/2024 21:00,2.228
4/30/2024 22:00,2.418
4/30/2024 23:00,2.517
5/1/2024 0:00,2.585
5/1/2024 1:00,2.627
5/1/2024 2:00,2.675
5/1/2024 3:00,2.704
5/1/2024 4:00,2.713
5/1/2024 5:00,2.728
5/1/2024 6:00,2.714
5/1/2024 7:00,2.712
5/1/2024 8:00,2.691
5/1/2024 9:00,2.697
5/1/2024 10:00,2.686
5/1/2024 11:00,2.701
5/1/2024 12:00,2.685
5/1/2024 13:00,2.671
5/1/2024 14:00,2.65
5/1/2024 15:00,2.654
5/1/2024 16:00,2.64
5/1/2024 17:00,2.614
5/1/2024 18:00,2.661
5/1/2024 19:00,2.649
5/1/2024 20:00,2.662
5/1/2024 21:00,2.679
5/1/2024 22:00,2.688
5/1/2024 23:00,2.686
5/2/2024 0:00,2.695
5/2/2024 1:00,2.717
5/2/2024 2:00,2.678
5/2/2024 3:00,2.692
5/2/2024 4:00,2.689
5/2/2024 5:00,2.669
5/2/2024 6:00,2.678
5/2/2024 7:00,2.646
5/2/2024 8:00,2.666
5/2/2024 9:00,2.633
5/2/2024 10:00,2.629
5/2/2024 11:00,2.636
5/2/2024 12:00,2.627
5/2/2024 13:00,2.649
5/2/2024 14:00,2.644
5/2/2024 15:00,2.615
5/2/2024 16:00,2.62
5/2/2024 17:00,2.623
5/2/2024 18:00,2.636
5/2/2024 19:00,2.624
5/2/2024 20:00,2.61
5/2/2024 21:00,2.632
5/2/2024 22:00,2.618
5/2/2024 23:00,2.609
5/3/2024 0:00,2.629
5/3/2024 1:00,2.617
5/3/2024 2:00,2.622
5/3/2024 3:00,2.645
5/3/2024 4:00,2.667
5/3/2024 5:00,2.633
5/3/2024 6:00,2.655
5/3/2024 7:00,2.632
5/3/2024 8:00,2.64
5/3/2024 9:00,2.634
5/3/2024 10:00,2.617
5/3/2024 11:00,2.635
5/3/2024 12:00,2.615
5/3/2024 13:00,2.604
5/3/2024 14:00,2.609
5/3/2024 15:00,2.575
5/3/2024 16:00,2.599
5/3/2024 17:00,2.582
5/3/2024 18:00,2.611
5/3/2024 19:00,2.603
5/3/2024 20:00,2.616
5/3/2024 21:00,2.605
5/3/2024 22:00,2.626
5/3/2024 23:00,2.637
5/4/2024 0:00,2.638
5/4/2024 1:00,2.681
5/4/2024 2:00,2.662
5/4/2024 3:00,2.662
5/4/2024 4:00,2.662
5/4/2024 5:00,2.658
5/4/2024 6:00,2.652
5/4/2024 7:00,2.682
5/4/2024 8:00,2.668
5/4/2024 9:00,2.625
5/4/2024 10:00,2.647
5/4/2024 11:00,2.64
5/4/2024 12:00,2.632
5/4/2024 13:00,2.574
5/4/2024 14:00,2.553
5/4/2024 15:00,2.505
5/4/2024 16:00,2.498
5/4/2024 17:00,2.498
5/4/2024 18:00,2.466
5/4/2024 19:00,2.464
5/4/2024 20:00,2.489
5/4/2024 21:00,2.483
5/4/2024 22:00,2.49
5/4/2024 23:00,2.5
5/5/2024 0:00,2.497
5/5/2024 1:00,2.531
5/5/2024 2:00,2.55
5/5/2024 3:00,2.603
5/5/2024 4:00,2.619
5/5/2024 5:00,2.647
5/5/2024 6:00,2.621
5/5/2024 7:00,2.619
5/5/2024 8:00,2.634
5/5/2024 9:00,2.629
5/5/2024 10:00,2.639
5/5/2024 11:00,2.624
5/5/2024 12:00,2.646
5/5/2024 13:00,2.606
5/5/2024 14:00,2.624
5/5/2024 15:00,2.652
5/5/2024 16:00,2.63
5/5/2024 17:00,2.649
5/5/2024 18:00,2.671
5/5/2024 19:00,2.67
5/5/2024 20:00,2.667
5/5/2024 21:00,2.684
5/5/2024 22:00,2.72
5/5/2024 23:00,2.73
5/6/2024 0:00,2.727
5/6/2024 1:00,2.745
5/6/2024 2:00,2.751
5/6/2024 3:00,2.789
5/6/2024 4:00,2.791
5/6/2024 5:00,2.817
5/6/2024 6:00,2.815
5/6/2024 7:00,2.809
5/6/2024 8:00,2.828
5/6/2024 9:00,2.784
5/6/2024 10:00,2.813
5/6/2024 11:00,2.815
5/6/2024 12:00,2.8
5/6/2024 13:00,2.822
5/6/2024 14:00,2.794
5/6/2024 15:00,2.779
5/6/2024 16:00,2.779
5/6/2024 17:00,2.774
5/6/2024 18:00,2.833
5/6/2024 19:00,2.744
5/6/2024 20:00,2.773
5/6/2024 21:00,2.751
5/6/2024 22:00,2.764
5/6/2024 23:00,2.749
5/7/2024 0:00,2.757
5/7/2024 1:00,2.742
5/7/2024 2:00,2.754
5/7/2024 3:00,2.777
5/7/2024 4:00,2.724
5/7/2024 5:00,2.718
5/7/2024 6:00,2.702
5/7/2024 7:00,2.686
5/7/2024 8:00,2.695
5/7/2024 9:00,2.708
5/7/2024 10:00,2.714
5/7/2024 11:00,2.694
5/7/2024 12:00,2.677
5/7/2024 13:00,2.671
5/7/2024 14:00,2.653
5/7/2024 15:00,2.679
5/7/2024 16:00,2.67
5/7/2024 17:00,2.661
5/7/2024 18:00,2.662
5/7/2024 19:00,2.652
5/7/2024 20:00,2.645
5/7/2024 21:00,2.634
5/7/2024 22:00,2.613
5/7/2024 23:00,2.629
5/8/2024 0:00,2.598
5/8/2024 1:00,2.592
5/8/2024 2:00,2.579
5/8/2024 3:00,2.589
5/8/2024 4:00,2.561
5/8/2024 5:00,2.545
5/8/2024 6:00,2.532
5/8/2024 7:00,2.497
5/8/2024 8:00,2.467
5/8/2024 9:00,2.467
5/8/2024 10:00,2.432
5/8/2024 11:00,2.434
5/8/2024 12:00,2.436
5/8/2024 13:00,2.41
5/8/2024 14:00,2.393
5/8/2024 15:00,2.391
5/8/2024 16:00,2.383
5/8/2024 17:00,2.396
5/8/2024 18:00,2.399
5/8/2024 19:00,2.392
5/8/2024 20:00,2.42
5/8/2024 21:00,2.388
5/8/2024 22:00,2.388
5/8/2024 23:00,2.387
5/9/2024 0:00,2.375
5/9/2024 1:00,2.363
5/9/2024 2:00,2.35
5/9/2024 3:00,2.366
5/9/2024 4:00,2.343
5/9/2024 5:00,2.355
5/9/2024 6:00,2.326
5/9/2024 7:00,2.333
5/9/2024 8:00,2.316
5/9/2024 9:00,2.316
5/9/2024 10:00,2.293
5/9/2024 11:00,2.286
5/9/2024 12:00,2.279
5/9/2024 13:00,2.281
5/9/2024 14:00,2.271
5/9/2024 15:00,2.261
5/9/2024 16:00,2.272
5/9/2024 17:00,2.273
5/9/2024 18:00,2.292
5/9/2024 19:00,2.269
5/9/2024 20:00,2.243
5/9/2024 21:00,2.266
5/9/2024 22:00,2.276
5/9/2024 23:00,2.28
5/10/2024 0:00,2.277
5/10/2024 1:00,2.255
5/10/2024 2:00,2.275
5/10/2024 3:00,2.269
5/10/2024 4:00,2.244
5/10/2024 5:00,2.242
5/10/2024 6:00,2.262
5/10/2024 7:00,2.242
5/10/2024 8:00,2.221
5/10/2024 9:00,2.213
5/10/2024 10:00,2.206
5/10/2024 11:00,2.198
5/10/2024 12:00,2.205
5/10/2024 13:00,2.203
5/10/2024 14:00,2.181
5/10/2024 15:00,2.186
5/10/2024 16:00,2.188
5/10/2024 17:00,2.185
5/10/2024 18:00,2.179
5/10/2024 19:00,2.173
5/10/2024 20:00,2.173
5/10/2024 21:00,2.176
5/10/2024 22:00,2.188
5/10/2024 23:00,2.174
5/11/2024 0:00,2.184
5/11/2024 1:00,2.178
5/11/2024 2:00,2.181
5/11/2024 3:00,2.2
5/11/2024 4:00,2.201
5/11/2024 5:00,2.185
5/11/2024 6:00,2.176
5/11/2024 7:00,2.186
5/11/2024 8:00,2.184
5/11/2024 9:00,2.197
5/11/2024 10:00,2.192
5/11/2024 11:00,2.23
5/11/2024 12:00,2.233
5/11/2024 13:00,2.224
5/11/2024 14:00,2.207
5/11/2024 15:00,2.204
5/11/2024 16:00,2.2
5/11/2024 17:00,2.187
5/11/2024 18:00,2.19
5/11/2024 19:00,2.16
5/11/2024 20:00,2.134
5/11/2024 21:00,2.114
5/11/2024 22:00,2.086
5/11/2024 23:00,2.07
5/12/2024 0:00,2.099
5/12/2024 1:00,2.149
5/12/2024 2:00,2.212
5/12/2024 3:00,2.239
5/12/2024 4:00,2.26
5/12/2024 5:00,2.25
5/12/2024 6:00,2.249
5/12/2024 7:00,2.254
5/12/2024 8:00,2.237
5/12/2024 9:00,2.236
5/12/2024 10:00,2.208
5/12/2024 11:00,2.195
5/12/2024 12:00,2.183
5/12/2024 13:00,2.17
5/12/2024 14:00,2.18
5/12/2024 15:00,2.16
5/12/2024 16:00,2.171
5/12/2024 17:00,2.161
5/12/2024 18:00,2.152
5/12/2024 19:00,2.154
5/12/2024 20:00,2.166
5/12/2024 21:00,2.173
5/12/2024 22:00,2.164
5/12/2024 23:00,2.213
5/13/2024 0:00,2.233
5/13/2024 1:00,2.269
5/13/2024 2:00,2.296
5/13/2024 3:00,2.359
5/13/2024 4:00,2.389
5/13/2024 5:00,2.43
5/13/2024 6:00,2.475
5/13/2024 7:00,2.488
5/13/2024 8:00,2.469
5/13/2024 9:00,2.513
5/13/2024 10:00,2.531
5/13/2024 11:00,2.483
5/13/2024 12:00,2.494
5/13/2024 13:00,2.456
5/13/2024 14:00,2.465
5/13/2024 15:00,2.456
5/13/2024 16:00,2.455
5/13/2024 17:00,2.424
5/13/2024 18:00,2.433
5/13/2024 19:00,2.411
5/13/2024 20:00,2.453
5/13/2024 21:00,2.453
5/13/2024 22:00,2.45
5/13/2024 23:00,2.46
5/14/2024 0:00,2.485
5/14/2024 1:00,2.51
5/14/2024 2:00,2.54
5/14/2024 3:00,2.551
5/14/2024 4:00,2.579
5/14/2024 5:00,2.564
5/14/2024 6:00,2.589
5/14/2024 7:00,2.605
5/14/2024 8:00,2.606
5/14/2024 9:00,2.614
5/14/2024 10:00,2.624
5/14/2024 11:00,2.611
5/14/2024 12:00,2.636
5/14/2024 13:00,2.639
5/14/2024 14:00,2.655
5/14/2024 15:00,2.655
5/14/2024 16:00,2.674
5/14/2024 17:00,2.639
5/14/2024 18:00,2.621
5/14/2024 19:00,2.673
5/14/2024 20:00,2.702
5/14/2024 21:00,2.751
5/14/2024 22:00,2.83
5/14/2024 23:00,2.841
5/15/2024 0:00,2.832
5/15/2024 1:00,2.85
5/15/2024 2:00,2.88
5/15/2024 3:00,2.903
5/15/2024 4:00,2.911
5/15/2024 5:00,2.932
5/15/2024 6:00,2.946
5/15/2024 7:00,2.955
5/15/2024 8:00,2.931
5/15/2024 9:00,2.968
5/15/2024 10:00,2.983
5/15/2024 11:00,2.997
5/15/2024 12:00,3.037
5/15/2024 13:00,3.095
5/15/2024 14:00,3.134
5/15/2024 15:00,3.13
5/15/2024 16:00,3.087
5/15/2024 17:00,3.101
5/15/2024 18:00,3.105
5/15/2024 19:00,3.119
5/15/2024 20:00,3.101
5/15/2024 21:00,3.12
5/15/2024 22:00,3.12
5/15/2024 23:00,3.101
5/16/2024 0:00,3.124
5/16/2024 1:00,3.123
5/16/2024 2:00,3.16
5/16/2024 3:00,3.123
5/16/2024 4:00,3.128
5/16/2024 5:00,3.147
5/16/2024 6:00,3.097
5/16/2024 7:00,3.111
5/16/2024 8:00,3.141
5/16/2024 9:00,3.133
5/16/2024 10:00,3.099
5/16/2024 11:00,3.151
5/16/2024 12:00,3.118
5/16/2024 13:00,3.086
5/16/2024 14:00,3.045
5/16/2024 15:00,3.074
5/16/2024 16:00,3.018
5/16/2024 17:00,3.007
5/16/2024 18:00,2.992
5/16/2024 19:00,2.981
5/16/2024 20:00,3.002
5/16/2024 21:00,3.093
5/16/2024 22:00,3.068
5/16/2024 23:00,3.082
5/17/2024 0:00,3.077
5/17/2024 1:00,3.101
5/17/2024 2:00,3.084
5/17/2024 3:00,3.063
5/17/2024 4:00,3.117
5/17/2024 5:00,3.159
5/17/2024 6:00,3.163
5/17/2024 7:00,3.157
5/17/2024 8:00,3.181
5/17/2024 9:00,3.154
5/17/2024 10:00,3.193
5/17/2024 11:00,3.173
5/17/2024 12:00,3.203
5/17/2024 13:00,3.167
5/17/2024 14:00,3.161
5/17/2024 15:00,3.157
5/17/2024 16:00,3.183
5/17/2024 17:00,3.152
5/17/2024 18:00,3.168
5/17/2024 19:00,3.169
5/17/2024 20:00,3.168
5/17/2024 21:00,3.145
5/17/2024 22:00,3.155
5/17/2024 23:00,3.156
5/18/2024 0:00,3.18
5/18/2024 1:00,3.234
5/18/2024 2:00,3.237
5/18/2024 3:00,3.237
5/18/2024 4:00,3.284
5/18/2024 5:00,3.302
5/18/2024 6:00,3.302
5/18/2024 7:00,3.343
5/18/2024 8:00,3.369
5/18/2024 9:00,3.361
5/18/2024 10:00,3.352
5/18/2024 11:00,3.327
5/18/2024 12:00,3.332
5/18/2024 13:00,3.285
5/18/2024 14:00,3.309
5/18/2024 15:00,3.298
5/18/2024 16:00,3.252
5/18/2024 17:00,3.278
5/18/2024 18:00,3.253
5/18/2024 19:00,3.225
5/18/2024 20:00,3.222
5/18/2024 21:00,3.248
5/18/2024 22:00,3.21
5/18/2024 23:00,3.208
5/19/2024 0:00,3.194
5/19/2024 1:00,3.217
5/19/2024 2:00,3.269
5/19/2024 3:00,3.275
5/19/2024 4:00,3.303
5/19/2024 5:00,3.291
5/19/2024 6:00,3.334
5/19/2024 7:00,3.332
5/19/2024 8:00,3.342
5/19/2024 9:00,3.337
5/19/2024 10:00,3.38
5/19/2024 11:00,3.348
5/19/2024 12:00,3.358
5/19/2024 13:00,3.323
5/19/2024 14:00,3.325
5/19/2024 15:00,3.309
5/19/2024 16:00,3.298
5/19/2024 17:00,3.274
5/19/2024 18:00,3.316
5/19/2024 19:00,3.3
5/19/2024 20:00,3.284
5/19/2024 21:00,3.294
5/19/2024 22:00,3.275
5/19/2024 23:00,3.316
5/20/2024 0:00,3.311
5/20/2024 1:00,3.304
5/20/2024 2:00,3.351
5/20/2024 3:00,3.388
5/20/2024 4:00,3.379
5/20/2024 5:00,3.435
5/20/2024 6:00,3.406
5/20/2024 7:00,3.403
5/20/2024 8:00,3.438
5/20/2024 9:00,3.396
5/20/2024 10:00,3.439
5/20/2024 11:00,3.421
5/20/2024 12:00,3.4
5/20/2024 13:00,3.404
5/20/2024 14:00,3.399
5/20/2024 15:00,3.39
5/20/2024 16:00,3.378
5/20/2024 17:00,3.384
5/20/2024 18:00,3.33
5/20/2024 19:00,3.306
5/20/2024 20:00,3.333
5/20/2024 21:00,3.314
5/20/2024 22:00,3.288
5/20/2024 23:00,3.34
5/21/2024 0:00,3.304
5/21/2024 1:00,3.319
5/21/2024 2:00,3.353
5/21/2024 3:00,3.369
5/21/2024 4:00,3.36
5/21/2024 5:00,3.406
5/21/2024 6:00,3.417
5/21/2024 7:00,3.428
5/21/2024 8:00,3.431
5/21/2024 9:00,3.412
5/21/2024 10:00,3.366
5/21/2024 11:00,3.392
5/21/2024 12:00,3.41
5/21/2024 13:00,3.395
5/21/2024 14:00,3.368
5/21/2024 15:00,3.356
5/21/2024 16:00,3.361
5/21/2024 17:00,3.329
5/21/2024 18:00,3.33
5/21/2024 19:00,3.325
5/21/2024 20:00,3.338
5/21/2024 21:00,3.317
5/21/2024 22:00,3.274
5/21/2024 23:00,3.241
5/22/2024 0:00,3.205
5/22/2024 1:00,3.199
5/22/2024 2:00,3.163
5/22/2024 3:00,3.173
5/22/2024 4:00,3.138
5/22/2024 5:00,3.135
5/22/2024 6:00,3.133
5/22/2024 7:00,3.099
5/22/2024 8:00,3.082
5/22/2024 9:00,3.096
5/22/2024 10:00,3.07
5/22/2024 11:00,3.069
5/22/2024 12:00,3.045
5/22/2024 13:00,3.011
5/22/2024 14:00,2.98
5/22/2024 15:00,2.995
5/22/2024 16:00,2.983
5/22/2024 17:00,2.987
5/22/2024 18:00,2.966
5/22/2024 19:00,2.934
5/22/2024 20:00,2.919
5/22/2024 21:00,2.922
5/22/2024 22:00,2.9
5/22/2024 23:00,2.889
5/23/2024 0:00,2.885
5/23/2024 1:00,2.869
5/23/2024 2:00,2.881
5/23/2024 3:00,2.877
5/23/2024 4:00,2.895
5/23/2024 5:00,2.896
5/23/2024 6:00,2.918
5/23/2024 7:00,2.891
5/23/2024 8:00,2.905
5/23/2024 9:00,2.891
5/23/2024 10:00,2.887
5/23/2024 11:00,2.913
5/23/2024 12:00,2.9
5/23/2024 13:00,2.878
5/23/2024 14:00,2.846
5/23/2024 15:00,2.837
5/23/2024 16:00,2.816
5/23/2024 17:00,2.819
5/23/2024 18:00,2.796
5/23/2024 19:00,2.807
5/23/2024 20:00,2.789
5/23/2024 21:00,2.776
5/23/2024 22:00,2.784
5/23/2024 23:00,2.77
5/24/2024 0:00,2.798
5/24/2024 1:00,2.762
5/24/2024 2:00,2.773
5/24/2024 3:00,2.773
5/24/2024 4:00,2.769
5/24/2024 5:00,2.769
5/24/2024 6:00,2.764
5/24/2024 7:00,2.746
5/24/2024 8:00,2.738
5/24/2024 9:00,2.753
5/24/2024 10:00,2.773
5/24/2024 11:00,2.769
5/24/2024 12:00,2.78
5/24/2024 13:00,2.781
5/24/2024 14:00,2.728
5/24/2024 15:00,2.739
5/24/2024 16:00,2.735
5/24/2024 17:00,2.736
5/24/2024 18:00,2.7
5/24/2024 19:00,2.698
5/24/2024 20:00,2.697
5/24/2024 21:00,2.68
5/24/2024 22:00,2.688
5/24/2024 23:00,2.651
5/25/2024 0:00,2.649
5/25/2024 1:00,2.64
5/25/2024 2:00,2.639
5/25/2024 3:00,2.622
5/25/2024 4:00,2.655
5/25/2024 5:00,2.66
5/25/2024 6:00,2.639
5/25/2024 7:00,2.676
5/25/2024 8:00,2.669
5/25/2024 9:00,2.666
5/25/2024 10:00,2.657
5/25/2024 11:00,2.642
5/25/2024 12:00,2.687
5/25/2024 13:00,2.64
5/25/2024 14:00,2.669
5/25/2024 15:00,2.656
5/25/2024 16:00,2.615
5/25/2024 17:00,2.643
5/25/2024 18:00,2.615
5/25/2024 19:00,2.662
5/25/2024 20:00,2.67
5/25/2024 21:00,2.659
5/25/2024 22:00,2.679
5/25/2024 23:00,2.686
5/26/2024 0:00,2.647
5/26/2024 1:00,2.687
5/26/2024 2:00,2.711
5/26/2024 3:00,2.708
5/26/2024 4:00,2.707
5/26/2024 5:00,2.736
5/26/2024 6:00,2.736
5/26/2024 7:00,2.767
5/26/2024 8:00,2.758
5/26/2024 9:00,2.747
5/26/2024 10:00,2.745
5/26/2024 11:00,2.766
5/26/2024 12:00,2.782
5/26/2024 13:00,2.749
5/26/2024 14:00,2.743
5/26/2024 15:00,2.773
5/26/2024 16:00,2.748
5/26/2024 17:00,2.72
5/26/2024 18:00,2.698
5/26/2024 19:00,2.686
5/26/2024 20:00,2.701
5/26/2024 21:00,2.703
5/26/2024 22:00,2.699
5/26/2024 23:00,2.692
5/27/2024 0:00,2.696
5/27/2024 1:00,2.677
5/27/2024 2:00,2.656
5/27/2024 3:00,2.635
5/27/2024 4:00,2.646
5/27/2024 5:00,2.625
5/27/2024 6:00,2.619
5/27/2024 7:00,2.612
5/27/2024 8:00,2.633
5/27/2024 9:00,2.621
5/27/2024 10:00,2.611
5/27/2024 11:00,2.59
5/27/2024 12:00,2.622
5/27/2024 13:00,2.6
5/27/2024 14:00,2.581
5/27/2024 15:00,2.604
5/27/2024 16:00,2.577
5/27/2024 17:00,2.56
5/27/2024 18:00,2.543
5/27/2024 19:00,2.564
5/27/2024 20:00,2.585
5/27/2024 21:00,2.578
5/27/2024 22:00,2.539
5/27/2024 23:00,2.525
5/28/2024 0:00,2.538
5/28/2024 1:00,2.517
5/28/2024 2:00,2.52
5/28/2024 3:00,2.538
5/28/2024 4:00,2.549
5/28/2024 5:00,2.557
5/28/2024 6:00,2.562
5/28/2024 7:00,2.577
5/28/2024 8:00,2.609
5/28/2024 9:00,2.619
5/28/2024 10:00,2.612
5/28/2024 11:00,2.594
5/28/2024 12:00,2.594
5/28/2024 13:00,2.582
5/28/2024 14:00,2.6
5/28/2024 15:00,2.578
5/28/2024 16:00,2.563
5/28/2024 17:00,2.612
5/28/2024 18:00,2.585
5/28/2024 19:00,2.552
5/28/2024 20:00,2.575
5/28/2024 21:00,2.561
5/28/2024 22:00,2.553
5/28/2024 23:00,2.522
5/29/2024 0:00,2.549
5/29/2024 1:00,2.541
5/29/2024 2:00,2.542
5/29/2024 3:00,2.535
5/29/2024 4:00,2.582
5/29/2024 5:00,2.616
5/29/2024 6:00,2.621
5/29/2024 7:00,2.621
5/29/2024 8:00,2.636
5/29/2024 9:00,2.616
5/29/2024 10:00,2.644
5/29/2024 11:00,2.663
5/29/2024 12:00,2.624
5/29/2024 13:00,2.659
5/29/2024 14:00,2.641
5/29/2024 15:00,2.677
5/29/2024 16:00,2.647
5/29/2024 17:00,2.596
5/29/2024 18:00,2.592
5/29/2024 19:00,2.579
5/29/2024 20:00,2.581
5/29/2024 21:00,2.578
5/29/2024 22:00,2.581
5/29/2024 23:00,2.606
5/30/2024 0:00,2.609
5/30/2024 1:00,2.617
5/30/2024 2:00,2.632
5/30/2024 3:00,2.671
5/30/2024 4:00,2.714
5/30/2024 5:00,2.733
5/30/2024 6:00,2.796
5/30/2024 7:00,2.799
5/30/2024 8:00,2.814
5/30/2024 9:00,2.826
5/30/2024 10:00,2.828
5/30/2024 11:00,2.813
5/30/2024 12:00,2.843
5/30/2024 13:00,2.8
5/30/2024 14:00,2.804
5/30/2024 15:00,2.83
5/30/2024 16:00,2.811
5/30/2024 17:00,2.832
5/30/2024 18:00,2.787
5/30/2024 19:00,2.744
5/30/2024 20:00,2.74
5/30/2024 21:00,2.72
5/30/2024 22:00,2.708
5/30/2024 23:00,2.748
5/31/2024 0:00,2.761
5/31/2024 1:00,2.777
5/31/2024 2:00,2.829
5/31/2024 3:00,2.86
5/31/2024 4:00,2.906
5/31/2024 5:00,2.936
5/31/2024 6:00,2.921
5/31/2024 7:00,2.912
5/31/2024 8:00,2.962
5/31/2024 9:00,2.954
5/31/2024 10:00,2.956
5/31/2024 11:00,2.945
5/31/2024 12:00,2.912
5/31/2024 13:00,2.912
5/31/2024 14:00,2.916
5/31/2024 15:00,2.873
5/31/2024 16:00,2.888
5/31/2024 17:00,2.847
5/31/2024 18:00,2.813
5/31/2024 19:00,2.823
5/31/2024 20:00,2.838
5/31/2024 21:00,2.861
5/31/2024 22:00,2.852
5/31/2024 23:00,2.847
6/1/2024 0:00,2.884
6/1/2024 1:00,2.965
6/1/2024 2:00,2.964
6/1/2024 3:00,3.021
6/1/2024 4:00,2.975
6/1/2024 5:00,3.028
6/1/2024 6:00,3.036
6/1/2024 7:00,3.051
6/1/2024 8:00,3.004
6/1/2024 9:00,3.054
6/1/2024 10:00,3.025
6/1/2024 11:00,3.009
6/1/2024 12:00,3.01
6/1/2024 13:00,3.014
6/1/2024 14:00,3.002
6/1/2024 15:00,3.027
6/1/2024 16:00,2.968
6/1/2024 17:00,2.947
6/1/2024 18:00,2.936
6/1/2024 19:00,2.95
6/1/2024 20:00,2.947
6/1/2024 21:00,2.928
6/1/2024 22:00,2.898
6/1/2024 23:00,2.935
6/2/2024 0:00,2.941
6/2/2024 1:00,2.96
6/2/2024 2:00,2.987
6/2/2024 3:00,3.029
6/2/2024 4:00,3.059
6/2/2024 5:00,3.068
6/2/2024 6:00,3.094
6/2/2024 7:00,3.104
6/2/2024 8:00,3.112
6/2/2024 9:00,3.12
6/2/2024 10:00,3.084
6/2/2024 11:00,3.083
6/2/2024 12:00,3.057
6/2/2024 13:00,3.039
6/2/2024 14:00,3.04
6/2/2024 15:00,3.013
6/2/2024 16:00,3
6/2/2024 17:00,2.985
6/2/2024 18:00,3.019
6/2/2024 19:00,3.005
6/2/2024 20:00,3.003
6/2/2024 21:00,3.045
6/2/2024 22:00,3.051
6/2/2024 23:00,3.046
6/3/2024 0:00,3.068
6/3/2024 1:00,3.079
6/3/2024 2:00,3.09
6/3/2024 3:00,3.148
6/3/2024 4:00,3.164
6/3/2024 5:00,3.187
6/3/2024 6:00,3.2
6/3/2024 7:00,3.182
6/3/2024 8:00,3.194
6/3/2024 9:00,3.204
6/3/2024 10:00,3.219
6/3/2024 11:00,3.185
6/3/2024 12:00,3.186
6/3/2024 13:00,3.184
6/3/2024 14:00,3.151
6/3/2024 15:00,3.166
6/3/2024 16:00,3.127
6/3/2024 17:00,3.125
6/3/2024 18:00,3.105
6/3/2024 19:00,3.123
6/3/2024 20:00,3.109
6/3/2024 21:00,3.106
6/3/2024 22:00,3.103
6/3/2024 23:00,3.127
6/4/2024 0:00,3.145
6/4/2024 1:00,3.133
6/4/2024 2:00,3.147
6/4/2024 3:00,3.16
6/4/2024 4:00,3.189
6/4/2024 5:00,3.214
6/4/2024 6:00,3.276
6/4/2024 7:00,3.272
6/4/2024 8:00,3.285
6/4/2024 9:00,3.285
6/4/2024 10:00,3.302
6/4/2024 11:00,3.348
6/4/2024 12:00,3.31
6/4/2024 13:00,3.29
6/4/2024 14:00,3.268
6/4/2024 15:00,3.263
6/4/2024 16:00,3.258
6/4/2024 17:00,3.207
6/4/2024 18:00,3.263
6/4/2024 19:00,3.21
6/4/2024 20:00,3.226
6/4/2024 21:00,3.221
6/4/2024 22:00,3.246
6/4/2024 23:00,3.278
6/5/2024 0:00,3.279
6/5/2024 1:00,3.302
6/5/2024 2:00,3.305
6/5/2024 3:00,3.346
6/5/2024 4:00,3.334
6/5/2024 5:00,3.362
6/5/2024 6:00,3.381
6/5/2024 7:00,3.397
6/5/2024 8:00,3.393
6/5/2024 9:00,3.387
6/5/2024 10:00,3.403
6/5/2024 11:00,3.384
6/5/2024 12:00,3.403
6/5/2024 13:00,3.385
6/5/2024 14:00,3.355
6/5/2024 15:00,3.344
6/5/2024 16:00,3.35
6/5/2024 17:00,3.311
6/5/2024 18:00,3.297
6/5/2024 19:00,3.292
6/5/2024 20:00,3.29
6/5/2024 21:00,3.307
6/5/2024 22:00,3.249
6/5/2024 23:00,3.269
6/6/2024 0:00,3.251
6/6/2024 1:00,3.294
6/6/2024 2:00,3.355
6/6/2024 3:00,3.393
6/6/2024 4:00,3.442
6/6/2024 5:00,3.489
6/6/2024 6:00,3.492
6/6/2024 7:00,3.533
6/6/2024 8:00,3.539
6/6/2024 9:00,3.536
6/6/2024 10:00,3.559
6/6/2024 11:00,3.55
6/6/2024 12:00,3.526
6/6/2024 13:00,3.557
6/6/2024 14:00,3.56
6/6/2024 15:00,3.535
6/6/2024 16:00,3.549
6/6/2024 17:00,3.532
6/6/2024 18:00,3.502
6/6/2024 19:00,3.43
6/6/2024 20:00,3.441
6/6/2024 21:00,3.406
6/6/2024 22:00,3.424
6/6/2024 23:00,3.404
6/7/2024 0:00,3.386
6/7/2024 1:00,3.399
6/7/2024 2:00,3.462
6/7/2024 3:00,3.467
6/7/2024 4:00,3.519
6/7/2024 5:00,3.582
6/7/2024 6:00,3.611
6/7/2024 7:00,3.607
6/7/2024 8:00,3.603
6/7/2024 9:00,3.562
6/7/2024 10:00,3.618
6/7/2024 11:00,3.598
6/7/2024 12:00,3.606
6/7/2024 13:00,3.626
6/7/2024 14:00,3.588
6/7/2024 15:00,3.621
6/7/2024 16:00,3.562
6/7/2024 17:00,3.551
6/7/2024 18:00,3.537
6/7/2024 19:00,3.509
6/7/2024 20:00,3.513
6/7/2024 21:00,3.493
6/7/2024 22:00,3.463
6/7/2024 23:00,3.464
6/8/2024 0:00,3.462
6/8/2024 1:00,3.463
6/8/2024 2:00,3.509
6/8/2024 3:00,3.505
6/8/2024 4:00,3.513
6/8/2024 5:00,3.556
6/8/2024 6:00,3.589
6/8/2024 7:00,3.58
6/8/2024 8:00,3.628
6/8/2024 9:00,3.625
6/8/2024 10:00,3.667
6/8/2024 11:00,3.647
6/8/2024 12:00,3.681
6/8/2024 13:00,3.676
6/8/2024 14:00,3.654
6/8/2024 15:00,3.654
6/8/2024 16:00,3.645
6/8/2024 17:00,3.642
6/8/2024 18:00,3.612
6/8/2024 19:00,3.592
6/8/2024 20:00,3.593
6/8/2024 21:00,3.58
6/8/2024 22:00,3.584
6/8/2024 23:00,3.558
6/9/2024 0:00,3.561
6/9/2024 1:00,3.547
6/9/2024 2:00,3.558
6/9/2024 3:00,3.618
6/9/2024 4:00,3.625
6/9/2024 5:00,3.627
6/9/2024 6:00,3.661
6/9/2024 7:00,3.679
6/9/2024 8:00,3.666
6/9/2024 9:00,3.723
6/9/2024 10:00,3.697
6/9/2024 11:00,3.708
6/9/2024 12:00,3.662
6/9/2024 13:00,3.686
6/9/2024 14:00,3.647
6/9/2024 15:00,3.617
6/9/2024 16:00,3.572
6/9/2024 17:00,3.571
6/9/2024 18:00,3.569
6/9/2024 19:00,3.533
6/9/2024 20:00,3.553
6/9/2024 21:00,3.527
6/9/2024 22:00,3.52
6/9/2024 23:00,3.507
6/10/2024 0:00,3.483
6/10/2024 1:00,3.492
6/10/2024 2:00,3.504
6/10/2024 3:00,3.504
6/10/2024 4:00,3.495
6/10/2024 5:00,3.555
6/10/2024 6:00,3.536
6/10/2024 7:00,3.584
6/10/2024 8:00,3.63
6/10/2024 9:00,3.643
6/10/2024 10:00,3.627
6/10/2024 11:00,3.648
6/10/2024 12:00,3.645
6/10/2024 13:00,3.655
6/10/2024 14:00,3.609
6/10/2024 15:00,3.584
6/10/2024 16:00,3.558
6/10/2024 17:00,3.564
6/10/2024 18:00,3.548
6/10/2024 19:00,3.523
6/10/2024 20:00,3.621
6/10/2024 21:00,3.747
6/10/2024 22:00,3.762
6/10/2024 23:00,3.735
6/11/2024 0:00,3.726
6/11/2024 1:00,3.706
6/11/2024 2:00,3.675
6/11/2024 3:00,3.676
6/11/2024 4:00,3.679
6/11/2024 5:00,3.732
6/11/2024 6:00,3.742
6/11/2024 7:00,3.747
6/11/2024 8:00,3.777
6/11/2024 9:00,3.785
6/11/2024 10:00,3.788
6/11/2024 11:00,3.795
6/11/2024 12:00,3.81
6/11/2024 13:00,3.793
6/11/2024 14:00,3.768
6/11/2024 15:00,3.772
6/11/2024 16:00,3.815
6/11/2024 17:00,3.859
6/11/2024 18:00,3.897
6/11/2024 19:00,3.906
6/11/2024 20:00,3.887
6/11/2024 21:00,3.9
6/11/2024 22:00,3.883
6/11/2024 23:00,3.829
6/12/2024 0:00,3.853
6/12/2024 1:00,3.851
6/12/2024 2:00,3.839
6/12/2024 3:00,3.859
6/12/2024 4:00,3.862
6/12/2024 5:00,3.907
6/12/2024 6:00,3.961
6/12/2024 7:00,3.965
6/12/2024 8:00,4.008
6/12/2024 9:00,4.026
6/12/2024 10:00,4.018
6/12/2024 11:00,3.994
6/12/2024 12:00,4.005
6/12/2024 13:00,3.996
6/12/2024 14:00,3.983
6/12/2024 15:00,3.943
6/12/2024 16:00,3.947
6/12/2024 17:00,3.94
6/12/2024 18:00,3.933
6/12/2024 19:00,3.916
6/12/2024 20:00,3.891
6/12/2024 21:00,3.877
6/12/2024 22:00,3.872
6/12/2024 23:00,3.798
6/13/2024 0:00,3.825
6/13/2024 1:00,3.812
6/13/2024 2:00,3.834
6/13/2024 3:00,3.845
6/13/2024 4:00,3.838
6/13/2024 5:00,3.88
6/13/2024 6:00,3.895
6/13/2024 7:00,3.889
6/13/2024 8:00,3.908
6/13/2024 9:00,3.946
6/13/2024 10:00,3.968
6/13/2024 11:00,3.936
6/13/2024 12:00,3.95
6/13/2024 13:00,3.929
6/13/2024 14:00,3.912
6/13/2024 15:00,3.91
6/13/2024 16:00,3.892
6/13/2024 17:00,3.857
6/13/2024 18:00,3.894
6/13/2024 19:00,3.858
6/13/2024 20:00,3.836
6/13/2024 21:00,3.853
6/13/2024 22:00,3.78
6/13/2024 23:00,3.782
6/14/2024 0:00,3.794
6/14/2024 1:00,3.752
6/14/2024 2:00,3.791
6/14/2024 3:00,3.772
6/14/2024 4:00,3.789
6/14/2024 5:00,3.797
6/14/2024 6:00,3.836
6/14/2024 7:00,3.844
6/14/2024 8:00,3.895
6/14/2024 9:00,3.882
6/14/2024 10:00,3.883
6/14/2024 11:00,3.886
6/14/2024 12:00,3.895
6/14/2024 13:00,3.882
6/14/2024 14:00,3.911
6/14/2024 15:00,3.875
6/14/2024 16:00,3.829
6/14/2024 17:00,3.859
6/14/2024 18:00,3.876
6/14/2024 19:00,3.901
6/14/2024 20:00,3.919
6/14/2024 21:00,3.907
6/14/2024 22:00,3.879
6/14/2024 23:00,3.914
6/15/2024 0:00,3.884
6/15/2024 1:00,3.865
6/15/2024 2:00,3.888
6/15/2024 3:00,3.843
6/15/2024 4:00,3.868
6/15/2024 5:00,3.876
6/15/2024 6:00,3.867
6/15/2024 7:00,3.896
6/15/2024 8:00,3.875
6/15/2024 9:00,3.871
6/15/2024 10:00,3.873
6/15/2024 11:00,3.888
6/15/2024 12:00,3.86
6/15/2024 13:00,3.861
6/15/2024 14:00,3.84
6/15/2024 15:00,3.896
6/15/2024 16:00,3.872
6/15/2024 17:00,3.889
6/15/2024 18:00,3.871
6/15/2024 19:00,3.819
6/15/2024 20:00,3.831
6/15/2024 21:00,3.792
6/15/2024 22:00,3.795
6/15/2024 23:00,3.791
6/16/2024 0:00,3.717
6/16/2024 1:00,3.695
6/16/2024 2:00,3.716
6/16/2024 3:00,3.721
6/16/2024 4:00,3.722
6/16/2024 5:00,3.75
6/16/2024 6:00,3.767
6/16/2024 7:00,3.787
6/16/2024 8:00,3.798
6/16/2024 9:00,3.804
6/16/2024 10:00,3.783
6/16/2024 11:00,3.771
6/16/2024 12:00,3.761
6/16/2024 13:00,3.744
6/16/2024 14:00,3.789
6/16/2024 15:00,3.739
6/16/2024 16:00,3.752
6/16/2024 17:00,3.723
6/16/2024 18:00,3.708
6/16/2024 19:00,3.655
6/16/2024 20:00,3.641
6/16/2024 21:00,3.658
6/16/2024 22:00,3.632
6/16/2024 23:00,3.621
6/17/2024 0:00,3.599
6/17/2024 1:00,3.625
6/17/2024 2:00,3.621
6/17/2024 3:00,3.651
6/17/2024 4:00,3.661
6/17/2024 5:00,3.616
6/17/2024 6:00,3.665
6/17/2024 7:00,3.69
6/17/2024 8:00,3.664
6/17/2024 9:00,3.692
6/17/2024 10:00,3.657
6/17/2024 11:00,3.662
6/17/2024 12:00,3.68
6/17/2024 13:00,3.65
6/17/2024 14:00,3.637
6/17/2024 15:00,3.604
6/17/2024 16:00,3.615
6/17/2024 17:00,3.612
6/17/2024 18:00,3.597
6/17/2024 19:00,3.559
6/17/2024 20:00,3.559
6/17/2024 21:00,3.543
6/17/2024 22:00,3.547
6/17/2024 23:00,3.528
6/18/2024 0:00,3.517
6/18/2024 1:00,3.537
6/18/2024 2:00,3.512
6/18/2024 3:00,3.544
6/18/2024 4:00,3.541
6/18/2024 5:00,3.566
6/18/2024 6:00,3.575
6/18/2024 7:00,3.579
6/18/2024 8:00,3.57
6/18/2024 9:00,3.581
6/18/2024 10:00,3.542
6/18/2024 11:00,3.543
6/18/2024 12:00,3.554
6/18/2024 13:00,3.534
6/18/2024 14:00,3.472
6/18/2024 15:00,3.492
6/18/2024 16:00,3.465
6/18/2024 17:00,3.433
6/18/2024 18:00,3.431
6/18/2024 19:00,3.42
6/18/2024 20:00,3.406
6/18/2024 21:00,3.382
6/18/2024 22:00,3.387
6/18/2024 23:00,3.344
6/19/2024 0:00,3.367
6/19/2024 1:00,3.383
6/19/2024 2:00,3.364
6/19/2024 3:00,3.332
6/19/2024 4:00,3.321
6/19/2024 5:00,3.364
6/19/2024 6:00,3.325
6/19/2024 7:00,3.345
6/19/2024 8:00,3.333
6/19/2024 9:00,3.348
6/19/2024 10:00,3.334
6/19/2024 11:00,3.311
6/19/2024 12:00,3.324
6/19/2024 13:00,3.34
6/19/2024 14:00,3.294
6/19/2024 15:00,3.204
6/19/2024 16:00,3.156
6/19/2024 17:00,3.106
6/19/2024 18:00,3.072
6/19/2024 19:00,2.927
6/19/2024 20:00,2.902
6/19/2024 21:00,2.879
6/19/2024 22:00,2.852
6/19/2024 23:00,2.858
6/20/2024 0:00,2.827
6/20/2024 1:00,2.841
6/20/2024 2:00,2.85
6/20/2024 3:00,2.852
6/20/2024 4:00,2.86
6/20/2024 5:00,2.875
6/20/2024 6:00,2.879
6/20/2024 7:00,2.89
6/20/2024 8:00,2.849
6/20/2024 9:00,2.874
6/20/2024 10:00,2.847
6/20/2024 11:00,2.877
6/20/2024 12:00,2.843
6/20/2024 13:00,2.853
6/20/2024 14:00,2.826
6/20/2024 15:00,2.838
6/20/2024 16:00,2.844
6/20/2024 17:00,2.847
6/20/2024 18:00,2.855
6/20/2024 19:00,2.867
6/20/2024 20:00,2.861
6/20/2024 21:00,2.842
6/20/2024 22:00,2.862
6/20/2024 23:00,2.871
6/21/2024 0:00,2.864
6/21/2024 1:00,2.831
6/21/2024 2:00,2.822
6/21/2024 3:00,2.852
6/21/2024 4:00,2.842
6/21/2024 5:00,2.882
6/21/2024 6:00,2.864
6/21/2024 7:00,2.88
6/21/2024 8:00,2.884
6/21/2024 9:00,2.881
6/21/2024 10:00,2.883
6/21/2024 11:00,2.89
6/21/2024 12:00,2.905
6/21/2024 13:00,2.902
6/21/2024 14:00,2.875
6/21/2024 15:00,2.873
6/21/2024 16:00,2.882
6/21/2024 17:00,2.842
6/21/2024 18:00,2.843
6/21/2024 19:00,2.845
6/21/2024 20:00,2.82
6/21/2024 21:00,2.79
6/21/2024 22:00,2.817
6/21/2024 23:00,2.804
6/22/2024 0:00,2.816
6/22/2024 1:00,2.879
6/22/2024 2:00,2.938
6/22/2024 3:00,2.965
6/22/2024 4:00,2.987
6/22/2024 5:00,2.984
6/22/2024 6:00,2.969
6/22/2024 7:00,2.993
6/22/2024 8:00,2.969
6/22/2024 9:00,3
6/22/2024 10:00,2.983
6/22/2024 11:00,2.999
6/22/2024 12:00,3.046
6/22/2024 13:00,3.07
6/22/2024 14:00,3.103
6/22/2024 15:00,3.128
6/22/2024 16:00,3.181
6/22/2024 17:00,3.179
6/22/2024 18:00,3.196
6/22/2024 19:00,3.135
6/22/2024 20:00,3.179
6/22/2024 21:00,3.141
6/22/2024 22:00,3.129
6/22/2024 23:00,3.112
6/23/2024 0:00,3.093
6/23/2024 1:00,3.102
6/23/2024 2:00,3.089
6/23/2024 3:00,3.064
6/23/2024 4:00,3.078
6/23/2024 5:00,3.085
6/23/2024 6:00,3.11
6/23/2024 7:00,3.125
6/23/2024 8:00,3.105
6/23/2024 9:00,3.085
6/23/2024 10:00,3.092
6/23/2024 11:00,3.09
6/23/2024 12:00,3.073
6/23/2024 13:00,3.066
6/23/2024 14:00,3.074
6/23/2024 15:00,3.058
6/23/2024 16:00,3.002
6/23/2024 17:00,3.009
6/23/2024 18:00,3.031
6/23/2024 19:00,3.029
6/23/2024 20:00,3.033
6/23/2024 21:00,3.027
6/23/2024 22:00,3.034
6/23/2024 23:00,3.038
6/24/2024 0:00,3.03
6/24/2024 1:00,2.97
6/24/2024 2:00,2.906
6/24/2024 3:00,2.914
6/24/2024 4:00,2.942
6/24/2024 5:00,2.926
6/24/2024 6:00,2.883
6/24/2024 7:00,2.899
6/24/2024 8:00,2.926
6/24/2024 9:00,2.932
6/24/2024 10:00,2.929
6/24/2024 11:00,2.85
6/24/2024 12:00,2.845
6/24/2024 13:00,2.782
6/24/2024 14:00,2.788
6/24/2024 15:00,2.748
6/24/2024 16:00,2.745
6/24/2024 17:00,2.75
6/24/2024 18:00,2.801
6/24/2024 19:00,2.797
6/24/2024 20:00,2.764
6/24/2024 21:00,2.735
6/24/2024 22:00,2.708
6/24/2024 23:00,2.639
6/25/2024 0:00,2.627
6/25/2024 1:00,2.637
6/25/2024 2:00,2.621
6/25/2024 3:00,2.632
6/25/2024 4:00,2.607
6/25/2024 5:00,2.627
6/25/2024 6:00,2.605
6/25/2024 7:00,2.627
6/25/2024 8:00,2.603
6/25/2024 9:00,2.601
6/25/2024 10:00,2.61
6/25/2024 11:00,2.596
6/25/2024 12:00,2.536
6/25/2024 13:00,2.453
6/25/2024 14:00,2.423
6/25/2024 15:00,2.399
6/25/2024 16:00,2.352
6/25/2024 17:00,2.354
6/25/2024 18:00,2.308
6/25/2024 19:00,2.314
6/25/2024 20:00,2.291
6/25/2024 21:00,2.304
6/25/2024 22:00,2.292
6/25/2024 23:00,2.297
6/26/2024 0:00,2.318
6/26/2024 1:00,2.283
6/26/2024 2:00,2.276
6/26/2024 3:00,2.288
6/26/2024 4:00,2.296
6/26/2024 5:00,2.295
6/26/2024 6:00,2.282
6/26/2024 7:00,2.298
6/26/2024 8:00,2.299
6/26/2024 9:00,2.311
6/26/2024 10:00,2.3
6/26/2024 11:00,2.296
6/26/2024 12:00,2.293
6/26/2024 13:00,2.296
6/26/2024 14:00,2.288
6/26/2024 15:00,2.289
6/26/2024 16:00,2.297
6/26/2024 17:00,2.331
6/26/2024 18:00,2.366
6/26/2024 19:00,2.376
6/26/2024 20:00,2.394
6/26/2024 21:00,2.393
6/26/2024 22:00,2.388
6/26/2024 23:00,2.431
6/27/2024 0:00,2.485
6/27/2024 1:00,2.556
6/27/2024 2:00,2.606
6/27/2024 3:00,2.646
6/27/2024 4:00,2.679
6/27/2024 5:00,2.706
6/27/2024 6:00,2.715
6/27/2024 7:00,2.754
6/27/2024 8:00,2.814
6/27/2024 9:00,2.828
6/27/2024 10:00,2.844
6/27/2024 11:00,2.832
6/27/2024 12:00,2.827
6/27/2024 13:00,2.862
6/27/2024 14:00,2.845
6/27/2024 15:00,2.804
6/27/2024 16:00,2.818
6/27/2024 17:00,2.804
6/27/2024 18:00,2.825
6/27/2024 19:00,2.818
6/27/2024 20:00,2.827
6/27/2024 21:00,2.819
6/27/2024 22:00,2.818
6/27/2024 23:00,2.92
6/28/2024 0:00,3.022
6/28/2024 1:00,3.062
6/28/2024 2:00,3.084
6/28/2024 3:00,3.101
6/28/2024 4:00,3.093
6/28/2024 5:00,3.094
6/28/2024 6:00,3.118
6/28/2024 7:00,3.139
6/28/2024 8:00,3.142
6/28/2024 9:00,3.15
6/28/2024 10:00,3.12
6/28/2024 11:00,3.111
6/28/2024 12:00,3.121
6/28/2024 13:00,3.112
6/28/2024 14:00,3.098
6/28/2024 15:00,3.066
6/28/2024 16:00,3.08
6/28/2024 17:00,3.134
6/28/2024 18:00,3.101
6/28/2024 19:00,3.147
6/28/2024 20:00,3.094
6/28/2024 21:00,3.081
6/28/2024 22:00,3.075
6/28/2024 23:00,3.045
6/29/2024 0:00,3.022
6/29/2024 1:00,2.985
6/29/2024 2:00,2.999
6/29/2024 3:00,3.029
6/29/2024 4:00,2.992
6/29/2024 5:00,2.964
6/29/2024 6:00,2.976
6/29/2024 7:00,2.981
6/29/2024 8:00,2.953
6/29/2024 9:00,2.934
6/29/2024 10:00,2.928
6/29/2024 11:00,2.932
6/29/2024 12:00,2.928
6/29/2024 13:00,2.909
6/29/2024 14:00,2.914
6/29/2024 15:00,2.921
6/29/2024 16:00,2.899
6/29/2024 17:00,2.915
6/29/2024 18:00,2.906
6/29/2024 19:00,2.898
6/29/2024 20:00,2.908
6/29/2024 21:00,2.89
6/29/2024 22:00,2.908
6/29/2024 23:00,2.905
6/30/2024 0:00,2.865
6/30/2024 1:00,2.863
6/30/2024 2:00,2.838
6/30/2024 3:00,2.829
6/30/2024 4:00,2.831
6/30/2024 5:00,2.828
6/30/2024 6:00,2.821
6/30/2024 7:00,2.821
6/30/2024 8:00,2.818
6/30/2024 9:00,2.805
6/30/2024 10:00,2.804
6/30/2024 11:00,2.793
6/30/2024 12:00,2.781
6/30/2024 13:00,2.805
6/30/2024 14:00,2.678
6/30/2024 15:00,2.63
6/30/2024 16:00,2.604
6/30/2024 17:00,2.592
6/30/2024 18:00,2.57
6/30/2024 19:00,2.463
6/30/2024 20:00,2.389
6/30/2024 21:00,2.362
6/30/2024 22:00,2.365
6/30/2024 23:00,2.331
7/1/2024 0:00,2.32
7/1/2024 1:00,2.33
7/1/2024 2:00,2.324
7/1/2024 3:00,2.341
7/1/2024 4:00,2.35
7/1/2024 5:00,2.356
7/1/2024 6:00,2.386
7/1/2024 7:00,2.358
7/1/2024 8:00,2.366
7/1/2024 9:00,2.367
7/1/2024 10:00,2.368
7/1/2024 11:00,2.357
7/1/2024 12:00,2.364
7/1/2024 13:00,2.363
7/1/2024 14:00,2.353
7/1/2024 15:00,2.342
7/1/2024 16:00,2.328
7/1/2024 17:00,2.354
7/1/2024 18:00,2.326
7/1/2024 19:00,2.308
7/1/2024 20:00,2.312
7/1/2024 21:00,2.321
7/1/2024 22:00,2.312
7/1/2024 23:00,2.351
7/2/2024 0:00,2.357
7/2/2024 1:00,2.327
7/2/2024 2:00,2.344
7/2/2024 3:00,2.343
7/2/2024 4:00,2.362
7/2/2024 5:00,2.349
7/2/2024 6:00,2.388
7/2/2024 7:00,2.414
7/2/2024 8:00,2.446
7/2/2024 9:00,2.424
7/2/2024 10:00,2.458
7/2/2024 11:00,2.455
7/2/2024 12:00,2.586
7/2/2024 13:00,2.538
7/2/2024 14:00,2.512
7/2/2024 15:00,2.494
7/2/2024 16:00,2.47
7/2/2024 17:00,2.394
7/2/2024 18:00,2.349
7/2/2024 19:00,2.336
7/2/2024 20:00,2.354
7/2/2024 21:00,2.324
7/2/2024 22:00,2.337
7/2/2024 23:00,2.311
7/3/2024 0:00,2.307
7/3/2024 1:00,2.329
7/3/2024 2:00,2.302
7/3/2024 3:00,2.295
7/3/2024 4:00,2.295
7/3/2024 5:00,2.286
7/3/2024 6:00,2.286
7/3/2024 7:00,2.289
7/3/2024 8:00,2.273
7/3/2024 9:00,2.281
7/3/2024 10:00,2.296
7/3/2024 11:00,2.302
7/3/2024 12:00,2.279
7/3/2024 13:00,2.231
7/3/2024 14:00,2.198
7/3/2024 15:00,2.045
7/3/2024 16:00,1.996
7/3/2024 17:00,1.964
7/3/2024 18:00,1.966
7/3/2024 19:00,2.011
7/3/2024 20:00,2.014
7/3/2024 21:00,1.995
7/3/2024 22:00,1.939
7/3/2024 23:00,1.9
7/4/2024 0:00,1.879
7/4/2024 1:00,1.877
7/4/2024 2:00,1.847
7/4/2024 3:00,1.842
7/4/2024 4:00,1.811
7/4/2024 5:00,1.825
7/4/2024 6:00,1.777
7/4/2024 7:00,1.762
7/4/2024 8:00,1.761
7/4/2024 9:00,1.718
7/4/2024 10:00,1.698
7/4/2024 11:00,1.672
7/4/2024 12:00,1.669
7/4/2024 13:00,1.653
7/4/2024 14:00,1.637
7/4/2024 15:00,1.636
7/4/2024 16:00,1.622
7/4/2024 17:00,1.625
7/4/2024 18:00,1.631
7/4/2024 19:00,1.623
7/4/2024 20:00,1.621
7/4/2024 21:00,1.627
7/4/2024 22:00,1.619
7/4/2024 23:00,1.598
7/5/2024 0:00,1.593
7/5/2024 1:00,1.59
7/5/2024 2:00,1.579
7/5/2024 3:00,1.575
7/5/2024 4:00,1.562
7/5/2024 5:00,1.552
7/5/2024 6:00,1.539
7/5/2024 7:00,1.526
7/5/2024 8:00,1.523
7/5/2024 9:00,1.518
7/5/2024 10:00,1.517
7/5/2024 11:00,1.512
7/5/2024 12:00,1.513
7/5/2024 13:00,1.522
7/5/2024 14:00,1.507
7/5/2024 15:00,1.499
7/5/2024 16:00,1.499
7/5/2024 17:00,1.471
7/5/2024 18:00,1.488
7/5/2024 19:00,1.473
7/5/2024 20:00,1.482
7/5/2024 21:00,1.472
7/5/2024 22:00,1.453
7/5/2024 23:00,1.454
7/6/2024 0:00,1.441
7/6/2024 1:00,1.432
7/6/2024 2:00,1.424
7/6/2024 3:00,1.416
7/6/2024 4:00,1.403
7/6/2024 5:00,1.398
7/6/2024 6:00,1.391
7/6/2024 7:00,1.393
7/6/2024 8:00,1.388
7/6/2024 9:00,1.376
7/6/2024 10:00,1.391
7/6/2024 11:00,1.382
7/6/2024 12:00,1.372
7/6/2024 13:00,1.377
7/6/2024 14:00,1.367
7/6/2024 15:00,1.369
7/6/2024 16:00,1.359
7/6/2024 17:00,1.349
7/6/2024 18:00,1.365
7/6/2024 19:00,1.357
7/6/2024 20:00,1.348
7/6/2024 21:00,1.344
7/6/2024 22:00,1.336
7/6/2024 23:00,1.32
7/7/2024 0:00,1.314
7/7/2024 1:00,1.304
7/7/2024 2:00,1.305
7/7/2024 3:00,1.293
7/7/2024 4:00,1.285
7/7/2024 5:00,1.283
7/7/2024 6:00,1.277
7/7/2024 7:00,1.273
7/7/2024 8:00,1.27
7/7/2024 9:00,1.275
7/7/2024 10:00,1.271
7/7/2024 11:00,1.277
7/7/2024 12:00,1.286
7/7/2024 13:00,1.262
7/7/2024 14:00,1.279
7/7/2024 15:00,1.281
7/7/2024 16:00,1.269
7/7/2024 17:00,1.259
7/7/2024 18:00,1.272
7/7/2024 19:00,1.263
7/7/2024 20:00,1.272
7/7/2024 21:00,1.269
7/7/2024 22:00,1.266
7/7/2024 23:00,1.258
7/8/2024 0:00,1.254
7/8/2024 1:00,1.246
7/8/2024 2:00,1.244
7/8/2024 3:00,1.227
7/8/2024 4:00,1.23
7/8/2024 5:00,1.223
7/8/2024 6:00,1.23
7/8/2024 7:00,1.222
7/8/2024 8:00,1.22
7/8/2024 9:00,1.218
7/8/2024 10:00,1.221
7/8/2024 11:00,1.214
7/8/2024 12:00,1.224
7/8/2024 13:00,1.222
7/8/2024 14:00,1.228
7/8/2024 15:00,1.22
7/8/2024 16:00,1.213
7/8/2024 17:00,1.214
7/8/2024 18:00,1.215
7/8/2024 19:00,1.209
7/8/2024 20:00,1.228
7/8/2024 21:00,1.222
7/8/2024 22:00,1.218
7/8/2024 23:00,1.212
7/9/2024 0:00,1.208
7/9/2024 1:00,1.186
7/9/2024 2:00,1.188
7/9/2024 3:00,1.191
7/9/2024 4:00,1.177
7/9/2024 5:00,1.18
7/9/2024 6:00,1.168
7/9/2024 7:00,1.172
7/9/2024 8:00,1.163
7/9/2024 9:00,1.17
7/9/2024 10:00,1.165
7/9/2024 11:00,1.161
7/9/2024 12:00,1.177
7/9/2024 13:00,1.171
7/9/2024 14:00,1.186
7/9/2024 15:00,1.184
7/9/2024 16:00,1.185
7/9/2024 17:00,1.175
7/9/2024 18:00,1.176
7/9/2024 19:00,1.181
7/9/2024 20:00,1.185
7/9/2024 21:00,1.19
7/9/2024 22:00,1.181
7/9/2024 23:00,1.158
7/10/2024 0:00,1.151
7/10/2024 1:00,1.149
7/10/2024 2:00,1.139
7/10/2024 3:00,1.14
7/10/2024 4:00,1.123
7/10/2024 5:00,1.114
7/10/2024 6:00,1.113
7/10/2024 7:00,1.097
7/10/2024 8:00,1.092
7/10/2024 9:00,1.096
7/10/2024 10:00,1.088
7/10/2024 11:00,1.088
7/10/2024 12:00,1.091
7/10/2024 13:00,1.073
7/10/2024 14:00,1.078
7/10/2024 15:00,1.065
7/10/2024 16:00,1.082
7/10/2024 17:00,1.085
7/10/2024 18:00,1.072
7/10/2024 19:00,1.067
7/10/2024 20:00,1.089
7/10/2024 21:00,1.083
7/10/2024 22:00,1.07
7/10/2024 23:00,1.067
7/11/2024 0:00,1.073
7/11/2024 1:00,1.065
7/11/2024 2:00,1.069
7/11/2024 3:00,1.051
7/11/2024 4:00,1.057
7/11/2024 5:00,1.048
7/11/2024 6:00,1.045
7/11/2024 7:00,1.054
7/11/2024 8:00,1.041
7/11/2024 9:00,1.04
7/11/2024 10:00,1.041
7/11/2024 11:00,1.035
7/11/2024 12:00,1.038
7/11/2024 13:00,1.04
7/11/2024 14:00,1.038
7/11/2024 15:00,1.045
7/11/2024 16:00,1.03
7/11/2024 17:00,1.03
7/11/2024 18:00,1.043
7/11/2024 19:00,1.033
7/11/2024 20:00,1.045
7/11/2024 21:00,1.043
7/11/2024 22:00,1.044
7/11/2024 23:00,1.03
7/12/2024 0:00,1.029
7/12/2024 1:00,1.033
7/12/2024 2:00,1.013
7/12/2024 3:00,1.019
7/12/2024 4:00,1.009
7/12/2024 5:00,1.001
7/12/2024 6:00,0.994
7/12/2024 7:00,0.995
7/12/2024 8:00,0.994
7/12/2024 9:00,0.986
7/12/2024 10:00,0.986
7/12/2024 11:00,0.986
7/12/2024 12:00,0.986
7/12/2024 13:00,0.988
7/12/2024 14:00,0.979
7/12/2024 15:00,0.987
7/12/2024 16:00,0.978
7/12/2024 17:00,0.982
7/12/2024 18:00,0.968
7/12/2024 19:00,0.981
7/12/2024 20:00,0.987
7/12/2024 21:00,0.994
7/12/2024 22:00,0.983
7/12/2024 23:00,0.985
7/13/2024 0:00,0.98
7/13/2024 1:00,0.965
7/13/2024 2:00,0.964
7/13/2024 3:00,0.969
7/13/2024 4:00,0.964
7/13/2024 5:00,0.96
7/13/2024 6:00,0.965
7/13/2024 7:00,0.958
7/13/2024 8:00,0.962
7/13/2024 9:00,0.962
7/13/2024 10:00,0.954
7/13/2024 11:00,0.96
7/13/2024 12:00,0.95
7/13/2024 13:00,0.954
7/13/2024 14:00,0.955
7/13/2024 15:00,0.965
7/13/2024 16:00,0.95
7/13/2024 17:00,0.954
7/13/2024 18:00,0.937
7/13/2024 19:00,0.951
7/13/2024 20:00,0.966
7/13/2024 21:00,0.963
7/13/2024 22:00,0.96
7/13/2024 23:00,0.954
7/14/2024 0:00,0.953
7/14/2024 1:00,0.951
7/14/2024 2:00,0.95
7/14/2024 3:00,0.947
7/14/2024 4:00,0.933
7/14/2024 5:00,0.925
7/14/2024 6:00,0.929
7/14/2024 7:00,0.934
7/14/2024 8:00,0.924
7/14/2024 9:00,0.917
7/14/2024 10:00,0.928
7/14/2024 11:00,0.934
7/14/2024 12:00,0.936
7/14/2024 13:00,0.937
7/14/2024 14:00,0.932
7/14/2024 15:00,0.926
7/14/2024 16:00,0.929
7/14/2024 17:00,0.935
7/14/2024 18:00,0.934
7/14/2024 19:00,0.948
7/14/2024 20:00,0.938
7/14/2024 21:00,0.951
7/14/2024 22:00,0.934
7/14/2024 23:00,0.941
7/15/2024 0:00,0.934
7/15/2024 1:00,0.93
7/15/2024 2:00,0.931
7/15/2024 3:00,0.923
7/15/2024 4:00,0.921
7/15/2024 5:00,0.924
7/15/2024 6:00,0.925
7/15/2024 7:00,0.93
7/15/2024 8:00,0.933
7/15/2024 9:00,0.93
7/15/2024 10:00,0.924
7/15/2024 11:00,0.923
7/15/2024 12:00,0.931
7/15/2024 13:00,0.929
7/15/2024 14:00,0.943
7/15/2024 15:00,0.944
7/15/2024 16:00,0.936
7/15/2024 17:00,0.952
7/15/2024 18:00,0.959
7/15/2024 19:00,0.955
7/15/2024 20:00,0.948
7/15/2024 21:00,0.954
7/15/2024 22:00,0.944
7/15/2024 23:00,0.936
7/16/2024 0:00,0.932
7/16/2024 1:00,0.937
7/16/2024 2:00,0.934
7/16/2024 3:00,0.931
7/16/2024 4:00,0.936
7/16/2024 5:00,0.93
7/16/2024 6:00,0.942
7/16/2024 7:00,0.938
7/16/2024 8:00,0.933
7/16/2024 9:00,0.931
7/16/2024 10:00,0.942
7/16/2024 11:00,0.951
7/16/2024 12:00,0.936
7/16/2024 13:00,0.946
7/16/2024 14:00,0.959
7/16/2024 15:00,0.975
7/16/2024 16:00,0.957
7/16/2024 17:00,0.968
7/16/2024 18:00,0.971
7/16/2024 19:00,0.964
7/16/2024 20:00,0.976
7/16/2024 21:00,0.974
7/16/2024 22:00,0.972
7/16/2024 23:00,0.971
7/17/2024 0:00,0.96
7/17/2024 1:00,0.964
7/17/2024 2:00,0.952
7/17/2024 3:00,0.952
7/17/2024 4:00,0.957
7/17/2024 5:00,0.945
7/17/2024 6:00,0.957
7/17/2024 7:00,0.96
7/17/2024 8:00,0.961
7/17/2024 9:00,0.963
7/17/2024 10:00,0.968
7/17/2024 11:00,0.964
7/17/2024 12:00,0.973
7/17/2024 13:00,0.972
7/17/2024 14:00,0.971
7/17/2024 15:00,0.967
7/17/2024 16:00,0.976
7/17/2024 17:00,0.989
7/17/2024 18:00,0.983
7/17/2024 19:00,0.983
7/17/2024 20:00,0.989
7/17/2024 21:00,0.988
7/17/2024 22:00,0.98
7/17/2024 23:00,0.976
7/18/2024 0:00,0.963
7/18/2024 1:00,0.971
7/18/2024 2:00,0.964
7/18/2024 3:00,0.96
7/18/2024 4:00,0.953
7/18/2024 5:00,0.952
7/18/2024 6:00,0.943
7/18/2024 7:00,0.951
7/18/2024 8:00,0.947
7/18/2024 9:00,0.945
7/18/2024 10:00,0.943
7/18/2024 11:00,0.948
7/18/2024 12:00,0.959
7/18/2024 13:00,0.954
7/18/2024 14:00,0.964
7/18/2024 15:00,0.99
7/18/2024 16:00,0.972
7/18/2024 17:00,0.976
7/18/2024 18:00,0.978
7/18/2024 19:00,0.999
7/18/2024 20:00,0.999
7/18/2024 21:00,1.004
7/18/2024 22:00,1.015
7/18/2024 23:00,1.005
7/19/2024 0:00,1.003
7/19/2024 1:00,1.003
7/19/2024 2:00,1.008
7/19/2024 3:00,1.011
7/19/2024 4:00,0.998
7/19/2024 5:00,1.006
7/19/2024 6:00,1.006
7/19/2024 7:00,1.004
7/19/2024 8:00,0.995
7/19/2024 9:00,1.002
7/19/2024 10:00,0.997
7/19/2024 11:00,1.001
7/19/2024 12:00,1
7/19/2024 13:00,1.005
7/19/2024 14:00,1.002
7/19/2024 15:00,0.998
7/19/2024 16:00,1.002
7/19/2024 17:00,1.007
7/19/2024 18:00,1.023
7/19/2024 19:00,1.013
7/19/2024 20:00,1.035
7/19/2024 21:00,1.035
7/19/2024 22:00,1.05
7/19/2024 23:00,1.051
7/20/2024 0:00,1.049
7/20/2024 1:00,1.054
7/20/2024 2:00,1.055
7/20/2024 3:00,1.053
7/20/2024 4:00,1.045
7/20/2024 5:00,1.058
7/20/2024 6:00,1.048
7/20/2024 7:00,1.043
7/20/2024 8:00,1.042
7/20/2024 9:00,1.046
7/20/2024 10:00,1.042
7/20/2024 11:00,1.047
7/20/2024 12:00,1.036
7/20/2024 13:00,1.031
7/20/2024 14:00,1.025
7/20/2024 15:00,1.023
7/20/2024 16:00,1.009
7/20/2024 17:00,1.012
7/20/2024 18:00,1.016
7/20/2024 19:00,1.016
7/20/2024 20:00,1.027
7/20/2024 21:00,1.027
7/20/2024 22:00,1.031
7/20/2024 23:00,1.034
7/21/2024 0:00,1.026
7/21/2024 1:00,1.02
7/21/2024 2:00,1.013
7/21/2024 3:00,1.012
7/21/2024 4:00,1.009
7/21/2024 5:00,1.002
7/21/2024 6:00,0.996
7/21/2024 7:00,0.999
7/21/2024 8:00,0.996
7/21/2024 9:00,0.99
7/21/2024 10:00,0.987
7/21/2024 11:00,0.988
7/21/2024 12:00,0.992
7/21/2024 13:00,0.994
7/21/2024 14:00,0.991
7/21/2024 15:00,0.996
7/21/2024 16:00,0.972
7/21/2024 17:00,0.974
7/21/2024 18:00,0.993
7/21/2024 19:00,0.997
7/21/2024 20:00,0.991
7/21/2024 21:00,0.99
7/21/2024 22:00,0.98
7/21/2024 23:00,0.984
7/22/2024 0:00,0.984
7/22/2024 1:00,0.98
7/22/2024 2:00,0.977
7/22/2024 3:00,0.98
7/22/2024 4:00,0.974
7/22/2024 5:00,0.976
7/22/2024 6:00,0.972
7/22/2024 7:00,0.98
7/22/2024 8:00,0.977
7/22/2024 9:00,0.979
7/22/2024 10:00,0.974
7/22/2024 11:00,0.958
7/22/2024 12:00,0.961
7/22/2024 13:00,0.952
7/22/2024 14:00,0.961
7/22/2024 15:00,1.002
7/22/2024 16:00,1.176
7/22/2024 17:00,1.068
7/22/2024 18:00,1.011
7/22/2024 19:00,1.003
7/22/2024 20:00,0.99
7/22/2024 21:00,0.996
7/22/2024 22:00,0.987
7/22/2024 23:00,0.984
7/23/2024 0:00,0.98
7/23/2024 1:00,0.975
7/23/2024 2:00,0.978
7/23/2024 3:00,0.965
7/23/2024 4:00,0.967
7/23/2024 5:00,0.958
7/23/2024 6:00,0.962
7/23/2024 7:00,0.954
7/23/2024 8:00,0.949
7/23/2024 9:00,0.948
7/23/2024 10:00,0.95
7/23/2024 11:00,0.952
7/23/2024 12:00,0.971
7/23/2024 13:00,0.975
7/23/2024 14:00,0.972
7/23/2024 15:00,0.963
7/23/2024 16:00,0.956
7/23/2024 17:00,0.966
7/23/2024 18:00,0.954
7/23/2024 19:00,0.968
7/23/2024 20:00,0.978
7/23/2024 21:00,1.004
7/23/2024 22:00,0.968
7/23/2024 23:00,0.963
7/24/2024 0:00,0.962
7/24/2024 1:00,0.953
7/24/2024 2:00,0.951
7/24/2024 3:00,0.954
7/24/2024 4:00,0.951
7/24/2024 5:00,0.945
7/24/2024 6:00,0.946
7/24/2024 7:00,0.946
7/24/2024 8:00,0.942
7/24/2024 9:00,0.941
7/24/2024 10:00,0.947
7/24/2024 11:00,0.954
7/24/2024 12:00,0.943
7/24/2024 13:00,0.949
7/24/2024 14:00,0.95
7/24/2024 15:00,0.941
7/24/2024 16:00,0.949
7/24/2024 17:00,0.96
7/24/2024 18:00,0.938
7/24/2024 19:00,0.946
7/24/2024 20:00,0.945
7/24/2024 21:00,0.96
7/24/2024 22:00,0.953
7/24/2024 23:00,0.949
7/25/2024 0:00,0.946
7/25/2024 1:00,0.945
7/25/2024 2:00,0.952
7/25/2024 3:00,0.958
7/25/2024 4:00,1.022
7/25/2024 5:00,1.042
7/25/2024 6:00,1.045
7/25/2024 7:00,1.04
7/25/2024 8:00,1.052
7/25/2024 9:00,1.05
7/25/2024 10:00,1.058
7/25/2024 11:00,1.069
7/25/2024 12:00,1.084
7/25/2024 13:00,1.082
7/25/2024 14:00,1.165
7/25/2024 15:00,1.174
7/25/2024 16:00,1.179
7/25/2024 17:00,1.197
7/25/2024 18:00,1.181
7/25/2024 19:00,1.128
7/25/2024 20:00,1.093
7/25/2024 21:00,1.087
7/25/2024 22:00,1.092
7/25/2024 23:00,1.084
7/26/2024 0:00,1.085
7/26/2024 1:00,1.079
7/26/2024 2:00,1.088
7/26/2024 3:00,1.084
7/26/2024 4:00,1.075
7/26/2024 5:00,1.062
7/26/2024 6:00,1.062
7/26/2024 7:00,1.069
7/26/2024 8:00,1.063
7/26/2024 9:00,1.063
7/26/2024 10:00,1.057
7/26/2024 11:00,1.069
7/26/2024 12:00,1.067
7/26/2024 13:00,1.076
7/26/2024 14:00,1.074
7/26/2024 15:00,1.056
7/26/2024 16:00,1.06
7/26/2024 17:00,1.054
7/26/2024 18:00,1.058
7/26/2024 19:00,1.075
7/26/2024 20:00,1.079
7/26/2024 21:00,1.072
7/26/2024 22:00,1.077
7/26/2024 23:00,1.069
7/27/2024 0:00,1.068
7/27/2024 1:00,1.06
7/27/2024 2:00,1.073
7/27/2024 3:00,1.071
7/27/2024 4:00,1.069
7/27/2024 5:00,1.07
7/27/2024 6:00,1.08
7/27/2024 7:00,1.076
7/27/2024 8:00,1.067
7/27/2024 9:00,1.07
7/27/2024 10:00,1.071
7/27/2024 11:00,1.079
7/27/2024 12:00,1.082
7/27/2024 13:00,1.074
7/27/2024 14:00,1.069
7/27/2024 15:00,1.066
7/27/2024 16:00,1.072
7/27/2024 17:00,1.058
7/27/2024 18:00,1.074
7/27/2024 19:00,1.074
7/27/2024 20:00,1.071
7/27/2024 21:00,1.063
7/27/2024 22:00,1.069
7/27/2024 23:00,1.069
7/28/2024 0:00,1.07
7/28/2024 1:00,1.063
7/28/2024 2:00,1.063
7/28/2024 3:00,1.06
7/28/2024 4:00,1.061
7/28/2024 5:00,1.055
7/28/2024 6:00,1.058
7/28/2024 7:00,1.052
7/28/2024 8:00,1.055
7/28/2024 9:00,1.05
7/28/2024 10:00,1.05
7/28/2024 11:00,1.049
7/28/2024 12:00,1.051
7/28/2024 13:00,1.05
7/28/2024 14:00,1.046
7/28/2024 15:00,1.041
7/28/2024 16:00,1.029
7/28/2024 17:00,1.027
7/28/2024 18:00,1.034
7/28/2024 19:00,1.04
7/28/2024 20:00,1.044
7/28/2024 21:00,1.04
7/28/2024 22:00,1.037
7/28/2024 23:00,1.027
7/29/2024 0:00,1.031
7/29/2024 1:00,1.036
7/29/2024 2:00,1.034
7/29/2024 3:00,1.027
7/29/2024 4:00,1.02
7/29/2024 5:00,1.018
7/29/2024 6:00,1.028
7/29/2024 7:00,1.015
7/29/2024 8:00,1.022
7/29/2024 9:00,1.019
7/29/2024 10:00,1.02
7/29/2024 11:00,1.029
7/29/2024 12:00,1.017
7/29/2024 13:00,1.004
7/29/2024 14:00,1.017
7/29/2024 15:00,1.003
7/29/2024 16:00,0.997
7/29/2024 17:00,1
7/29/2024 18:00,0.999
7/29/2024 19:00,0.995
7/29/2024 20:00,0.993
7/29/2024 21:00,1.019
7/29/2024 22:00,1.013
7/29/2024 23:00,1.01
7/30/2024 0:00,1.012
7/30/2024 1:00,1.015
7/30/2024 2:00,1.009
7/30/2024 3:00,1.006
7/30/2024 4:00,0.995
7/30/2024 5:00,0.998
7/30/2024 6:00,1.003
7/30/2024 7:00,1.006
7/30/2024 8:00,0.999
7/30/2024 9:00,0.999
7/30/2024 10:00,1.006
7/30/2024 11:00,1.004
7/30/2024 12:00,1.004
7/30/2024 13:00,0.996
7/30/2024 14:00,1.009
7/30/2024 15:00,0.993
7/30/2024 16:00,0.993
7/30/2024 17:00,0.979
7/30/2024 18:00,1
7/30/2024 19:00,0.996
7/30/2024 20:00,0.998
7/30/2024 21:00,1.002
7/30/2024 22:00,1.007
7/30/2024 23:00,1.009
7/31/2024 0:00,1.003
7/31/2024 1:00,1.005
7/31/2024 2:00,1.001
7/31/2024 3:00,1.016
7/31/2024 4:00,1.006
7/31/2024 5:00,1.005
7/31/2024 6:00,1
7/31/2024 7:00,0.994
7/31/2024 8:00,0.996
7/31/2024 9:00,0.994
7/31/2024 10:00,1.003
7/31/2024 11:00,1.004
7/31/2024 12:00,1.005
7/31/2024 13:00,1.011
7/31/2024 14:00,1.012
7/31/2024 15:00,1.004
7/31/2024 16:00,1.005
7/31/2024 17:00,1.003
7/31/2024 18:00,1.012
7/31/2024 19:00,1.032
7/31/2024 20:00,1.027
7/31/2024 21:00,1.04
7/31/2024 22:00,1.026
7/31/2024 23:00,1.033
8/1/2024 0:00,1.026
8/1/2024 1:00,1.026
8/1/2024 2:00,1.026
8/1/2024 3:00,1.023
8/1/2024 4:00,1.012
8/1/2024 5:00,0.972
8/1/2024 6:00,0.934
8/1/2024 7:00,0.933
8/1/2024 8:00,0.923
8/1/2024 9:00,0.919
8/1/2024 10:00,0.934
8/1/2024 11:00,0.947
8/1/2024 12:00,0.933
8/1/2024 13:00,0.931
8/1/2024 14:00,0.928
8/1/2024 15:00,0.918
8/1/2024 16:00,0.912
8/1/2024 17:00,0.917
8/1/2024 18:00,0.924
8/1/2024 19:00,0.932
8/1/2024 20:00,0.927
8/1/2024 21:00,0.925
8/1/2024 22:00,0.92
8/1/2024 23:00,0.924
8/2/2024 0:00,0.922
8/2/2024 1:00,0.91
8/2/2024 2:00,0.92
8/2/2024 3:00,0.917
8/2/2024 4:00,0.914
8/2/2024 5:00,0.903
8/2/2024 6:00,0.907
8/2/2024 7:00,0.905
8/2/2024 8:00,0.895
8/2/2024 9:00,0.901
8/2/2024 10:00,0.903
8/2/2024 11:00,0.902
8/2/2024 12:00,0.904
8/2/2024 13:00,0.905
8/2/2024 14:00,0.909
8/2/2024 15:00,0.904
8/2/2024 16:00,0.887
8/2/2024 17:00,0.884
8/2/2024 18:00,0.887
8/2/2024 19:00,0.901
8/2/2024 20:00,0.904
8/2/2024 21:00,0.905
8/2/2024 22:00,0.903
8/2/2024 23:00,0.895
8/3/2024 0:00,0.908
8/3/2024 1:00,0.895
8/3/2024 2:00,0.902
8/3/2024 3:00,0.899
8/3/2024 4:00,0.899
8/3/2024 5:00,0.886
8/3/2024 6:00,0.892
8/3/2024 7:00,0.894
8/3/2024 8:00,0.891
8/3/2024 9:00,0.894
8/3/2024 10:00,0.899
8/3/2024 11:00,0.888
8/3/2024 12:00,0.893
8/3/2024 13:00,0.891
8/3/2024 14:00,0.883
8/3/2024 15:00,0.893
8/3/2024 16:00,0.873
8/3/2024 17:00,0.871
8/3/2024 18:00,0.902
8/3/2024 19:00,0.91
8/3/2024 20:00,0.908
8/3/2024 21:00,0.9
8/3/2024 22:00,0.909
8/3/2024 23:00,0.903
8/4/2024 0:00,0.9
8/4/2024 1:00,0.898
8/4/2024 2:00,0.895
8/4/2024 3:00,0.899
8/4/2024 4:00,0.89
8/4/2024 5:00,0.883
8/4/2024 6:00,0.884
8/4/2024 7:00,0.878
8/4/2024 8:00,0.879
8/4/2024 9:00,0.878
8/4/2024 10:00,0.882
8/4/2024 11:00,0.886
8/4/2024 12:00,0.882
8/4/2024 13:00,0.888
8/4/2024 14:00,0.887
8/4/2024 15:00,0.877
8/4/2024 16:00,0.866
8/4/2024 17:00,0.868
8/4/2024 18:00,0.882
8/4/2024 19:00,0.881
8/4/2024 20:00,0.878
8/4/2024 21:00,0.876
8/4/2024 22:00,0.878
8/4/2024 23:00,0.882
8/5/2024 0:00,0.888
8/5/2024 1:00,0.889
8/5/2024 2:00,0.905
8/5/2024 3:00,0.903
8/5/2024 4:00,0.903
8/5/2024 5:00,0.902
8/5/2024 6:00,0.903
8/5/2024 7:00,0.903
8/5/2024 8:00,0.919
8/5/2024 9:00,0.929
8/5/2024 10:00,0.933
8/5/2024 11:00,0.948
8/5/2024 12:00,0.95
8/5/2024 13:00,0.925
8/5/2024 14:00,0.923
8/5/2024 15:00,0.933
8/5/2024 16:00,0.933
8/5/2024 17:00,0.916
8/5/2024 18:00,0.922
8/5/2024 19:00,0.93
8/5/2024 20:00,0.938
8/5/2024 21:00,0.934
8/5/2024 22:00,0.938
8/5/2024 23:00,0.933
8/6/2024 0:00,0.931
8/6/2024 1:00,0.925
8/6/2024 2:00,0.923
8/6/2024 3:00,0.915
8/6/2024 4:00,0.922
8/6/2024 5:00,0.923
8/6/2024 6:00,0.919
8/6/2024 7:00,0.922
8/6/2024 8:00,0.917
8/6/2024 9:00,0.913
8/6/2024 10:00,0.919
8/6/2024 11:00,0.92
8/6/2024 12:00,0.921
8/6/2024 13:00,0.931
8/6/2024 14:00,0.924
8/6/2024 15:00,0.934
8/6/2024 16:00,0.925
8/6/2024 17:00,0.934
8/6/2024 18:00,0.959
8/6/2024 19:00,0.952
8/6/2024 20:00,0.966
8/6/2024 21:00,0.964
8/6/2024 22:00,0.973
8/6/2024 23:00,0.961
8/7/2024 0:00,0.954
8/7/2024 1:00,0.953
8/7/2024 2:00,0.94
8/7/2024 3:00,0.947
8/7/2024 4:00,0.927
8/7/2024 5:00,0.942
8/7/2024 6:00,0.929
8/7/2024 7:00,0.935
8/7/2024 8:00,0.927
8/7/2024 9:00,0.926
8/7/2024 10:00,0.925
8/7/2024 11:00,0.936
8/7/2024 12:00,0.947
8/7/2024 13:00,0.939
8/7/2024 14:00,0.952
8/7/2024 15:00,0.935
8/7/2024 16:00,0.926
8/7/2024 17:00,0.935
8/7/2024 18:00,0.937
8/7/2024 19:00,0.937
8/7/2024 20:00,0.936
8/7/2024 21:00,0.929
8/7/2024 22:00,0.926
8/7/2024 23:00,0.925
8/8/2024 0:00,0.931
8/8/2024 1:00,0.924
8/8/2024 2:00,0.931
8/8/2024 3:00,0.926
8/8/2024 4:00,0.922
8/8/2024 5:00,0.922
8/8/2024 6:00,0.914
8/8/2024 7:00,0.922
8/8/2024 8:00,0.916
8/8/2024 9:00,0.912
8/8/2024 10:00,0.908
8/8/2024 11:00,0.9
8/8/2024 12:00,0.914
8/8/2024 13:00,0.915
8/8/2024 14:00,0.915
8/8/2024 15:00,0.915
8/8/2024 16:00,0.924
8/8/2024 17:00,0.9
8/8/2024 18:00,0.908
8/8/2024 19:00,0.907
8/8/2024 20:00,0.912
8/8/2024 21:00,0.915
8/8/2024 22:00,0.921
8/8/2024 23:00,0.918
8/9/2024 0:00,0.906
8/9/2024 1:00,0.91
8/9/2024 2:00,0.903
8/9/2024 3:00,0.904
8/9/2024 4:00,0.906
8/9/2024 5:00,0.897
8/9/2024 6:00,0.898
8/9/2024 7:00,0.899
8/9/2024 8:00,0.898
8/9/2024 9:00,0.897
8/9/2024 10:00,0.907
8/9/2024 11:00,0.915
8/9/2024 12:00,0.923
8/9/2024 13:00,0.927
8/9/2024 14:00,0.923
8/9/2024 15:00,0.923
8/9/2024 16:00,0.923
8/9/2024 17:00,0.915
8/9/2024 18:00,0.939
8/9/2024 19:00,0.937
8/9/2024 20:00,0.926
8/9/2024 21:00,0.946
8/9/2024 22:00,0.955
8/9/2024 23:00,0.961
8/10/2024 0:00,0.954
8/10/2024 1:00,0.972
8/10/2024 2:00,0.962
8/10/2024 3:00,0.961
8/10/2024 4:00,0.969
8/10/2024 5:00,0.974
8/10/2024 6:00,0.975
8/10/2024 7:00,0.973
8/10/2024 8:00,0.974
8/10/2024 9:00,0.973
8/10/2024 10:00,0.972
8/10/2024 11:00,0.973
8/10/2024 12:00,0.977
8/10/2024 13:00,0.968
8/10/2024 14:00,0.975
8/10/2024 15:00,0.973
8/10/2024 16:00,0.974
8/10/2024 17:00,0.95
8/10/2024 18:00,0.957
8/10/2024 19:00,0.962
8/10/2024 20:00,0.969
8/10/2024 21:00,0.966
8/10/2024 22:00,0.963
8/10/2024 23:00,0.963
8/11/2024 0:00,0.96
8/11/2024 1:00,0.966
8/11/2024 2:00,0.968
8/11/2024 3:00,0.983
8/11/2024 4:00,0.982
8/11/2024 5:00,0.98
8/11/2024 6:00,0.979
8/11/2024 7:00,0.978
8/11/2024 8:00,0.979
8/11/2024 9:00,0.983
8/11/2024 10:00,0.986
8/11/2024 11:00,0.98
8/11/2024 12:00,0.983
8/11/2024 13:00,0.99
8/11/2024 14:00,0.995
8/11/2024 15:00,0.975
8/11/2024 16:00,1.003
8/11/2024 17:00,1.015
8/11/2024 18:00,1.016
8/11/2024 19:00,1.038
8/11/2024 20:00,1.035
8/11/2024 21:00,1.037
8/11/2024 22:00,1.035
8/11/2024 23:00,1.037
8/12/2024 0:00,1.041
8/12/2024 1:00,1.027
8/12/2024 2:00,1.032
8/12/2024 3:00,1.037
8/12/2024 4:00,1.037
8/12/2024 5:00,1.038
8/12/2024 6:00,1.03
8/12/2024 7:00,1.038
8/12/2024 8:00,1.037
8/12/2024 9:00,1.034
8/12/2024 10:00,1.035
8/12/2024 11:00,1.043
8/12/2024 12:00,1.04
8/12/2024 13:00,1.047
8/12/2024 14:00,1.031
8/12/2024 15:00,1.031
8/12/2024 16:00,1.04
8/12/2024 17:00,1.029
8/12/2024 18:00,1.03
8/12/2024 19:00,1.024
8/12/2024 20:00,1.027
8/12/2024 21:00,1.026
8/12/2024 22:00,1.007
8/12/2024 23:00,1.024
8/13/2024 0:00,1.007
8/13/2024 1:00,0.999
8/13/2024 2:00,0.98
8/13/2024 3:00,0.983
8/13/2024 4:00,0.98
8/13/2024 5:00,0.984
8/13/2024 6:00,0.984
8/13/2024 7:00,0.978
8/13/2024 8:00,0.976
8/13/2024 9:00,0.97
8/13/2024 10:00,0.971
8/13/2024 11:00,0.977
8/13/2024 12:00,0.979
8/13/2024 13:00,0.982
8/13/2024 14:00,0.989
8/13/2024 15:00,0.989
8/13/2024 16:00,0.98
8/13/2024 17:00,0.989
8/13/2024 18:00,0.987
8/13/2024 19:00,0.986
8/13/2024 20:00,0.982
8/13/2024 21:00,0.985
8/13/2024 22:00,0.971
8/13/2024 23:00,0.972
8/14/2024 0:00,0.981
8/14/2024 1:00,0.98
8/14/2024 2:00,0.967
8/14/2024 3:00,0.966
8/14/2024 4:00,0.966
8/14/2024 5:00,0.966
8/14/2024 6:00,0.967
8/14/2024 7:00,0.966
8/14/2024 8:00,0.962
8/14/2024 9:00,0.967
8/14/2024 10:00,0.97
8/14/2024 11:00,0.975
8/14/2024 12:00,0.976
8/14/2024 13:00,0.977
8/14/2024 14:00,0.974
8/14/2024 15:00,0.975
8/14/2024 16:00,0.974
8/14/2024 17:00,0.974
8/14/2024 18:00,0.971
8/14/2024 19:00,0.989
8/14/2024 20:00,0.978
8/14/2024 21:00,0.989
8/14/2024 22:00,0.992
8/14/2024 23:00,1
8/15/2024 0:00,1.004
8/15/2024 1:00,1.008
8/15/2024 2:00,1.007
8/15/2024 3:00,1.01
8/15/2024 4:00,1.002
8/15/2024 5:00,1
8/15/2024 6:00,1.015
8/15/2024 7:00,1.025
8/15/2024 8:00,1.032
8/15/2024 9:00,1.038
8/15/2024 10:00,1.049
8/15/2024 11:00,1.042
8/15/2024 12:00,1.052
8/15/2024 13:00,1.049
8/15/2024 14:00,1.047
8/15/2024 15:00,1.051
8/15/2024 16:00,1.048
8/15/2024 17:00,1.041
8/15/2024 18:00,1.051
8/15/2024 19:00,1.052
8/15/2024 20:00,1.048
8/15/2024 21:00,1.031
8/15/2024 22:00,1.037
8/15/2024 23:00,1.04
8/16/2024 0:00,1.03
8/16/2024 1:00,1.038
8/16/2024 2:00,1.026
8/16/2024 3:00,1.02
8/16/2024 4:00,1.016
8/16/2024 5:00,1.012
8/16/2024 6:00,0.998
8/16/2024 7:00,1.004
8/16/2024 8:00,0.992
8/16/2024 9:00,0.992
8/16/2024 10:00,0.997
8/16/2024 11:00,0.989
8/16/2024 12:00,0.998
8/16/2024 13:00,0.992
8/16/2024 14:00,0.989
8/16/2024 15:00,0.981
8/16/2024 16:00,0.972
8/16/2024 17:00,0.981
8/16/2024 18:00,0.99
8/16/2024 19:00,0.985
8/16/2024 20:00,0.979
8/16/2024 21:00,0.975
8/16/2024 22:00,0.976
8/16/2024 23:00,0.968
8/17/2024 0:00,0.964
8/17/2024 1:00,0.962
8/17/2024 2:00,0.955
8/17/2024 3:00,0.951
8/17/2024 4:00,0.944
8/17/2024 5:00,0.942
8/17/2024 6:00,0.936
8/17/2024 7:00,0.941
8/17/2024 8:00,0.938
8/17/2024 9:00,0.931
8/17/2024 10:00,0.929
8/17/2024 11:00,0.94
8/17/2024 12:00,0.942
8/17/2024 13:00,0.946
8/17/2024 14:00,0.934
8/17/2024 15:00,0.941
8/17/2024 16:00,0.936
8/17/2024 17:00,0.939
8/17/2024 18:00,0.944
8/17/2024 19:00,0.932
8/17/2024 20:00,0.947
8/17/2024 21:00,0.943
8/17/2024 22:00,0.94
8/17/2024 23:00,0.943
8/18/2024 0:00,0.942
8/18/2024 1:00,0.952
8/18/2024 2:00,0.94
8/18/2024 3:00,0.93
8/18/2024 4:00,0.922
8/18/2024 5:00,0.927
8/18/2024 6:00,0.937
8/18/2024 7:00,0.935
8/18/2024 8:00,0.928
8/18/2024 9:00,0.948
8/18/2024 10:00,0.953
8/18/2024 11:00,0.949
8/18/2024 12:00,0.952
8/18/2024 13:00,0.954
8/18/2024 14:00,0.944
8/18/2024 15:00,0.941
8/18/2024 16:00,0.945
8/18/2024 17:00,0.931
8/18/2024 18:00,0.933
8/18/2024 19:00,0.935
8/18/2024 20:00,0.939
8/18/2024 21:00,0.96
8/18/2024 22:00,0.939
8/18/2024 23:00,0.949
8/19/2024 0:00,0.945
8/19/2024 1:00,0.953
8/19/2024 2:00,0.959
8/19/2024 3:00,0.954
8/19/2024 4:00,0.953
8/19/2024 5:00,0.948
8/19/2024 6:00,0.944
8/19/2024 7:00,0.941
8/19/2024 8:00,0.945
8/19/2024 9:00,0.959
8/19/2024 10:00,0.969
8/19/2024 11:00,0.968
8/19/2024 12:00,0.969
8/19/2024 13:00,0.966
8/19/2024 14:00,0.968
8/19/2024 15:00,0.958
8/19/2024 16:00,0.988
8/19/2024 17:00,0.969
8/19/2024 18:00,0.961
8/19/2024 19:00,0.962
8/19/2024 20:00,0.97
8/19/2024 21:00,1.004
8/19/2024 22:00,0.992
8/19/2024 23:00,0.967
8/20/2024 0:00,0.968
8/20/2024 1:00,0.96
8/20/2024 2:00,0.951
8/20/2024 3:00,0.953
8/20/2024 4:00,0.955
8/20/2024 5:00,0.958
8/20/2024 6:00,0.955
8/20/2024 7:00,0.956
8/20/2024 8:00,0.957
8/20/2024 9:00,0.954
8/20/2024 10:00,0.95
8/20/2024 11:00,0.954
8/20/2024 12:00,0.966
8/20/2024 13:00,0.968
8/20/2024 14:00,0.957
8/20/2024 15:00,0.948
8/20/2024 16:00,0.955
8/20/2024 17:00,0.957
8/20/2024 18:00,0.963
8/20/2024 19:00,0.951
8/20/2024 20:00,0.957
8/20/2024 21:00,0.96
8/20/2024 22:00,0.964
8/20/2024 23:00,0.949
8/21/2024 0:00,0.946
8/21/2024 1:00,0.952
8/21/2024 2:00,0.948
8/21/2024 3:00,0.943
8/21/2024 4:00,0.935
8/21/2024 5:00,0.94
8/21/2024 6:00,0.933
8/21/2024 7:00,0.94
8/21/2024 8:00,0.938
8/21/2024 9:00,0.937
8/21/2024 10:00,0.935
8/21/2024 11:00,0.948
8/21/2024 12:00,0.945
8/21/2024 13:00,0.949
8/21/2024 14:00,0.952
8/21/2024 15:00,0.955
8/21/2024 16:00,0.956
8/21/2024 17:00,0.953
8/21/2024 18:00,0.947
8/21/2024 19:00,0.947
8/21/2024 20:00,0.949
8/21/2024 21:00,0.948
8/21/2024 22:00,0.948
8/21/2024 23:00,0.943
8/22/2024 0:00,0.946
8/22/2024 1:00,0.942
8/22/2024 2:00,0.946
8/22/2024 3:00,0.944
8/22/2024 4:00,0.946
8/22/2024 5:00,0.945
8/22/2024 6:00,0.939
8/22/2024 7:00,0.935
8/22/2024 8:00,0.939
8/22/2024 9:00,0.939
8/22/2024 10:00,0.937
8/22/2024 11:00,0.939
8/22/2024 12:00,0.943
8/22/2024 13:00,0.948
8/22/2024 14:00,0.947
8/22/2024 15:00,0.95
8/22/2024 16:00,0.964
8/22/2024 17:00,0.96
8/22/2024 18:00,0.982
8/22/2024 19:00,0.966
8/22/2024 20:00,0.969
8/22/2024 21:00,0.985
8/22/2024 22:00,0.994
8/22/2024 23:00,0.993
8/23/2024 0:00,0.987
8/23/2024 1:00,0.988
8/23/2024 2:00,0.979
8/23/2024 3:00,0.979
8/23/2024 4:00,0.977
8/23/2024 5:00,0.98
8/23/2024 6:00,0.972
8/23/2024 7:00,0.972
8/23/2024 8:00,0.965
8/23/2024 9:00,0.974
8/23/2024 10:00,0.968
8/23/2024 11:00,0.972
8/23/2024 12:00,0.985
8/23/2024 13:00,0.982
8/23/2024 14:00,0.976
8/23/2024 15:00,0.981
8/23/2024 16:00,0.982
8/23/2024 17:00,0.982
8/23/2024 18:00,0.983
8/23/2024 19:00,0.98
8/23/2024 20:00,0.97
8/23/2024 21:00,0.978
8/23/2024 22:00,0.989
8/23/2024 23:00,1.004
8/24/2024 0:00,1.01
8/24/2024 1:00,1.013
8/24/2024 2:00,1.015
8/24/2024 3:00,1.013
8/24/2024 4:00,1.009
8/24/2024 5:00,1.005
8/24/2024 6:00,0.997
8/24/2024 7:00,0.997
8/24/2024 8:00,0.987
8/24/2024 9:00,0.988
8/24/2024 10:00,0.984
8/24/2024 11:00,0.993
8/24/2024 12:00,0.993
8/24/2024 13:00,0.986
8/24/2024 14:00,0.994
8/24/2024 15:00,0.987
8/24/2024 16:00,0.986
8/24/2024 17:00,0.985
8/24/2024 18:00,0.981
8/24/2024 19:00,0.983
8/24/2024 20:00,0.985
8/24/2024 21:00,0.977
8/24/2024 22:00,0.979
8/24/2024 23:00,0.969
8/25/2024 0:00,0.968
8/25/2024 1:00,0.973
8/25/2024 2:00,0.969
8/25/2024 3:00,0.962
8/25/2024 4:00,0.971
8/25/2024 5:00,0.962
8/25/2024 6:00,0.958
8/25/2024 7:00,0.955
8/25/2024 8:00,0.951
8/25/2024 9:00,0.95
8/25/2024 10:00,0.948
8/25/2024 11:00,0.959
8/25/2024 12:00,0.963
8/25/2024 13:00,0.967
8/25/2024 14:00,0.961
8/25/2024 15:00,0.976
8/25/2024 16:00,0.982
8/25/2024 17:00,0.974
8/25/2024 18:00,0.972
8/25/2024 19:00,0.974
8/25/2024 20:00,0.978
8/25/2024 21:00,0.975
8/25/2024 22:00,0.987
8/25/2024 23:00,0.989
8/26/2024 0:00,1.003
8/26/2024 1:00,1.008
8/26/2024 2:00,1.008
8/26/2024 3:00,1.002
8/26/2024 4:00,0.997
8/26/2024 5:00,0.988
8/26/2024 6:00,0.989
8/26/2024 7:00,0.994
8/26/2024 8:00,1
8/26/2024 9:00,1.005
8/26/2024 10:00,1.02
8/26/2024 11:00,1.034
8/26/2024 12:00,1.022
8/26/2024 13:00,1.017
8/26/2024 14:00,1.025
8/26/2024 15:00,1.026
8/26/2024 16:00,1.027
8/26/2024 17:00,1.036
8/26/2024 18:00,1.036
8/26/2024 19:00,1.038
8/26/2024 20:00,1.023
8/26/2024 21:00,1.021
8/26/2024 22:00,1.013
8/26/2024 23:00,1.015
8/27/2024 0:00,0.999
8/27/2024 1:00,1.005
8/27/2024 2:00,1.008
8/27/2024 3:00,0.995
8/27/2024 4:00,1
8/27/2024 5:00,0.99
8/27/2024 6:00,0.982
8/27/2024 7:00,0.984
8/27/2024 8:00,0.982
8/27/2024 9:00,0.987
8/27/2024 10:00,0.982
8/27/2024 11:00,0.985
8/27/2024 12:00,0.991
8/27/2024 13:00,0.995
8/27/2024 14:00,0.988
8/27/2024 15:00,0.973
8/27/2024 16:00,0.978
8/27/2024 17:00,0.993
8/27/2024 18:00,0.977
8/27/2024 19:00,0.981
8/27/2024 20:00,0.982
8/27/2024 21:00,0.979
8/27/2024 22:00,0.972
8/27/2024 23:00,0.964
8/28/2024 0:00,0.964
8/28/2024 1:00,0.967
8/28/2024 2:00,0.966
8/28/2024 3:00,0.964
8/28/2024 4:00,0.963
8/28/2024 5:00,0.956
8/28/2024 6:00,0.954
8/28/2024 7:00,0.949
8/28/2024 8:00,0.949
8/28/2024 9:00,0.949
8/28/2024 10:00,0.946
8/28/2024 11:00,0.956
8/28/2024 12:00,0.958
8/28/2024 13:00,0.952
8/28/2024 14:00,0.953
8/28/2024 15:00,0.94
8/28/2024 16:00,0.941
8/28/2024 17:00,0.946
8/28/2024 18:00,0.948
8/28/2024 19:00,0.948
8/28/2024 20:00,0.943
8/28/2024 21:00,0.942
8/28/2024 22:00,0.944
8/28/2024 23:00,0.947
8/29/2024 0:00,0.944
8/29/2024 1:00,0.945
8/29/2024 2:00,0.942
8/29/2024 3:00,0.943
8/29/2024 4:00,0.936
8/29/2024 5:00,0.935
8/29/2024 6:00,0.932
8/29/2024 7:00,0.921
8/29/2024 8:00,0.926
8/29/2024 9:00,0.931
8/29/2024 10:00,0.933
8/29/2024 11:00,0.937
8/29/2024 12:00,0.935
8/29/2024 13:00,0.936
8/29/2024 14:00,0.938
8/29/2024 15:00,0.939
8/29/2024 16:00,0.943
8/29/2024 17:00,0.929
8/29/2024 18:00,0.935
8/29/2024 19:00,0.935
8/29/2024 20:00,0.934
8/29/2024 21:00,0.94
8/29/2024 22:00,0.931
8/29/2024 23:00,0.93
8/30/2024 0:00,0.935
8/30/2024 1:00,0.933
8/30/2024 2:00,0.939
8/30/2024 3:00,0.928
8/30/2024 4:00,0.924
8/30/2024 5:00,0.932
8/30/2024 6:00,0.92
8/30/2024 7:00,0.923
8/30/2024 8:00,0.921
8/30/2024 9:00,0.911
8/30/2024 10:00,0.936
8/30/2024 11:00,0.926
8/30/2024 12:00,0.93
8/30/2024 13:00,0.93
8/30/2024 14:00,0.932
8/30/2024 15:00,0.923
8/30/2024 16:00,0.923
8/30/2024 17:00,0.927
8/30/2024 18:00,0.93
8/30/2024 19:00,0.93
8/30/2024 20:00,0.941
8/30/2024 21:00,0.936
8/30/2024 22:00,0.936
8/30/2024 23:00,0.924
8/31/2024 0:00,0.925
8/31/2024 1:00,0.927
8/31/2024 2:00,0.918
8/31/2024 3:00,0.92
8/31/2024 4:00,0.922
8/31/2024 5:00,0.921
8/31/2024 6:00,0.921
8/31/2024 7:00,0.912
8/31/2024 8:00,0.915
8/31/2024 9:00,0.922
8/31/2024 10:00,0.924
8/31/2024 11:00,0.919
8/31/2024 12:00,0.921
8/31/2024 13:00,0.931
8/31/2024 14:00,0.922
8/31/2024 15:00,0.92
8/31/2024 16:00,0.909
8/31/2024 17:00,0.924
8/31/2024 18:00,0.935
8/31/2024 19:00,0.935
8/31/2024 20:00,0.923
8/31/2024 21:00,0.926
8/31/2024 22:00,0.934
8/31/2024 23:00,0.926
9/1/2024 0:00,0.922
9/1/2024 1:00,0.92
9/1/2024 2:00,0.919
9/1/2024 3:00,0.913
9/1/2024 4:00,0.9
9/1/2024 5:00,0.904
9/1/2024 6:00,0.895
9/1/2024 7:00,0.887
9/1/2024 8:00,0.881
9/1/2024 9:00,0.886
9/1/2024 10:00,0.884
9/1/2024 11:00,0.887
9/1/2024 12:00,0.889
9/1/2024 13:00,0.892
9/1/2024 14:00,0.881
9/1/2024 15:00,0.872
9/1/2024 16:00,0.899
9/1/2024 17:00,0.899
9/1/2024 18:00,0.905
9/1/2024 19:00,0.901
9/1/2024 20:00,0.898
9/1/2024 21:00,0.896
9/1/2024 22:00,0.888
9/1/2024 23:00,0.881
9/2/2024 0:00,0.886
9/2/2024 1:00,0.885
9/2/2024 2:00,0.882
9/2/2024 3:00,0.884
9/2/2024 4:00,0.882
9/2/2024 5:00,0.873
9/2/2024 6:00,0.88
9/2/2024 7:00,0.882
9/2/2024 8:00,0.867
9/2/2024 9:00,0.87
9/2/2024 10:00,0.869
9/2/2024 11:00,0.87
9/2/2024 12:00,0.882
9/2/2024 13:00,0.888
9/2/2024 14:00,0.881
9/2/2024 15:00,0.868
9/2/2024 16:00,0.868
9/2/2024 17:00,0.879
9/2/2024 18:00,0.884
9/2/2024 19:00,0.877
9/2/2024 20:00,0.877
9/2/2024 21:00,0.876
9/2/2024 22:00,0.881
9/2/2024 23:00,0.88
9/3/2024 0:00,0.869
9/3/2024 1:00,0.874
9/3/2024 2:00,0.868
9/3/2024 3:00,0.873
9/3/2024 4:00,0.872
9/3/2024 5:00,0.878
9/3/2024 6:00,0.873
9/3/2024 7:00,0.877
9/3/2024 8:00,0.865
9/3/2024 9:00,0.867
9/3/2024 10:00,0.878
9/3/2024 11:00,0.888
9/3/2024 12:00,0.89
9/3/2024 13:00,0.888
9/3/2024 14:00,0.894
9/3/2024 15:00,0.885
9/3/2024 16:00,0.872
9/3/2024 17:00,0.889
9/3/2024 18:00,0.892
9/3/2024 19:00,0.891
9/3/2024 20:00,0.885
9/3/2024 21:00,0.887
9/3/2024 22:00,0.88
9/3/2024 23:00,0.888
9/4/2024 0:00,0.891
9/4/2024 1:00,0.89
9/4/2024 2:00,0.884
9/4/2024 3:00,0.882
9/4/2024 4:00,0.906
9/4/2024 5:00,0.925
9/4/2024 6:00,0.933
9/4/2024 7:00,0.927
9/4/2024 8:00,0.925
9/4/2024 9:00,0.926
9/4/2024 10:00,0.919
9/4/2024 11:00,0.926
9/4/2024 12:00,0.937
9/4/2024 13:00,0.941
9/4/2024 14:00,0.935
9/4/2024 15:00,0.939
9/4/2024 16:00,0.946
9/4/2024 17:00,0.973
9/4/2024 18:00,0.965
9/4/2024 19:00,0.971
9/4/2024 20:00,0.952
9/4/2024 21:00,0.953
9/4/2024 22:00,0.957
9/4/2024 23:00,0.964
9/5/2024 0:00,0.961
9/5/2024 1:00,0.967
9/5/2024 2:00,0.978
9/5/2024 3:00,0.978
9/5/2024 4:00,0.974
9/5/2024 5:00,0.969
9/5/2024 6:00,0.968
9/5/2024 7:00,0.967
9/5/2024 8:00,0.956
9/5/2024 9:00,0.977
9/5/2024 10:00,1.014
9/5/2024 11:00,1.014
9/5/2024 12:00,1.037
9/5/2024 13:00,1.053
9/5/2024 14:00,1.048
9/5/2024 15:00,1.037
9/5/2024 16:00,1.035
9/5/2024 17:00,1.057
9/5/2024 18:00,1.054
9/5/2024 19:00,1.052
9/5/2024 20:00,1.046
9/5/2024 21:00,1.031
9/5/2024 22:00,1.027
9/5/2024 23:00,1.022
9/6/2024 0:00,1.015
9/6/2024 1:00,0.998
9/6/2024 2:00,0.998
9/6/2024 3:00,0.99
9/6/2024 4:00,0.983
9/6/2024 5:00,0.983
9/6/2024 6:00,0.977
9/6/2024 7:00,0.971
9/6/2024 8:00,0.967
9/6/2024 9:00,0.969
9/6/2024 10:00,0.979
9/6/2024 11:00,0.979
9/6/2024 12:00,0.975
9/6/2024 13:00,0.977
9/6/2024 14:00,0.976
9/6/2024 15:00,0.975
9/6/2024 16:00,0.963
9/6/2024 17:00,0.977
9/6/2024 18:00,0.972
9/6/2024 19:00,0.972
9/6/2024 20:00,0.968
9/6/2024 21:00,0.97
9/6/2024 22:00,0.973
9/6/2024 23:00,0.973
9/7/2024 0:00,0.963
9/7/2024 1:00,0.962
9/7/2024 2:00,0.954
9/7/2024 3:00,0.956
9/7/2024 4:00,0.946
9/7/2024 5:00,0.945
9/7/2024 6:00,0.942
9/7/2024 7:00,0.937
9/7/2024 8:00,0.931
9/7/2024 9:00,0.938
9/7/2024 10:00,0.942
9/7/2024 11:00,0.945
9/7/2024 12:00,0.941
9/7/2024 13:00,0.943
9/7/2024 14:00,0.942
9/7/2024 15:00,0.947
9/7/2024 16:00,0.933
9/7/2024 17:00,0.946
9/7/2024 18:00,0.946
9/7/2024 19:00,0.942
9/7/2024 20:00,0.946
9/7/2024 21:00,0.942
9/7/2024 22:00,0.942
9/7/2024 23:00,0.94
9/8/2024 0:00,0.936
9/8/2024 1:00,0.93
9/8/2024 2:00,0.935
9/8/2024 3:00,0.925
9/8/2024 4:00,0.923
9/8/2024 5:00,0.92
9/8/2024 6:00,0.921
9/8/2024 7:00,0.922
9/8/2024 8:00,0.922
9/8/2024 9:00,0.922
9/8/2024 10:00,0.921
9/8/2024 11:00,0.922
9/8/2024 12:00,0.929
9/8/2024 13:00,0.922
9/8/2024 14:00,0.928
9/8/2024 15:00,0.919
9/8/2024 16:00,0.907
9/8/2024 17:00,0.923
9/8/2024 18:00,0.925
9/8/2024 19:00,0.927
9/8/2024 20:00,0.929
9/8/2024 21:00,0.929
9/8/2024 22:00,0.921
9/8/2024 23:00,0.922
9/9/2024 0:00,0.92
9/9/2024 1:00,0.917
9/9/2024 2:00,0.923
9/9/2024 3:00,0.912
9/9/2024 4:00,0.914
9/9/2024 5:00,0.93
9/9/2024 6:00,0.92
9/9/2024 7:00,0.918
9/9/2024 8:00,0.916
9/9/2024 9:00,0.92
9/9/2024 10:00,0.922
9/9/2024 11:00,0.922
9/9/2024 12:00,0.925
9/9/2024 13:00,0.926
9/9/2024 14:00,0.914
9/9/2024 15:00,0.92
9/9/2024 16:00,0.921
9/9/2024 17:00,0.917
9/9/2024 18:00,0.923
9/9/2024 19:00,0.934
9/9/2024 20:00,0.924
9/9/2024 21:00,0.925
9/9/2024 22:00,0.928
9/9/2024 23:00,0.924
9/10/2024 0:00,0.93
9/10/2024 1:00,0.921
9/10/2024 2:00,0.918
9/10/2024 3:00,0.925
9/10/2024 4:00,0.917
9/10/2024 5:00,0.92
9/10/2024 6:00,0.922
9/10/2024 7:00,0.922
9/10/2024 8:00,0.921
9/10/2024 9:00,0.906
9/10/2024 10:00,0.91
9/10/2024 11:00,0.909
9/10/2024 12:00,0.908
9/10/2024 13:00,0.908
9/10/2024 14:00,0.905
9/10/2024 15:00,0.919
9/10/2024 16:00,0.92
9/10/2024 17:00,0.912
9/10/2024 18:00,0.902
9/10/2024 19:00,0.911
9/10/2024 20:00,0.913
9/10/2024 21:00,0.908
9/10/2024 22:00,0.907
9/10/2024 23:00,0.907
9/11/2024 0:00,0.902
9/11/2024 1:00,0.909
9/11/2024 2:00,0.913
9/11/2024 3:00,0.903
9/11/2024 4:00,0.898
9/11/2024 5:00,0.893
9/11/2024 6:00,0.896
9/11/2024 7:00,0.889
9/11/2024 8:00,0.884
9/11/2024 9:00,0.889
9/11/2024 10:00,0.89
9/11/2024 11:00,0.89
9/11/2024 12:00,0.894
9/11/2024 13:00,0.895
9/11/2024 14:00,0.889
9/11/2024 15:00,0.897
9/11/2024 16:00,0.906
9/11/2024 17:00,0.905
9/11/2024 18:00,0.909
9/11/2024 19:00,0.906
9/11/2024 20:00,0.906
9/11/2024 21:00,0.904
9/11/2024 22:00,0.887
9/11/2024 23:00,0.901
9/12/2024 0:00,0.893
9/12/2024 1:00,0.901
9/12/2024 2:00,0.9
9/12/2024 3:00,0.893
9/12/2024 4:00,0.897
9/12/2024 5:00,0.903
9/12/2024 6:00,0.909
9/12/2024 7:00,0.913
9/12/2024 8:00,0.909
9/12/2024 9:00,0.904
9/12/2024 10:00,0.904
9/12/2024 11:00,0.91
9/12/2024 12:00,0.911
9/12/2024 13:00,0.914
9/12/2024 14:00,0.899
9/12/2024 15:00,0.906
9/12/2024 16:00,0.898
9/12/2024 17:00,0.908
9/12/2024 18:00,0.918
9/12/2024 19:00,0.902
9/12/2024 20:00,0.899
9/12/2024 21:00,0.892
9/12/2024 22:00,0.897
9/12/2024 23:00,0.9
9/13/2024 0:00,0.892
9/13/2024 1:00,0.884
9/13/2024 2:00,0.88
9/13/2024 3:00,0.885
9/13/2024 4:00,0.882
9/13/2024 5:00,0.88
9/13/2024 6:00,0.879
9/13/2024 7:00,0.873
9/13/2024 8:00,0.869
9/13/2024 9:00,0.867
9/13/2024 10:00,0.872
9/13/2024 11:00,0.879
9/13/2024 12:00,0.871
9/13/2024 13:00,0.873
9/13/2024 14:00,0.875
9/13/2024 15:00,0.882
9/13/2024 16:00,0.867
9/13/2024 17:00,0.884
9/13/2024 18:00,0.912
9/13/2024 19:00,0.9
9/13/2024 20:00,0.892
9/13/2024 21:00,0.872
9/13/2024 22:00,0.872
9/13/2024 23:00,0.872
9/14/2024 0:00,0.876
9/14/2024 1:00,0.878
9/14/2024 2:00,0.872
9/14/2024 3:00,0.873
9/14/2024 4:00,0.871
9/14/2024 5:00,0.876
9/14/2024 6:00,0.871
9/14/2024 7:00,0.871
9/14/2024 8:00,0.872
9/14/2024 9:00,0.88
9/14/2024 10:00,0.874
9/14/2024 11:00,0.882
9/14/2024 12:00,0.882
9/14/2024 13:00,0.883
9/14/2024 14:00,0.878
9/14/2024 15:00,0.87
9/14/2024 16:00,0.865
9/14/2024 17:00,0.863
9/14/2024 18:00,0.872
9/14/2024 19:00,0.882
9/14/2024 20:00,0.873
9/14/2024 21:00,0.863
9/14/2024 22:00,0.859
9/14/2024 23:00,0.865
9/15/2024 0:00,0.858
9/15/2024 1:00,0.856
9/15/2024 2:00,0.862
9/15/2024 3:00,0.853
9/15/2024 4:00,0.852
9/15/2024 5:00,0.858
9/15/2024 6:00,0.838
9/15/2024 7:00,0.85
9/15/2024 8:00,0.846
9/15/2024 9:00,0.849
9/15/2024 10:00,0.856
9/15/2024 11:00,0.852
9/15/2024 12:00,0.86
9/15/2024 13:00,0.861
9/15/2024 14:00,0.882
9/15/2024 15:00,0.875
9/15/2024 16:00,0.89
9/15/2024 17:00,0.879
9/15/2024 18:00,0.881
9/15/2024 19:00,0.891
9/15/2024 20:00,0.882
9/15/2024 21:00,0.879
9/15/2024 22:00,0.871
9/15/2024 23:00,0.871
9/16/2024 0:00,0.871
9/16/2024 1:00,0.875
9/16/2024 2:00,0.876
9/16/2024 3:00,0.864
9/16/2024 4:00,0.867
9/16/2024 5:00,0.865
9/16/2024 6:00,0.873
9/16/2024 7:00,0.867
9/16/2024 8:00,0.858
9/16/2024 9:00,0.862
9/16/2024 10:00,0.865
9/16/2024 11:00,0.865
9/16/2024 12:00,0.86
9/16/2024 13:00,0.866
9/16/2024 14:00,0.864
9/16/2024 15:00,0.862
9/16/2024 16:00,0.853
9/16/2024 17:00,0.868
9/16/2024 18:00,0.861
9/16/2024 19:00,0.863
9/16/2024 20:00,0.867
9/16/2024 21:00,0.86
9/16/2024 22:00,0.863
9/16/2024 23:00,0.867
9/17/2024 0:00,0.855
9/17/2024 1:00,0.852
9/17/2024 2:00,0.839
9/17/2024 3:00,0.854
9/17/2024 4:00,0.85
9/17/2024 5:00,0.849
9/17/2024 6:00,0.841
9/17/2024 7:00,0.843
9/17/2024 8:00,0.837
9/17/2024 9:00,0.84
9/17/2024 10:00,0.851
9/17/2024 11:00,0.856
9/17/2024 12:00,0.846
9/17/2024 13:00,0.856
9/17/2024 14:00,0.852
9/17/2024 15:00,0.856
9/17/2024 16:00,0.861
9/17/2024 17:00,0.848
9/17/2024 18:00,0.855
9/17/2024 19:00,0.856
9/17/2024 20:00,0.854
9/17/2024 21:00,0.856
9/17/2024 22:00,0.852
9/17/2024 23:00,0.851
9/18/2024 0:00,0.84
9/18/2024 1:00,0.838
9/18/2024 2:00,0.839
9/18/2024 3:00,0.838
9/18/2024 4:00,0.835
9/18/2024 5:00,0.848
9/18/2024 6:00,0.841
9/18/2024 7:00,0.848
9/18/2024 8:00,0.839
9/18/2024 9:00,0.835
9/18/2024 10:00,0.855
9/18/2024 11:00,0.857
9/18/2024 12:00,0.863
9/18/2024 13:00,0.853
9/18/2024 14:00,0.86
9/18/2024 15:00,0.864
9/18/2024 16:00,0.86
9/18/2024 17:00,0.866
9/18/2024 18:00,0.859
9/18/2024 19:00,0.865
9/18/2024 20:00,0.861
9/18/2024 21:00,0.852
9/18/2024 22:00,0.858
9/18/2024 23:00,0.855
9/19/2024 0:00,0.85
9/19/2024 1:00,0.845
9/19/2024 2:00,0.847
9/19/2024 3:00,0.845
9/19/2024 4:00,0.841
9/19/2024 5:00,0.839
9/19/2024 6:00,0.835
9/19/2024 7:00,0.823
9/19/2024 8:00,0.829
9/19/2024 9:00,0.833
9/19/2024 10:00,0.829
9/19/2024 11:00,0.845
9/19/2024 12:00,0.848
9/19/2024 13:00,0.849
9/19/2024 14:00,0.851
9/19/2024 15:00,0.853
9/19/2024 16:00,0.853
9/19/2024 17:00,0.848
9/19/2024 18:00,0.865
9/19/2024 19:00,0.859
9/19/2024 20:00,0.856
9/19/2024 21:00,0.85
9/19/2024 22:00,0.838
9/19/2024 23:00,0.835
9/20/2024 0:00,0.844
9/20/2024 1:00,0.834
9/20/2024 2:00,0.841
9/20/2024 3:00,0.84
9/20/2024 4:00,0.833
9/20/2024 5:00,0.831
9/20/2024 6:00,0.836
9/20/2024 7:00,0.835
9/20/2024 8:00,0.831
9/20/2024 9:00,0.833
9/20/2024 10:00,0.843
9/20/2024 11:00,0.852
9/20/2024 12:00,0.857
9/20/2024 13:00,0.849
9/20/2024 14:00,0.851
9/20/2024 15:00,0.854
9/20/2024 16:00,0.851
9/20/2024 17:00,0.861
9/20/2024 18:00,0.866
9/20/2024 19:00,0.863
9/20/2024 20:00,0.857
9/20/2024 21:00,0.851
9/20/2024 22:00,0.846
9/20/2024 23:00,0.842
9/21/2024 0:00,0.839
9/21/2024 1:00,0.842
9/21/2024 2:00,0.832
9/21/2024 3:00,0.836
9/21/2024 4:00,0.846
9/21/2024 5:00,0.835
9/21/2024 6:00,0.836
9/21/2024 7:00,0.834
9/21/2024 8:00,0.819
9/21/2024 9:00,0.819
9/21/2024 10:00,0.82
9/21/2024 11:00,0.822
9/21/2024 12:00,0.829
9/21/2024 13:00,0.826
9/21/2024 14:00,0.817
9/21/2024 15:00,0.831
9/21/2024 16:00,0.828
9/21/2024 17:00,0.823
9/21/2024 18:00,0.817
9/21/2024 19:00,0.811
9/21/2024 20:00,0.812
9/21/2024 21:00,0.818
9/21/2024 22:00,0.822
9/21/2024 23:00,0.821
9/22/2024 0:00,0.82
9/22/2024 1:00,0.823
9/22/2024 2:00,0.818
9/22/2024 3:00,0.816
9/22/2024 4:00,0.812
9/22/2024 5:00,0.811
9/22/2024 6:00,0.817
9/22/2024 7:00,0.818
9/22/2024 8:00,0.822
9/22/2024 9:00,0.819
9/22/2024 10:00,0.818
9/22/2024 11:00,0.824
9/22/2024 12:00,0.822
9/22/2024 13:00,0.834
9/22/2024 14:00,0.827
9/22/2024 15:00,0.823
9/22/2024 16:00,0.839
9/22/2024 17:00,0.835
9/22/2024 18:00,0.836
9/22/2024 19:00,0.834
9/22/2024 20:00,0.83
9/22/2024 21:00,0.83
9/22/2024 22:00,0.836
9/22/2024 23:00,0.837
9/23/2024 0:00,0.837
9/23/2024 1:00,0.832
9/23/2024 2:00,0.841
9/23/2024 3:00,0.83
9/23/2024 4:00,0.832
9/23/2024 5:00,0.834
9/23/2024 6:00,0.823
9/23/2024 7:00,0.828
9/23/2024 8:00,0.826
9/23/2024 9:00,0.816
9/23/2024 10:00,0.821
9/23/2024 11:00,0.832
9/23/2024 12:00,0.829
9/23/2024 13:00,0.844
9/23/2024 14:00,0.835
9/23/2024 15:00,0.845
9/23/2024 16:00,0.864
9/23/2024 17:00,0.868
9/23/2024 18:00,0.851
9/23/2024 19:00,0.847
9/23/2024 20:00,0.843
9/23/2024 21:00,0.843
9/23/2024 22:00,0.847
9/23/2024 23:00,0.846
9/24/2024 0:00,0.854
9/24/2024 1:00,0.847
9/24/2024 2:00,0.843
9/24/2024 3:00,0.849
9/24/2024 4:00,0.834
9/24/2024 5:00,0.834
9/24/2024 6:00,0.835
9/24/2024 7:00,0.845
9/24/2024 8:00,0.85
9/24/2024 9:00,0.845
9/24/2024 10:00,0.855
9/24/2024 11:00,0.86
9/24/2024 12:00,0.871
9/24/2024 13:00,0.868
9/24/2024 14:00,0.868
9/24/2024 15:00,0.862
9/24/2024 16:00,0.847
9/24/2024 17:00,0.841
9/24/2024 18:00,0.848
9/24/2024 19:00,0.854
9/24/2024 20:00,0.843
9/24/2024 21:00,0.839
9/24/2024 22:00,0.838
9/24/2024 23:00,0.838
9/25/2024 0:00,0.834
9/25/2024 1:00,0.846
9/25/2024 2:00,0.835
9/25/2024 3:00,0.83
9/25/2024 4:00,0.833
9/25/2024 5:00,0.832
9/25/2024 6:00,0.827
9/25/2024 7:00,0.844
9/25/2024 8:00,0.836
9/25/2024 9:00,0.837
9/25/2024 10:00,0.838
9/25/2024 11:00,0.833
9/25/2024 12:00,0.83
9/25/2024 13:00,0.835
9/25/2024 14:00,0.829
9/25/2024 15:00,0.825
9/25/2024 16:00,0.821
9/25/2024 17:00,0.835
9/25/2024 18:00,0.838
9/25/2024 19:00,0.842
9/25/2024 20:00,0.83
9/25/2024 21:00,0.826
9/25/2024 22:00,0.83
9/25/2024 23:00,0.821
9/26/2024 0:00,0.822
9/26/2024 1:00,0.812
9/26/2024 2:00,0.811
9/26/2024 3:00,0.805
9/26/2024 4:00,0.816
9/26/2024 5:00,0.815
9/26/2024 6:00,0.809
9/26/2024 7:00,0.802
9/26/2024 8:00,0.803
9/26/2024 9:00,0.809
9/26/2024 10:00,0.809
9/26/2024 11:00,0.815
9/26/2024 12:00,0.816
9/26/2024 13:00,0.808
9/26/2024 14:00,0.818
9/26/2024 15:00,0.815
9/26/2024 16:00,0.808
9/26/2024 17:00,0.819
9/26/2024 18:00,0.828
9/26/2024 19:00,0.82
9/26/2024 20:00,0.822
9/26/2024 21:00,0.813
9/26/2024 22:00,0.812
9/26/2024 23:00,0.817
9/27/2024 0:00,0.81
9/27/2024 1:00,0.81
9/27/2024 2:00,0.806
9/27/2024 3:00,0.799
9/27/2024 4:00,0.802
9/27/2024 5:00,0.806
9/27/2024 6:00,0.795
9/27/2024 7:00,0.805
9/27/2024 8:00,0.809
9/27/2024 9:00,0.799
9/27/2024 10:00,0.802
9/27/2024 11:00,0.81
9/27/2024 12:00,0.804
9/27/2024 13:00,0.798
9/27/2024 14:00,0.804
9/27/2024 15:00,0.808
9/27/2024 16:00,0.821
9/27/2024 17:00,0.819
9/27/2024 18:00,0.812
9/27/2024 19:00,0.819
9/27/2024 20:00,0.812
9/27/2024 21:00,0.812
9/27/2024 22:00,0.809
9/27/2024 23:00,0.809
9/28/2024 0:00,0.803
9/28/2024 1:00,0.8
9/28/2024 2:00,0.795
9/28/2024 3:00,0.794
9/28/2024 4:00,0.796
9/28/2024 5:00,0.794
9/28/2024 6:00,0.791
9/28/2024 7:00,0.793
9/28/2024 8:00,0.784
9/28/2024 9:00,0.792
9/28/2024 10:00,0.795
9/28/2024 11:00,0.805
9/28/2024 12:00,0.799
9/28/2024 13:00,0.795
9/28/2024 14:00,0.807
9/28/2024 15:00,0.8
9/28/2024 16:00,0.802
9/28/2024 17:00,0.812
9/28/2024 18:00,0.829
9/28/2024 19:00,0.828
9/28/2024 20:00,0.82
9/28/2024 21:00,0.813
9/28/2024 22:00,0.81
9/28/2024 23:00,0.813
9/29/2024 0:00,0.811
9/29/2024 1:00,0.807
9/29/2024 2:00,0.792
9/29/2024 3:00,0.801
9/29/2024 4:00,0.804
9/29/2024 5:00,0.799
9/29/2024 6:00,0.791
9/29/2024 7:00,0.8
9/29/2024 8:00,0.799
9/29/2024 9:00,0.794
9/29/2024 10:00,0.805
9/29/2024 11:00,0.808
9/29/2024 12:00,0.807
9/29/2024 13:00,0.807
9/29/2024 14:00,0.809
9/29/2024 15:00,0.815
9/29/2024 16:00,0.81
9/29/2024 17:00,0.814
9/29/2024 18:00,0.821
9/29/2024 19:00,0.824
9/29/2024 20:00,0.82
9/29/2024 21:00,0.816
9/29/2024 22:00,0.808
9/29/2024 23:00,0.811
9/30/2024 0:00,0.809
9/30/2024 1:00,0.805
9/30/2024 2:00,0.806
9/30/2024 3:00,0.807
9/30/2024 4:00,0.803
9/30/2024 5:00,0.8
9/30/2024 6:00,0.804
9/30/2024 7:00,0.797
9/30/2024 8:00,0.805
9/30/2024 9:00,0.795
9/30/2024 10:00,0.804
9/30/2024 11:00,0.813
9/30/2024 12:00,0.807
9/30/2024 13:00,0.804
9/30/2024 14:00,0.814
9/30/2024 15:00,0.809
9/30/2024 16:00,0.791
9/30/2024 17:00,0.801
9/30/2024 18:00,0.817
9/30/2024 19:00,0.819
9/30/2024 20:00,0.819
9/30/2024 21:00,0.809
9/30/2024 22:00,0.806
9/30/2024 23:00,0.797
10/1/2024 0:00,0.808
10/1/2024 1:00,0.802
10/1/2024 2:00,0.8
10/1/2024 3:00,0.788
10/1/2024 4:00,0.787
10/1/2024 5:00,0.792
10/1/2024 6:00,0.763
10/1/2024 7:00,0.72
10/1/2024 8:00,0.673
10/1/2024 9:00,0.645
10/1/2024 10:00,0.631
10/1/2024 11:00,0.631
10/1/2024 12:00,0.645
10/1/2024 13:00,0.642
10/1/2024 14:00,0.649
10/1/2024 15:00,0.646
10/1/2024 16:00,0.656
10/1/2024 17:00,0.648
10/1/2024 18:00,0.64
10/1/2024 19:00,0.645
10/1/2024 20:00,0.632
10/1/2024 21:00,0.633
10/1/2024 22:00,0.623
10/1/2024 23:00,0.638
10/2/2024 0:00,0.639
10/2/2024 1:00,0.644
10/2/2024 2:00,0.643
10/2/2024 3:00,0.647
10/2/2024 4:00,0.638
10/2/2024 5:00,0.637
10/2/2024 6:00,0.636
10/2/2024 7:00,0.63
10/2/2024 8:00,0.632
10/2/2024 9:00,0.629
10/2/2024 10:00,0.635
10/2/2024 11:00,0.645
10/2/2024 12:00,0.646
10/2/2024 13:00,0.62
10/2/2024 14:00,0.647
10/2/2024 15:00,0.575
10/2/2024 16:00,0.51
10/2/2024 17:00,0.673
10/2/2024 18:00,0.681
10/2/2024 19:00,0.672
10/2/2024 20:00,0.652
10/2/2024 21:00,0.649
10/2/2024 22:00,0.656
10/2/2024 23:00,0.646
10/3/2024 0:00,0.654
10/3/2024 1:00,0.646
10/3/2024 2:00,0.64
10/3/2024 3:00,0.638
10/3/2024 4:00,0.645
10/3/2024 5:00,0.641
10/3/2024 6:00,0.636
10/3/2024 7:00,0.633
10/3/2024 8:00,0.641
10/3/2024 9:00,0.632
10/3/2024 10:00,0.65
10/3/2024 11:00,0.646
10/3/2024 12:00,0.661
10/3/2024 13:00,0.665
10/3/2024 14:00,0.658
10/3/2024 15:00,0.652
10/3/2024 16:00,0.662
10/3/2024 17:00,0.66
10/3/2024 18:00,0.669
10/3/2024 19:00,0.66
10/3/2024 20:00,0.659
10/3/2024 21:00,0.651
10/3/2024 22:00,0.645
10/3/2024 23:00,0.647
10/4/2024 0:00,0.647
10/4/2024 1:00,0.645
10/4/2024 2:00,0.642
10/4/2024 3:00,0.638
10/4/2024 4:00,0.635
10/4/2024 5:00,0.643
10/4/2024 6:00,0.64
10/4/2024 7:00,0.639
10/4/2024 8:00,0.628
10/4/2024 9:00,0.633
10/4/2024 10:00,0.629
10/4/2024 11:00,0.639
10/4/2024 12:00,0.639
10/4/2024 13:00,0.636
10/4/2024 14:00,0.644
10/4/2024 15:00,0.656
10/4/2024 16:00,0.654
10/4/2024 17:00,0.661
10/4/2024 18:00,0.659
10/4/2024 19:00,0.662
10/4/2024 20:00,0.653
10/4/2024 21:00,0.649
10/4/2024 22:00,0.639
10/4/2024 23:00,0.644
10/5/2024 0:00,0.631
10/5/2024 1:00,0.631
10/5/2024 2:00,0.63
10/5/2024 3:00,0.629
10/5/2024 4:00,0.626
10/5/2024 5:00,0.624
10/5/2024 6:00,0.624
10/5/2024 7:00,0.622
10/5/2024 8:00,0.628
10/5/2024 9:00,0.623
10/5/2024 10:00,0.628
10/5/2024 11:00,0.636
10/5/2024 12:00,0.643
10/5/2024 13:00,0.645
10/5/2024 14:00,0.648
10/5/2024 15:00,0.638
10/5/2024 16:00,0.638
10/5/2024 17:00,0.631
10/5/2024 18:00,0.617
10/5/2024 19:00,0.609
10/5/2024 20:00,0.617
10/5/2024 21:00,0.621
10/5/2024 22:00,0.607
10/5/2024 23:00,0.609
10/6/2024 0:00,0.608
10/6/2024 1:00,0.613
10/6/2024 2:00,0.608
10/6/2024 3:00,0.598
10/6/2024 4:00,0.605
10/6/2024 5:00,0.601
10/6/2024 6:00,0.601
10/6/2024 7:00,0.601
10/6/2024 8:00,0.6
10/6/2024 9:00,0.598
10/6/2024 10:00,0.609
10/6/2024 11:00,0.617
10/6/2024 12:00,0.616
10/6/2024 13:00,0.632
10/6/2024 14:00,0.628
10/6/2024 15:00,0.626
10/6/2024 16:00,0.638
10/6/2024 17:00,0.651
10/6/2024 18:00,0.643
10/6/2024 19:00,0.646
10/6/2024 20:00,0.641
10/6/2024 21:00,0.643
10/6/2024 22:00,0.635
10/6/2024 23:00,0.623
10/7/2024 0:00,0.631
10/7/2024 1:00,0.622
10/7/2024 2:00,0.621
10/7/2024 3:00,0.62
10/7/2024 4:00,0.611
10/7/2024 5:00,0.616
10/7/2024 6:00,0.62
10/7/2024 7:00,0.618
10/7/2024 8:00,0.615
10/7/2024 9:00,0.618
10/7/2024 10:00,0.62
10/7/2024 11:00,0.627
10/7/2024 12:00,0.636
10/7/2024 13:00,0.657
10/7/2024 14:00,0.645
10/7/2024 15:00,0.637
10/7/2024 16:00,0.641
10/7/2024 17:00,0.652
10/7/2024 18:00,0.65
10/7/2024 19:00,0.658
10/7/2024 20:00,0.642
10/7/2024 21:00,0.636
10/7/2024 22:00,0.631
10/7/2024 23:00,0.626
10/8/2024 0:00,0.629
10/8/2024 1:00,0.63
10/8/2024 2:00,0.631
10/8/2024 3:00,0.63
10/8/2024 4:00,0.626
10/8/2024 5:00,0.622
10/8/2024 6:00,0.616
10/8/2024 7:00,0.613
10/8/2024 8:00,0.617
10/8/2024 9:00,0.62
10/8/2024 10:00,0.631
10/8/2024 11:00,0.632
10/8/2024 12:00,0.647
10/8/2024 13:00,0.649
10/8/2024 14:00,0.651
10/8/2024 15:00,0.642
10/8/2024 16:00,0.653
10/8/2024 17:00,0.655
10/8/2024 18:00,0.649
10/8/2024 19:00,0.646
10/8/2024 20:00,0.635
10/8/2024 21:00,0.634
10/8/2024 22:00,0.644
10/8/2024 23:00,0.649
10/9/2024 0:00,0.645
10/9/2024 1:00,0.637
10/9/2024 2:00,0.642
10/9/2024 3:00,0.643
10/9/2024 4:00,0.638
10/9/2024 5:00,0.632
10/9/2024 6:00,0.635
10/9/2024 7:00,0.636
10/9/2024 8:00,0.636
10/9/2024 9:00,0.627
10/9/2024 10:00,0.632
10/9/2024 11:00,0.638
10/9/2024 12:00,0.653
10/9/2024 13:00,0.649
10/9/2024 14:00,0.656
10/9/2024 15:00,0.66
10/9/2024 16:00,0.65
10/9/2024 17:00,0.657
10/9/2024 18:00,0.654
10/9/2024 19:00,0.648
10/9/2024 20:00,0.644
10/9/2024 21:00,0.643
10/9/2024 22:00,0.645
10/9/2024 23:00,0.641
10/10/2024 0:00,0.64
10/10/2024 1:00,0.643
10/10/2024 2:00,0.641
10/10/2024 3:00,0.645
10/10/2024 4:00,0.639
10/10/2024 5:00,0.639
10/10/2024 6:00,0.64
10/10/2024 7:00,0.645
10/10/2024 8:00,0.645
10/10/2024 9:00,0.647
10/10/2024 10:00,0.644
10/10/2024 11:00,0.643
10/10/2024 12:00,0.653
10/10/2024 13:00,0.649
10/10/2024 14:00,0.655
10/10/2024 15:00,0.644
10/10/2024 16:00,0.65
10/10/2024 17:00,0.661
10/10/2024 18:00,0.658
10/10/2024 19:00,0.662
10/10/2024 20:00,0.655
10/10/2024 21:00,0.646
10/10/2024 22:00,0.652
10/10/2024 23:00,0.646
10/11/2024 0:00,0.641
10/11/2024 1:00,0.639
10/11/2024 2:00,0.634
10/11/2024 3:00,0.642
10/11/2024 4:00,0.636
10/11/2024 5:00,0.628
10/11/2024 6:00,0.626
10/11/2024 7:00,0.635
10/11/2024 8:00,0.635
10/11/2024 9:00,0.632
10/11/2024 10:00,0.632
10/11/2024 11:00,0.627
10/11/2024 12:00,0.629
10/11/2024 13:00,0.619
10/11/2024 14:00,0.629
10/11/2024 15:00,0.641
10/11/2024 16:00,0.654
10/11/2024 17:00,0.657
10/11/2024 18:00,0.664
10/11/2024 19:00,0.658
10/11/2024 20:00,0.657
10/11/2024 21:00,0.645
10/11/2024 22:00,0.648
10/11/2024 23:00,0.642
10/12/2024 0:00,0.642
10/12/2024 1:00,0.638
10/12/2024 2:00,0.633
10/12/2024 3:00,0.632
10/12/2024 4:00,0.63
10/12/2024 5:00,0.628
10/12/2024 6:00,0.622
10/12/2024 7:00,0.624
10/12/2024 8:00,0.624
10/12/2024 9:00,0.631
10/12/2024 10:00,0.633
10/12/2024 11:00,0.635
10/12/2024 12:00,0.642
10/12/2024 13:00,0.637
10/12/2024 14:00,0.645
10/12/2024 15:00,0.643
10/12/2024 16:00,0.639
10/12/2024 17:00,0.658
10/12/2024 18:00,0.659
10/12/2024 19:00,0.662
10/12/2024 20:00,0.668
10/12/2024 21:00,0.654
10/12/2024 22:00,0.655
10/12/2024 23:00,0.653
10/13/2024 0:00,0.647
10/13/2024 1:00,0.647
10/13/2024 2:00,0.647
10/13/2024 3:00,0.641
10/13/2024 4:00,0.635
10/13/2024 5:00,0.64
10/13/2024 6:00,0.641
10/13/2024 7:00,0.644
10/13/2024 8:00,0.629
10/13/2024 9:00,0.641
10/13/2024 10:00,0.645
10/13/2024 11:00,0.645
10/13/2024 12:00,0.654
10/13/2024 13:00,0.652
10/13/2024 14:00,0.65
10/13/2024 15:00,0.657
10/13/2024 16:00,0.651
10/13/2024 17:00,0.658
10/13/2024 18:00,0.656
10/13/2024 19:00,0.658
10/13/2024 20:00,0.654
10/13/2024 21:00,0.648
10/13/2024 22:00,0.646
10/13/2024 23:00,0.651
10/14/2024 0:00,0.644
10/14/2024 1:00,0.636
10/14/2024 2:00,0.637
10/14/2024 3:00,0.647
10/14/2024 4:00,0.642
10/14/2024 5:00,0.632
10/14/2024 6:00,0.638
10/14/2024 7:00,0.631
10/14/2024 8:00,0.64
10/14/2024 9:00,0.637
10/14/2024 10:00,0.639
10/14/2024 11:00,0.638
10/14/2024 12:00,0.64
10/14/2024 13:00,0.656
10/14/2024 14:00,0.661
10/14/2024 15:00,0.656
10/14/2024 16:00,0.663
10/14/2024 17:00,0.66
10/14/2024 18:00,0.66
10/14/2024 19:00,0.714
10/14/2024 20:00,0.673
10/14/2024 21:00,0.655
10/14/2024 22:00,0.662
10/14/2024 23:00,0.661
10/15/2024 0:00,0.641
10/15/2024 1:00,0.644
10/15/2024 2:00,0.646
10/15/2024 3:00,0.646
10/15/2024 4:00,0.647
10/15/2024 5:00,0.653
10/15/2024 6:00,0.653
10/15/2024 7:00,0.647
10/15/2024 8:00,0.653
10/15/2024 9:00,0.654
10/15/2024 10:00,0.658
10/15/2024 11:00,0.66
10/15/2024 12:00,0.666
10/15/2024 13:00,0.661
10/15/2024 14:00,0.67
10/15/2024 15:00,0.658
10/15/2024 16:00,0.67
10/15/2024 17:00,0.678
10/15/2024 18:00,0.683
10/15/2024 19:00,0.669
10/15/2024 20:00,0.67
10/15/2024 21:00,0.663
10/15/2024 22:00,0.661
10/15/2024 23:00,0.662
10/16/2024 0:00,0.658
10/16/2024 1:00,0.645
10/16/2024 2:00,0.651
10/16/2024 3:00,0.651
10/16/2024 4:00,0.654
10/16/2024 5:00,0.653
10/16/2024 6:00,0.655
10/16/2024 7:00,0.655
10/16/2024 8:00,0.659
10/16/2024 9:00,0.656
10/16/2024 10:00,0.662
10/16/2024 11:00,0.565
10/16/2024 12:00,0.65
10/16/2024 13:00,0.663
10/16/2024 14:00,0.663
10/16/2024 15:00,0.675
10/16/2024 16:00,0.667
10/16/2024 17:00,0.679
10/16/2024 18:00,0.673
10/16/2024 19:00,0.665
10/16/2024 20:00,0.685
10/16/2024 21:00,0.677
10/16/2024 22:00,0.665
10/16/2024 23:00,0.663
10/17/2024 0:00,0.659
10/17/2024 1:00,0.658
10/17/2024 2:00,0.657
10/17/2024 3:00,0.667
10/17/2024 4:00,0.662
10/17/2024 5:00,0.661
10/17/2024 6:00,0.655
10/17/2024 7:00,0.645
10/17/2024 8:00,0.647
10/17/2024 9:00,0.646
10/17/2024 10:00,0.655
10/17/2024 11:00,0.661
10/17/2024 12:00,0.659
10/17/2024 13:00,0.679
10/17/2024 14:00,0.668
10/17/2024 15:00,0.664
10/17/2024 16:00,0.669
10/17/2024 17:00,0.67
10/17/2024 18:00,0.674
10/17/2024 19:00,0.674
10/17/2024 20:00,0.67
10/17/2024 21:00,0.679
10/17/2024 22:00,0.738
10/17/2024 23:00,0.725
10/18/2024 0:00,0.71
10/18/2024 1:00,0.701
10/18/2024 2:00,0.683
10/18/2024 3:00,0.689
10/18/2024 4:00,0.686
10/18/2024 5:00,0.684
10/18/2024 6:00,0.687
10/18/2024 7:00,0.686
10/18/2024 8:00,0.684
10/18/2024 9:00,0.683
10/18/2024 10:00,0.737
10/18/2024 11:00,0.702
10/18/2024 12:00,0.693
10/18/2024 13:00,0.687
10/18/2024 14:00,0.682
10/18/2024 15:00,0.694
10/18/2024 16:00,0.695
10/18/2024 17:00,0.71
10/18/2024 18:00,0.709
10/18/2024 19:00,0.71
10/18/2024 20:00,0.709
10/18/2024 21:00,0.7
10/18/2024 22:00,0.703
10/18/2024 23:00,0.706
10/19/2024 0:00,0.694
10/19/2024 1:00,0.695
10/19/2024 2:00,0.701
10/19/2024 3:00,0.694
10/19/2024 4:00,0.698
10/19/2024 5:00,0.695
10/19/2024 6:00,0.686
10/19/2024 7:00,0.69
10/19/2024 8:00,0.687
10/19/2024 9:00,0.689
10/19/2024 10:00,0.686
10/19/2024 11:00,0.69
10/19/2024 12:00,0.69
10/19/2024 13:00,0.692
10/19/2024 14:00,0.708
10/19/2024 15:00,0.703
10/19/2024 16:00,0.699
10/19/2024 17:00,0.71
10/19/2024 18:00,0.714
10/19/2024 19:00,0.705
10/19/2024 20:00,0.699
10/19/2024 21:00,0.704
10/19/2024 22:00,0.696
10/19/2024 23:00,0.698
10/20/2024 0:00,0.698
10/20/2024 1:00,0.696
10/20/2024 2:00,0.696
10/20/2024 3:00,0.688
10/20/2024 4:00,0.697
10/20/2024 5:00,0.697
10/20/2024 6:00,0.689
10/20/2024 7:00,0.684
10/20/2024 8:00,0.685
10/20/2024 9:00,0.681
10/20/2024 10:00,0.686
10/20/2024 11:00,0.693
10/20/2024 12:00,0.696
10/20/2024 13:00,0.691
10/20/2024 14:00,0.705
10/20/2024 15:00,0.693
10/20/2024 16:00,0.7
10/20/2024 17:00,0.706
10/20/2024 18:00,0.703
10/20/2024 19:00,0.706
10/20/2024 20:00,0.703
10/20/2024 21:00,0.698
10/20/2024 22:00,0.694
10/20/2024 23:00,0.696
10/21/2024 0:00,0.696
10/21/2024 1:00,0.692
10/21/2024 2:00,0.695
10/21/2024 3:00,0.69
10/21/2024 4:00,0.705
10/21/2024 5:00,0.705
10/21/2024 6:00,0.718
10/21/2024 7:00,0.727
10/21/2024 8:00,0.731
10/21/2024 9:00,0.743
10/21/2024 10:00,0.744
10/21/2024 11:00,0.747
10/21/2024 12:00,0.745
10/21/2024 13:00,0.749
10/21/2024 14:00,0.736
10/21/2024 15:00,0.746
10/21/2024 16:00,0.771
10/21/2024 17:00,0.766
10/21/2024 18:00,0.767
10/21/2024 19:00,0.771
10/21/2024 20:00,0.767
10/21/2024 21:00,0.758
10/21/2024 22:00,0.761
10/21/2024 23:00,0.759
10/22/2024 0:00,0.761
10/22/2024 1:00,0.758
10/22/2024 2:00,0.759
10/22/2024 3:00,0.763
10/22/2024 4:00,0.76
10/22/2024 5:00,0.763
10/22/2024 6:00,0.752
10/22/2024 7:00,0.759
10/22/2024 8:00,0.759
10/22/2024 9:00,0.765
10/22/2024 10:00,0.749
10/22/2024 11:00,0.667
10/22/2024 12:00,0.813
10/22/2024 13:00,0.766
10/22/2024 14:00,0.692
10/22/2024 15:00,0.741
10/22/2024 16:00,0.747
10/22/2024 17:00,0.755
10/22/2024 18:00,0.757
10/22/2024 19:00,0.763
10/22/2024 20:00,0.808
10/22/2024 21:00,0.759
10/22/2024 22:00,0.743
10/22/2024 23:00,0.744
10/23/2024 0:00,0.739
10/23/2024 1:00,0.73
10/23/2024 2:00,0.737
10/23/2024 3:00,0.739
10/23/2024 4:00,0.735
10/23/2024 5:00,0.736
10/23/2024 6:00,0.742
10/23/2024 7:00,0.742
10/23/2024 8:00,0.736
10/23/2024 9:00,0.744
10/23/2024 10:00,0.741
10/23/2024 11:00,0.748
10/23/2024 12:00,0.755
10/23/2024 13:00,0.752
10/23/2024 14:00,0.757
10/23/2024 15:00,0.754
10/23/2024 16:00,0.751
10/23/2024 17:00,0.755
10/23/2024 18:00,0.764
10/23/2024 19:00,0.754
10/23/2024 20:00,0.753
10/23/2024 21:00,0.749
10/23/2024 22:00,0.743
10/23/2024 23:00,0.738
10/24/2024 0:00,0.739
10/24/2024 1:00,0.741
10/24/2024 2:00,0.734
10/24/2024 3:00,0.737
10/24/2024 4:00,0.737
10/24/2024 5:00,0.735
10/24/2024 6:00,0.73
10/24/2024 7:00,0.714
10/24/2024 8:00,0.714
10/24/2024 9:00,0.717
10/24/2024 10:00,0.716
10/24/2024 11:00,0.719
10/24/2024 12:00,0.729
10/24/2024 13:00,0.711
10/24/2024 14:00,0.704
10/24/2024 15:00,0.728
10/24/2024 16:00,0.727
10/24/2024 17:00,0.722
10/24/2024 18:00,0.735
10/24/2024 19:00,0.724
10/24/2024 20:00,0.719
10/24/2024 21:00,0.72
10/24/2024 22:00,0.716
10/24/2024 23:00,0.716
10/25/2024 0:00,0.71
10/25/2024 1:00,0.706
10/25/2024 2:00,0.705
10/25/2024 3:00,0.7
10/25/2024 4:00,0.696
10/25/2024 5:00,0.698
10/25/2024 6:00,0.691
10/25/2024 7:00,0.693
10/25/2024 8:00,0.691
10/25/2024 9:00,0.692
10/25/2024 10:00,0.695
10/25/2024 11:00,0.702
10/25/2024 12:00,0.701
10/25/2024 13:00,0.72
10/25/2024 14:00,0.715
10/25/2024 15:00,0.692
10/25/2024 16:00,0.694
10/25/2024 17:00,0.732
10/25/2024 18:00,0.727
10/25/2024 19:00,0.718
10/25/2024 20:00,0.717
10/25/2024 21:00,0.698
10/25/2024 22:00,0.701
10/25/2024 23:00,0.695
10/26/2024 0:00,0.694
10/26/2024 1:00,0.694
10/26/2024 2:00,0.702
10/26/2024 3:00,0.707
10/26/2024 4:00,0.695
10/26/2024 5:00,0.69
10/26/2024 6:00,0.696
10/26/2024 7:00,0.685
10/26/2024 8:00,0.682
10/26/2024 9:00,0.679
10/26/2024 10:00,0.68
10/26/2024 11:00,0.686
10/26/2024 12:00,0.7
10/26/2024 13:00,0.693
10/26/2024 14:00,0.702
10/26/2024 15:00,0.709
10/26/2024 16:00,0.707
10/26/2024 17:00,0.708
10/26/2024 18:00,0.727
10/26/2024 19:00,0.722
10/26/2024 20:00,0.707
10/26/2024 21:00,0.715
10/26/2024 22:00,0.706
10/26/2024 23:00,0.698
10/27/2024 0:00,0.691
10/27/2024 1:00,0.688
10/27/2024 2:00,0.689
10/27/2024 3:00,0.682
10/27/2024 4:00,0.685
10/27/2024 5:00,0.684
10/27/2024 6:00,0.681
10/27/2024 7:00,0.678
10/27/2024 8:00,0.681
10/27/2024 9:00,0.677
10/27/2024 10:00,0.679
10/27/2024 11:00,0.682
10/27/2024 12:00,0.69
10/27/2024 13:00,0.693
10/27/2024 14:00,0.695
10/27/2024 15:00,0.702
10/27/2024 16:00,0.706
10/27/2024 17:00,0.71
10/27/2024 18:00,0.7
10/27/2024 19:00,0.702
10/27/2024 20:00,0.703
10/27/2024 21:00,0.69
10/27/2024 22:00,0.704
10/27/2024 23:00,0.695
10/28/2024 0:00,0.685
10/28/2024 1:00,0.693
10/28/2024 2:00,0.685
10/28/2024 3:00,0.693
10/28/2024 4:00,0.689
10/28/2024 5:00,0.686
10/28/2024 6:00,0.686
10/28/2024 7:00,0.681
10/28/2024 8:00,0.687
10/28/2024 9:00,0.687
10/28/2024 10:00,0.684
10/28/2024 11:00,0.687
10/28/2024 12:00,0.7
10/28/2024 13:00,0.708
10/28/2024 14:00,0.703
10/28/2024 15:00,0.703
10/28/2024 16:00,0.7
10/28/2024 17:00,0.704
10/28/2024 18:00,0.703
10/28/2024 19:00,0.695
10/28/2024 20:00,0.696
10/28/2024 21:00,0.702
10/28/2024 22:00,0.71
10/28/2024 23:00,0.709
10/29/2024 0:00,0.691
10/29/2024 1:00,0.692
10/29/2024 2:00,0.695
10/29/2024 3:00,0.69
10/29/2024 4:00,0.685
10/29/2024 5:00,0.686
10/29/2024 6:00,0.689
10/29/2024 7:00,0.686
10/29/2024 8:00,0.696
10/29/2024 9:00,0.698
10/29/2024 10:00,0.711
10/29/2024 11:00,0.714
10/29/2024 12:00,0.723
10/29/2024 13:00,0.729
10/29/2024 14:00,0.742
10/29/2024 15:00,0.74
10/29/2024 16:00,0.738
10/29/2024 17:00,0.744
10/29/2024 18:00,0.743
10/29/2024 19:00,0.74
10/29/2024 20:00,0.728
10/29/2024 21:00,0.738
10/29/2024 22:00,0.727
10/29/2024 23:00,0.733
10/30/2024 0:00,0.718
10/30/2024 1:00,0.723
10/30/2024 2:00,0.729
10/30/2024 3:00,0.745
10/30/2024 4:00,0.753
10/30/2024 5:00,0.744
10/30/2024 6:00,0.752
10/30/2024 7:00,0.748
10/30/2024 8:00,0.746
10/30/2024 9:00,0.744
10/30/2024 10:00,0.739
10/30/2024 11:00,0.736
10/30/2024 12:00,0.753
10/30/2024 13:00,0.763
10/30/2024 14:00,0.752
10/30/2024 15:00,0.746
10/30/2024 16:00,0.741
10/30/2024 17:00,0.744
10/30/2024 18:00,0.735
10/30/2024 19:00,0.702
10/30/2024 20:00,0.697
10/30/2024 21:00,0.695
10/30/2024 22:00,0.683
10/30/2024 23:00,0.689
10/31/2024 0:00,0.699
10/31/2024 1:00,0.696
10/31/2024 2:00,0.694
10/31/2024 3:00,0.7
10/31/2024 4:00,0.701
10/31/2024 5:00,0.691
10/31/2024 6:00,0.695
10/31/2024 7:00,0.708
10/31/2024 8:00,0.711
10/31/2024 9:00,0.712
10/31/2024 10:00,0.708
10/31/2024 11:00,0.725
10/31/2024 12:00,0.735
10/31/2024 13:00,0.73
10/31/2024 14:00,0.71
10/31/2024 15:00,0.736
10/31/2024 16:00,0.713
10/31/2024 17:00,0.704
10/31/2024 18:00,0.699
10/31/2024 19:00,0.684
10/31/2024 20:00,0.694
10/31/2024 21:00,0.704
10/31/2024 22:00,0.691
10/31/2024 23:00,0.7
11/1/2024 0:00,0.691
11/1/2024 1:00,0.695
11/1/2024 2:00,0.696
11/1/2024 3:00,0.693
11/1/2024 4:00,0.691
11/1/2024 5:00,0.688
11/1/2024 6:00,0.682
11/1/2024 7:00,0.686
11/1/2024 8:00,0.69
11/1/2024 9:00,0.696
11/1/2024 10:00,0.699
11/1/2024 11:00,0.701
11/1/2024 12:00,0.697
11/1/2024 13:00,0.711
11/1/2024 14:00,0.709
11/1/2024 15:00,0.741
11/1/2024 16:00,0.727
11/1/2024 17:00,0.694
11/1/2024 18:00,0.688
11/1/2024 19:00,0.681
11/1/2024 20:00,0.676
11/1/2024 21:00,0.686
11/1/2024 22:00,0.679
11/1/2024 23:00,0.663
11/2/2024 0:00,0.674
11/2/2024 1:00,0.676
11/2/2024 2:00,0.679
11/2/2024 3:00,0.68
11/2/2024 4:00,0.681
11/2/2024 5:00,0.688
11/2/2024 6:00,0.705
11/2/2024 7:00,0.715
11/2/2024 8:00,0.724
11/2/2024 9:00,0.735
11/2/2024 10:00,0.72
11/2/2024 11:00,0.735
11/2/2024 12:00,0.718
11/2/2024 13:00,0.703
11/2/2024 14:00,0.715
11/2/2024 15:00,0.727
11/2/2024 16:00,0.706
11/2/2024 17:00,0.694
11/2/2024 18:00,0.691
11/2/2024 19:00,0.682
11/2/2024 20:00,0.673
11/2/2024 21:00,0.681
11/2/2024 22:00,0.672
11/2/2024 23:00,0.678
11/3/2024 0:00,0.69
11/3/2024 1:00,0.682
11/3/2024 2:00,0.693
11/3/2024 3:00,0.689
11/3/2024 4:00,0.705
11/3/2024 5:00,0.717
11/3/2024 6:00,0.726
11/3/2024 7:00,0.736
11/3/2024 8:00,0.736
11/3/2024 9:00,0.744
11/3/2024 10:00,0.744
11/3/2024 11:00,0.74
11/3/2024 12:00,0.73
11/3/2024 13:00,0.734
11/3/2024 14:00,0.727
11/3/2024 15:00,0.726
11/3/2024 16:00,0.725
11/3/2024 17:00,0.722
11/3/2024 18:00,0.71
11/3/2024 19:00,0.718
11/3/2024 20:00,0.705
11/3/2024 21:00,0.707
11/3/2024 22:00,0.708
11/3/2024 23:00,0.721
11/4/2024 0:00,0.721
11/4/2024 1:00,0.727
11/4/2024 2:00,0.733
11/4/2024 3:00,0.745
11/4/2024 4:00,0.754
11/4/2024 5:00,0.758
11/4/2024 6:00,0.762
11/4/2024 7:00,0.76
11/4/2024 8:00,0.754
11/4/2024 9:00,0.744
11/4/2024 10:00,0.731
11/4/2024 11:00,0.726
11/4/2024 12:00,0.703
11/4/2024 13:00,0.7
11/4/2024 14:00,0.743
11/4/2024 15:00,0.753
11/4/2024 16:00,0.714
11/4/2024 17:00,0.71
11/4/2024 18:00,0.708
11/4/2024 19:00,0.709
11/4/2024 20:00,0.71
11/4/2024 21:00,0.72
11/4/2024 22:00,0.72
11/4/2024 23:00,0.731
11/5/2024 0:00,0.719
11/5/2024 1:00,0.707
11/5/2024 2:00,0.716
11/5/2024 3:00,0.724
11/5/2024 4:00,0.726
11/5/2024 5:00,0.733
11/5/2024 6:00,0.737
11/5/2024 7:00,0.732
11/5/2024 8:00,0.729
11/5/2024 9:00,0.732
11/5/2024 10:00,0.729
11/5/2024 11:00,0.684
11/5/2024 12:00,0.667
11/5/2024 13:00,0.694
11/5/2024 14:00,0.688
11/5/2024 15:00,0.699
11/5/2024 16:00,0.698
11/5/2024 17:00,0.701
11/5/2024 18:00,0.733
11/5/2024 19:00,0.709
11/5/2024 20:00,0.696
11/5/2024 21:00,0.7
11/5/2024 22:00,0.703
11/5/2024 23:00,0.706
11/6/2024 0:00,0.726
11/6/2024 1:00,0.721
11/6/2024 2:00,0.715
11/6/2024 3:00,0.716
11/6/2024 4:00,0.728
11/6/2024 5:00,0.74
11/6/2024 6:00,0.726
11/6/2024 7:00,0.73
11/6/2024 8:00,0.725
11/6/2024 9:00,0.741
11/6/2024 10:00,0.729
11/6/2024 11:00,0.715
11/6/2024 12:00,0.725
11/6/2024 13:00,0.723
11/6/2024 14:00,0.733
11/6/2024 15:00,0.732
11/6/2024 16:00,0.737
11/6/2024 17:00,0.73
11/6/2024 18:00,0.726
11/6/2024 19:00,0.722
11/6/2024 20:00,0.736
11/6/2024 21:00,0.725
11/6/2024 22:00,0.724
11/6/2024 23:00,0.732
11/7/2024 0:00,0.706
11/7/2024 1:00,0.667
11/7/2024 2:00,0.607
11/7/2024 3:00,0.605
11/7/2024 4:00,0.611
11/7/2024 5:00,0.627
11/7/2024 6:00,0.631
11/7/2024 7:00,0.624
11/7/2024 8:00,0.618
11/7/2024 9:00,0.618
11/7/2024 10:00,0.621
11/7/2024 11:00,0.646
11/7/2024 12:00,0.741
11/7/2024 13:00,0.718
11/7/2024 14:00,0.69
11/7/2024 15:00,0.692
11/7/2024 16:00,0.713
11/7/2024 17:00,0.695
11/7/2024 18:00,0.682
11/7/2024 19:00,0.666
11/7/2024 20:00,0.676
11/7/2024 21:00,0.687
11/7/2024 22:00,0.694
11/7/2024 23:00,0.717
11/8/2024 0:00,0.701
11/8/2024 1:00,0.694
11/8/2024 2:00,0.703
11/8/2024 3:00,0.71
11/8/2024 4:00,0.713
11/8/2024 5:00,0.717
11/8/2024 6:00,0.719
11/8/2024 7:00,0.723
11/8/2024 8:00,0.71
11/8/2024 9:00,0.696
11/8/2024 10:00,0.681
11/8/2024 11:00,
