dateTime,Water_Level_NoIce_ft
4/2/2024 14:00,1.106
4/2/2024 15:00,1.107
4/2/2024 16:00,1.106
4/2/2024 17:00,1.12
4/2/2024 18:00,1.133
4/2/2024 19:00,1.159
4/2/2024 20:00,1.176
4/2/2024 21:00,1.181
4/2/2024 22:00,1.18
4/2/2024 23:00,1.162
4/3/2024 0:00,1.167
4/3/2024 1:00,1.158
4/3/2024 2:00,1.159
4/3/2024 3:00,1.156
4/3/2024 4:00,1.156
4/3/2024 5:00,1.157
4/3/2024 6:00,1.151
4/3/2024 7:00,1.142
4/3/2024 8:00,1.093
4/3/2024 9:00,1.086
4/3/2024 10:00,1.062
4/3/2024 11:00,1.072
4/3/2024 12:00,1.097
4/3/2024 13:00,1.14
4/3/2024 14:00,1.175
4/3/2024 15:00,1.17
4/3/2024 16:00,1.184
4/3/2024 17:00,1.194
4/3/2024 18:00,1.223
4/3/2024 19:00,1.267
4/3/2024 20:00,1.285
4/3/2024 21:00,1.289
4/3/2024 22:00,1.308
4/3/2024 23:00,1.311
4/4/2024 0:00,1.32
4/4/2024 1:00,1.312
4/4/2024 2:00,1.316
4/4/2024 3:00,1.316
4/4/2024 4:00,1.27
4/4/2024 5:00,1.255
4/4/2024 6:00,1.23
4/4/2024 7:00,1.218
4/4/2024 8:00,1.182
4/4/2024 9:00,1.178
4/4/2024 10:00,1.2
4/4/2024 11:00,1.191
4/4/2024 12:00,1.209
4/4/2024 13:00,1.203
4/4/2024 14:00,1.213
4/4/2024 15:00,1.202
4/4/2024 16:00,1.231
4/4/2024 17:00,1.246
4/4/2024 18:00,1.247
4/4/2024 19:00,1.266
4/4/2024 20:00,1.254
4/4/2024 21:00,1.323
4/4/2024 22:00,1.331
4/4/2024 23:00,1.334
4/5/2024 0:00,1.373
4/5/2024 1:00,1.368
4/5/2024 2:00,1.369
4/5/2024 3:00,1.369
4/5/2024 4:00,1.359
4/5/2024 5:00,1.353
4/5/2024 6:00,1.359
4/5/2024 7:00,1.342
4/5/2024 8:00,1.345
4/5/2024 9:00,1.343
4/5/2024 10:00,1.346
4/5/2024 11:00,1.342
4/5/2024 12:00,1.35
4/5/2024 13:00,1.343
4/5/2024 14:00,1.347
4/5/2024 15:00,1.365
4/5/2024 16:00,1.397
4/5/2024 17:00,1.472
4/5/2024 18:00,1.491
4/5/2024 19:00,1.538
4/5/2024 20:00,1.568
4/5/2024 21:00,1.655
4/5/2024 22:00,1.679
4/5/2024 23:00,1.693
4/6/2024 0:00,1.693
4/6/2024 1:00,1.681
4/6/2024 2:00,1.692
4/6/2024 3:00,1.669
4/6/2024 4:00,1.668
4/6/2024 5:00,1.602
4/6/2024 6:00,1.552
4/6/2024 7:00,1.537
4/6/2024 8:00,1.512
4/6/2024 9:00,1.48
4/6/2024 10:00,1.485
4/6/2024 11:00,1.471
4/6/2024 12:00,1.466
4/6/2024 13:00,1.472
4/6/2024 14:00,1.403
4/6/2024 15:00,1.369
4/6/2024 16:00,1.321
4/6/2024 17:00,1.335
4/6/2024 18:00,1.329
4/6/2024 19:00,1.341
4/6/2024 20:00,1.413
4/6/2024 21:00,1.354
4/6/2024 22:00,1.363
4/6/2024 23:00,1.364
4/7/2024 0:00,1.355
4/7/2024 1:00,1.307
4/7/2024 2:00,1.298
4/7/2024 3:00,1.257
4/7/2024 4:00,1.219
4/7/2024 5:00,1.22
4/7/2024 6:00,1.225
4/7/2024 7:00,1.225
4/7/2024 8:00,1.205
4/7/2024 9:00,1.215
4/7/2024 10:00,1.201
4/7/2024 11:00,1.199
4/7/2024 12:00,1.178
4/7/2024 13:00,1.17
4/7/2024 14:00,1.174
4/7/2024 15:00,1.191
4/7/2024 16:00,1.208
4/7/2024 17:00,1.232
4/7/2024 18:00,1.292
4/7/2024 19:00,1.293
4/7/2024 20:00,1.287
4/7/2024 21:00,1.301
4/7/2024 22:00,1.297
4/7/2024 23:00,1.299
4/8/2024 0:00,1.3
4/8/2024 1:00,1.294
4/8/2024 2:00,1.277
4/8/2024 3:00,1.232
4/8/2024 4:00,1.236
4/8/2024 5:00,1.227
4/8/2024 6:00,1.191
4/8/2024 7:00,1.164
4/8/2024 8:00,1.155
4/8/2024 9:00,1.15
4/8/2024 10:00,1.163
4/8/2024 11:00,1.153
4/8/2024 12:00,1.162
4/8/2024 13:00,1.166
4/8/2024 14:00,1.165
4/8/2024 15:00,1.179
4/8/2024 16:00,1.176
4/8/2024 17:00,1.221
4/8/2024 18:00,1.246
4/8/2024 19:00,1.233
4/8/2024 20:00,1.253
4/8/2024 21:00,1.252
4/8/2024 22:00,1.258
4/8/2024 23:00,1.264
4/9/2024 0:00,1.258
4/9/2024 1:00,1.229
4/9/2024 2:00,1.219
4/9/2024 3:00,1.219
4/9/2024 4:00,1.203
4/9/2024 5:00,1.19
4/9/2024 6:00,1.127
4/9/2024 7:00,1.126
4/9/2024 8:00,1.123
4/9/2024 9:00,1.125
4/9/2024 10:00,1.122
4/9/2024 11:00,1.132
4/9/2024 12:00,1.138
4/9/2024 13:00,1.115
4/9/2024 14:00,1.105
4/9/2024 15:00,1.116
4/9/2024 16:00,1.112
4/9/2024 17:00,1.125
4/9/2024 18:00,1.138
4/9/2024 19:00,1.15
4/9/2024 20:00,1.196
4/9/2024 21:00,1.267
4/9/2024 22:00,1.297
4/9/2024 23:00,1.299
4/10/2024 0:00,1.308
4/10/2024 1:00,1.307
4/10/2024 2:00,1.315
4/10/2024 3:00,1.308
4/10/2024 4:00,1.312
4/10/2024 5:00,1.305
4/10/2024 6:00,1.3
4/10/2024 7:00,1.29
4/10/2024 8:00,1.265
4/10/2024 9:00,1.266
4/10/2024 10:00,1.262
4/10/2024 11:00,1.262
4/10/2024 12:00,1.257
4/10/2024 13:00,1.258
4/10/2024 14:00,1.257
4/10/2024 15:00,1.252
4/10/2024 16:00,1.253
4/10/2024 17:00,1.26
4/10/2024 18:00,1.25
4/10/2024 19:00,1.247
4/10/2024 20:00,1.254
4/10/2024 21:00,1.254
4/10/2024 22:00,1.276
4/10/2024 23:00,1.288
4/11/2024 0:00,1.299
4/11/2024 1:00,1.298
4/11/2024 2:00,1.325
4/11/2024 3:00,1.411
4/11/2024 4:00,1.401
4/11/2024 5:00,1.404
4/11/2024 6:00,1.369
4/11/2024 7:00,1.313
4/11/2024 8:00,1.312
4/11/2024 9:00,1.31
4/11/2024 10:00,1.301
4/11/2024 11:00,1.309
4/11/2024 12:00,1.308
4/11/2024 13:00,1.287
4/11/2024 14:00,1.255
4/11/2024 15:00,1.247
4/11/2024 16:00,1.28
4/11/2024 17:00,1.324
4/11/2024 18:00,1.347
4/11/2024 19:00,1.404
4/11/2024 20:00,1.44
4/11/2024 21:00,1.44
4/11/2024 22:00,1.415
4/11/2024 23:00,1.411
4/12/2024 0:00,1.402
4/12/2024 1:00,1.446
4/12/2024 2:00,1.457
4/12/2024 3:00,1.456
4/12/2024 4:00,1.476
4/12/2024 5:00,1.479
4/12/2024 6:00,1.454
4/12/2024 7:00,1.422
4/12/2024 8:00,1.43
4/12/2024 9:00,1.423
4/12/2024 10:00,1.357
4/12/2024 11:00,1.363
4/12/2024 12:00,1.35
4/12/2024 13:00,1.396
4/12/2024 14:00,1.365
4/12/2024 15:00,1.367
4/12/2024 16:00,1.413
4/12/2024 17:00,1.451
4/12/2024 18:00,1.472
4/12/2024 19:00,1.499
4/12/2024 20:00,1.528
4/12/2024 21:00,1.546
4/12/2024 22:00,1.567
4/12/2024 23:00,1.589
4/13/2024 0:00,1.643
4/13/2024 1:00,1.645
4/13/2024 2:00,1.667
4/13/2024 3:00,1.694
4/13/2024 4:00,1.687
4/13/2024 5:00,1.69
4/13/2024 6:00,1.652
4/13/2024 7:00,1.604
4/13/2024 8:00,1.6
4/13/2024 9:00,1.593
4/13/2024 10:00,1.568
4/13/2024 11:00,1.552
4/13/2024 12:00,1.531
4/13/2024 13:00,1.531
4/13/2024 14:00,1.527
4/13/2024 15:00,1.531
4/13/2024 16:00,1.542
4/13/2024 17:00,1.554
4/13/2024 18:00,1.578
4/13/2024 19:00,1.594
4/13/2024 20:00,1.624
4/13/2024 21:00,1.732
4/13/2024 22:00,1.76
4/13/2024 23:00,1.807
4/14/2024 0:00,1.839
4/14/2024 1:00,1.849
4/14/2024 2:00,1.842
4/14/2024 3:00,1.844
4/14/2024 4:00,1.838
4/14/2024 5:00,1.834
4/14/2024 6:00,1.829
4/14/2024 7:00,1.808
4/14/2024 8:00,1.817
4/14/2024 9:00,1.815
4/14/2024 10:00,1.827
4/14/2024 11:00,1.791
4/14/2024 12:00,1.705
4/14/2024 13:00,1.635
4/14/2024 14:00,1.648
4/14/2024 15:00,1.654
4/14/2024 16:00,1.685
4/14/2024 17:00,1.697
4/14/2024 18:00,1.714
4/14/2024 19:00,1.716
4/14/2024 20:00,1.836
4/14/2024 21:00,1.847
4/14/2024 22:00,1.853
4/14/2024 23:00,1.855
4/15/2024 0:00,1.859
4/15/2024 1:00,1.859
4/15/2024 2:00,1.855
4/15/2024 3:00,1.869
4/15/2024 4:00,1.892
4/15/2024 5:00,1.897
4/15/2024 6:00,1.881
4/15/2024 7:00,1.891
4/15/2024 8:00,1.894
4/15/2024 9:00,1.88
4/15/2024 10:00,1.882
4/15/2024 11:00,1.88
4/15/2024 12:00,1.869
4/15/2024 13:00,1.86
4/15/2024 14:00,1.87
4/15/2024 15:00,1.878
4/15/2024 16:00,1.88
4/15/2024 17:00,1.867
4/15/2024 18:00,1.883
4/15/2024 19:00,1.889
4/15/2024 20:00,1.877
4/15/2024 21:00,1.867
4/15/2024 22:00,1.867
4/15/2024 23:00,1.868
4/16/2024 0:00,1.864
4/16/2024 1:00,1.86
4/16/2024 2:00,1.857
4/16/2024 3:00,1.862
4/16/2024 4:00,1.866
4/16/2024 5:00,1.86
4/16/2024 6:00,1.842
4/16/2024 7:00,1.843
4/16/2024 8:00,1.833
4/16/2024 9:00,1.815
4/16/2024 10:00,1.814
4/16/2024 11:00,1.71
4/16/2024 12:00,1.607
4/16/2024 13:00,1.594
4/16/2024 14:00,1.608
4/16/2024 15:00,1.608
4/16/2024 16:00,1.603
4/16/2024 17:00,1.643
4/16/2024 18:00,1.684
4/16/2024 19:00,1.728
4/16/2024 20:00,1.765
4/16/2024 21:00,1.779
4/16/2024 22:00,1.766
4/16/2024 23:00,1.754
4/17/2024 0:00,1.755
4/17/2024 1:00,1.758
4/17/2024 2:00,1.76
4/17/2024 3:00,1.745
4/17/2024 4:00,1.739
4/17/2024 5:00,1.694
4/17/2024 6:00,1.681
4/17/2024 7:00,1.637
4/17/2024 8:00,1.615
4/17/2024 9:00,1.611
4/17/2024 10:00,1.605
4/17/2024 11:00,1.601
4/17/2024 12:00,1.585
4/17/2024 13:00,1.565
4/17/2024 14:00,1.539
4/17/2024 15:00,1.618
4/17/2024 16:00,1.592
4/17/2024 17:00,1.604
4/17/2024 18:00,1.635
4/17/2024 19:00,1.661
4/17/2024 20:00,1.698
4/17/2024 21:00,1.702
4/17/2024 22:00,1.706
4/17/2024 23:00,1.78
4/18/2024 0:00,1.797
4/18/2024 1:00,1.86
4/18/2024 2:00,1.868
4/18/2024 3:00,1.862
4/18/2024 4:00,1.864
4/18/2024 5:00,1.856
4/18/2024 6:00,1.855
4/18/2024 7:00,1.865
4/18/2024 8:00,1.848
4/18/2024 9:00,1.855
4/18/2024 10:00,1.848
4/18/2024 11:00,1.845
4/18/2024 12:00,1.857
4/18/2024 13:00,1.85
4/18/2024 14:00,1.835
4/18/2024 15:00,1.817
4/18/2024 16:00,1.803
4/18/2024 17:00,1.726
4/18/2024 18:00,1.764
4/18/2024 19:00,1.737
4/18/2024 20:00,1.729
4/18/2024 21:00,1.734
4/18/2024 22:00,1.743
4/18/2024 23:00,1.744
4/19/2024 0:00,1.752
4/19/2024 1:00,1.733
4/19/2024 2:00,1.767
4/19/2024 3:00,1.797
4/19/2024 4:00,1.808
4/19/2024 5:00,1.807
4/19/2024 6:00,1.808
4/19/2024 7:00,1.796
4/19/2024 8:00,1.703
4/19/2024 9:00,1.698
4/19/2024 10:00,1.727
4/19/2024 11:00,1.691
4/19/2024 12:00,1.686
4/19/2024 13:00,1.697
4/19/2024 14:00,1.669
4/19/2024 15:00,1.626
4/19/2024 16:00,1.683
4/19/2024 17:00,1.682
4/19/2024 18:00,1.685
4/19/2024 19:00,1.637
4/19/2024 20:00,1.635
4/19/2024 21:00,1.638
4/19/2024 22:00,1.688
4/19/2024 23:00,1.691
4/20/2024 0:00,1.701
4/20/2024 1:00,1.734
4/20/2024 2:00,1.734
4/20/2024 3:00,1.778
4/20/2024 4:00,1.803
4/20/2024 5:00,1.794
4/20/2024 6:00,1.801
4/20/2024 7:00,1.814
4/20/2024 8:00,1.82
4/20/2024 9:00,1.826
4/20/2024 10:00,1.812
4/20/2024 11:00,1.82
4/20/2024 12:00,1.818
4/20/2024 13:00,1.823
4/20/2024 14:00,1.813
4/20/2024 15:00,1.812
4/20/2024 16:00,1.775
4/20/2024 17:00,1.772
4/20/2024 18:00,1.8
4/20/2024 19:00,1.823
4/20/2024 20:00,1.826
4/20/2024 21:00,1.833
4/20/2024 22:00,1.839
4/20/2024 23:00,1.85
4/21/2024 0:00,1.855
4/21/2024 1:00,1.847
4/21/2024 2:00,1.848
4/21/2024 3:00,1.852
4/21/2024 4:00,1.851
4/21/2024 5:00,1.846
4/21/2024 6:00,1.852
4/21/2024 7:00,1.855
4/21/2024 8:00,1.849
4/21/2024 9:00,1.85
4/21/2024 10:00,1.847
4/21/2024 11:00,1.843
4/21/2024 12:00,1.833
4/21/2024 13:00,1.841
4/21/2024 14:00,1.846
4/21/2024 15:00,1.844
4/21/2024 16:00,1.842
4/21/2024 17:00,1.774
4/21/2024 18:00,1.78
4/21/2024 19:00,1.823
4/21/2024 20:00,1.832
4/21/2024 21:00,1.836
4/21/2024 22:00,1.851
4/21/2024 23:00,1.856
4/22/2024 0:00,1.861
4/22/2024 1:00,1.877
4/22/2024 2:00,1.879
4/22/2024 3:00,1.894
4/22/2024 4:00,1.912
4/22/2024 5:00,1.93
4/22/2024 6:00,1.936
4/22/2024 7:00,1.935
4/22/2024 8:00,1.923
4/22/2024 9:00,1.924
4/22/2024 10:00,1.923
4/22/2024 11:00,1.94
4/22/2024 12:00,1.914
4/22/2024 13:00,1.908
4/22/2024 14:00,1.896
4/22/2024 15:00,1.917
4/22/2024 16:00,1.904
4/22/2024 17:00,1.9
4/22/2024 18:00,1.901
4/22/2024 19:00,1.897
4/22/2024 20:00,1.885
4/22/2024 21:00,1.902
4/22/2024 22:00,1.927
4/22/2024 23:00,1.936
4/23/2024 0:00,1.982
4/23/2024 1:00,2.021
4/23/2024 2:00,2.047
4/23/2024 3:00,2.072
4/23/2024 4:00,2.072
4/23/2024 5:00,2.09
4/23/2024 6:00,2.076
4/23/2024 7:00,2.074
4/23/2024 8:00,2.082
4/23/2024 9:00,2.057
4/23/2024 10:00,2.049
4/23/2024 11:00,2.019
4/23/2024 12:00,2.02
4/23/2024 13:00,2.014
4/23/2024 14:00,2.004
4/23/2024 15:00,1.983
4/23/2024 16:00,1.804
4/23/2024 17:00,1.986
4/23/2024 18:00,1.987
4/23/2024 19:00,1.963
4/23/2024 20:00,1.977
4/23/2024 21:00,1.979
4/23/2024 22:00,1.984
4/23/2024 23:00,1.992
4/24/2024 0:00,2.013
4/24/2024 1:00,2.017
4/24/2024 2:00,2.033
4/24/2024 3:00,2.052
4/24/2024 4:00,2.072
4/24/2024 5:00,2.089
4/24/2024 6:00,2.077
4/24/2024 7:00,2.091
4/24/2024 8:00,2.081
4/24/2024 9:00,2.061
4/24/2024 10:00,2.058
4/24/2024 11:00,2.055
4/24/2024 12:00,2.045
4/24/2024 13:00,2.053
4/24/2024 14:00,2.033
4/24/2024 15:00,2.025
4/24/2024 16:00,2.018
4/24/2024 17:00,2.025
4/24/2024 18:00,2.027
4/24/2024 19:00,2.03
4/24/2024 20:00,2.033
4/24/2024 21:00,2.042
4/24/2024 22:00,2.075
4/24/2024 23:00,2.078
4/25/2024 0:00,2.096
4/25/2024 1:00,2.134
4/25/2024 2:00,2.216
4/25/2024 3:00,2.232
4/25/2024 4:00,2.259
4/25/2024 5:00,2.255
4/25/2024 6:00,2.225
4/25/2024 7:00,2.228
4/25/2024 8:00,2.208
4/25/2024 9:00,2.198
4/25/2024 10:00,2.185
4/25/2024 11:00,2.153
4/25/2024 12:00,2.156
4/25/2024 13:00,2.149
4/25/2024 14:00,2.135
4/25/2024 15:00,2.136
4/25/2024 16:00,2.13
4/25/2024 17:00,2.137
4/25/2024 18:00,2.133
4/25/2024 19:00,2.123
4/25/2024 20:00,2.119
4/25/2024 21:00,2.126
4/25/2024 22:00,2.116
4/25/2024 23:00,2.139
4/26/2024 0:00,2.159
4/26/2024 1:00,2.191
4/26/2024 2:00,2.22
4/26/2024 3:00,2.234
4/26/2024 4:00,2.261
4/26/2024 5:00,2.279
4/26/2024 6:00,2.282
4/26/2024 7:00,2.265
4/26/2024 8:00,2.255
4/26/2024 9:00,2.239
4/26/2024 10:00,2.244
4/26/2024 11:00,2.226
4/26/2024 12:00,2.174
4/26/2024 13:00,2.28
4/26/2024 14:00,2.212
4/26/2024 15:00,2.213
4/26/2024 16:00,2.201
4/26/2024 17:00,2.197
4/26/2024 18:00,2.193
4/26/2024 19:00,2.18
4/26/2024 20:00,2.186
4/26/2024 21:00,2.191
4/26/2024 22:00,2.192
4/26/2024 23:00,2.219
4/27/2024 0:00,2.239
4/27/2024 1:00,2.271
4/27/2024 2:00,2.305
4/27/2024 3:00,2.319
4/27/2024 4:00,2.336
4/27/2024 5:00,2.336
4/27/2024 6:00,2.327
4/27/2024 7:00,2.324
4/27/2024 8:00,2.313
4/27/2024 9:00,2.285
4/27/2024 10:00,2.285
4/27/2024 11:00,2.274
4/27/2024 12:00,2.27
4/27/2024 13:00,2.268
4/27/2024 14:00,2.28
4/27/2024 15:00,2.247
4/27/2024 16:00,2.235
4/27/2024 17:00,2.227
4/27/2024 18:00,2.251
4/27/2024 19:00,2.243
4/27/2024 20:00,2.241
4/27/2024 21:00,2.237
4/27/2024 22:00,2.237
4/27/2024 23:00,2.248
4/28/2024 0:00,2.236
4/28/2024 1:00,2.222
4/28/2024 2:00,2.213
4/28/2024 3:00,2.185
4/28/2024 4:00,2.172
4/28/2024 5:00,2.167
4/28/2024 6:00,2.145
4/28/2024 7:00,2.136
4/28/2024 8:00,2.131
4/28/2024 9:00,2.116
4/28/2024 10:00,2.099
4/28/2024 11:00,2.112
4/28/2024 12:00,2.083
4/28/2024 13:00,2.063
4/28/2024 14:00,2.063
4/28/2024 15:00,2.06
4/28/2024 16:00,2.051
4/28/2024 17:00,2.024
4/28/2024 18:00,2.033
4/28/2024 19:00,2.02
4/28/2024 20:00,2.022
4/28/2024 21:00,2.015
4/28/2024 22:00,1.976
4/28/2024 23:00,1.986
4/29/2024 0:00,1.978
4/29/2024 1:00,1.985
4/29/2024 2:00,1.982
4/29/2024 3:00,1.98
4/29/2024 4:00,1.971
4/29/2024 5:00,1.971
4/29/2024 6:00,1.944
4/29/2024 7:00,1.964
4/29/2024 8:00,1.95
4/29/2024 9:00,1.961
4/29/2024 10:00,1.946
4/29/2024 11:00,1.939
4/29/2024 12:00,1.931
4/29/2024 13:00,1.926
4/29/2024 14:00,1.927
4/29/2024 15:00,1.924
4/29/2024 16:00,1.916
4/29/2024 17:00,1.907
4/29/2024 18:00,1.901
4/29/2024 19:00,1.895
4/29/2024 20:00,1.897
4/29/2024 21:00,1.882
4/29/2024 22:00,1.889
4/29/2024 23:00,1.885
4/30/2024 0:00,1.865
4/30/2024 1:00,1.88
4/30/2024 2:00,1.882
4/30/2024 3:00,1.882
4/30/2024 4:00,1.877
4/30/2024 5:00,1.887
4/30/2024 6:00,1.893
4/30/2024 7:00,1.898
4/30/2024 8:00,1.905
4/30/2024 9:00,1.894
4/30/2024 10:00,1.887
4/30/2024 11:00,1.908
4/30/2024 12:00,1.91
4/30/2024 13:00,1.92
4/30/2024 14:00,1.912
4/30/2024 15:00,1.911
4/30/2024 16:00,1.702
4/30/2024 17:00,1.976
4/30/2024 18:00,2.024
4/30/2024 19:00,2.092
4/30/2024 20:00,2.197
4/30/2024 21:00,2.391
4/30/2024 22:00,2.582
4/30/2024 23:00,2.681
5/1/2024 0:00,2.749
5/1/2024 1:00,2.79
5/1/2024 2:00,2.838
5/1/2024 3:00,2.867
5/1/2024 4:00,2.876
5/1/2024 5:00,2.891
5/1/2024 6:00,2.878
5/1/2024 7:00,2.875
5/1/2024 8:00,2.855
5/1/2024 9:00,2.861
5/1/2024 10:00,2.849
5/1/2024 11:00,2.865
5/1/2024 12:00,2.848
5/1/2024 13:00,2.834
5/1/2024 14:00,2.813
5/1/2024 15:00,2.817
5/1/2024 16:00,2.803
5/1/2024 17:00,2.778
5/1/2024 18:00,2.825
5/1/2024 19:00,2.813
5/1/2024 20:00,2.825
5/1/2024 21:00,2.843
5/1/2024 22:00,2.852
5/1/2024 23:00,2.85
5/2/2024 0:00,2.858
5/2/2024 1:00,2.88
5/2/2024 2:00,2.842
5/2/2024 3:00,2.856
5/2/2024 4:00,2.852
5/2/2024 5:00,2.832
5/2/2024 6:00,2.842
5/2/2024 7:00,2.809
5/2/2024 8:00,2.83
5/2/2024 9:00,2.797
5/2/2024 10:00,2.793
5/2/2024 11:00,2.8
5/2/2024 12:00,2.791
5/2/2024 13:00,2.812
5/2/2024 14:00,2.807
5/2/2024 15:00,2.778
5/2/2024 16:00,2.783
5/2/2024 17:00,2.787
5/2/2024 18:00,2.799
5/2/2024 19:00,2.787
5/2/2024 20:00,2.773
5/2/2024 21:00,2.796
5/2/2024 22:00,2.781
5/2/2024 23:00,2.772
5/3/2024 0:00,2.792
5/3/2024 1:00,2.781
5/3/2024 2:00,2.785
5/3/2024 3:00,2.808
5/3/2024 4:00,2.831
5/3/2024 5:00,2.797
5/3/2024 6:00,2.818
5/3/2024 7:00,2.796
5/3/2024 8:00,2.804
5/3/2024 9:00,2.798
5/3/2024 10:00,2.78
5/3/2024 11:00,2.798
5/3/2024 12:00,2.779
5/3/2024 13:00,2.767
5/3/2024 14:00,2.772
5/3/2024 15:00,2.738
5/3/2024 16:00,2.763
5/3/2024 17:00,2.746
5/3/2024 18:00,2.774
5/3/2024 19:00,2.767
5/3/2024 20:00,2.779
5/3/2024 21:00,2.768
5/3/2024 22:00,2.79
5/3/2024 23:00,2.801
5/4/2024 0:00,2.802
5/4/2024 1:00,2.844
5/4/2024 2:00,2.826
5/4/2024 3:00,2.825
5/4/2024 4:00,2.825
5/4/2024 5:00,2.821
5/4/2024 6:00,2.815
5/4/2024 7:00,2.846
5/4/2024 8:00,2.832
5/4/2024 9:00,2.789
5/4/2024 10:00,2.811
5/4/2024 11:00,2.804
5/4/2024 12:00,2.795
5/4/2024 13:00,2.738
5/4/2024 14:00,2.716
5/4/2024 15:00,2.669
5/4/2024 16:00,2.662
5/4/2024 17:00,2.662
5/4/2024 18:00,2.63
5/4/2024 19:00,2.628
5/4/2024 20:00,2.652
5/4/2024 21:00,2.646
5/4/2024 22:00,2.653
5/4/2024 23:00,2.664
5/5/2024 0:00,2.66
5/5/2024 1:00,2.695
5/5/2024 2:00,2.714
5/5/2024 3:00,2.766
5/5/2024 4:00,2.782
5/5/2024 5:00,2.81
5/5/2024 6:00,2.785
5/5/2024 7:00,2.783
5/5/2024 8:00,2.797
5/5/2024 9:00,2.792
5/5/2024 10:00,2.802
5/5/2024 11:00,2.788
5/5/2024 12:00,2.81
5/5/2024 13:00,2.769
5/5/2024 14:00,2.787
5/5/2024 15:00,2.816
5/5/2024 16:00,2.793
5/5/2024 17:00,2.813
5/5/2024 18:00,2.834
5/5/2024 19:00,2.833
5/5/2024 20:00,2.83
5/5/2024 21:00,2.848
5/5/2024 22:00,2.883
5/5/2024 23:00,2.894
5/6/2024 0:00,2.891
5/6/2024 1:00,2.909
5/6/2024 2:00,2.914
5/6/2024 3:00,2.952
5/6/2024 4:00,2.955
5/6/2024 5:00,2.981
5/6/2024 6:00,2.979
5/6/2024 7:00,2.973
5/6/2024 8:00,2.992
5/6/2024 9:00,2.947
5/6/2024 10:00,2.976
5/6/2024 11:00,2.979
5/6/2024 12:00,2.964
5/6/2024 13:00,2.985
5/6/2024 14:00,2.958
5/6/2024 15:00,2.942
5/6/2024 16:00,2.943
5/6/2024 17:00,2.937
5/6/2024 18:00,2.997
5/6/2024 19:00,2.908
5/6/2024 20:00,2.936
5/6/2024 21:00,2.915
5/6/2024 22:00,2.928
5/6/2024 23:00,2.913
5/7/2024 0:00,2.921
5/7/2024 1:00,2.906
5/7/2024 2:00,2.917
5/7/2024 3:00,2.94
5/7/2024 4:00,2.887
5/7/2024 5:00,2.882
5/7/2024 6:00,2.866
5/7/2024 7:00,2.85
5/7/2024 8:00,2.858
5/7/2024 9:00,2.872
5/7/2024 10:00,2.877
5/7/2024 11:00,2.857
5/7/2024 12:00,2.841
5/7/2024 13:00,2.834
5/7/2024 14:00,2.817
5/7/2024 15:00,2.842
5/7/2024 16:00,2.833
5/7/2024 17:00,2.824
5/7/2024 18:00,2.825
5/7/2024 19:00,2.816
5/7/2024 20:00,2.809
5/7/2024 21:00,2.798
5/7/2024 22:00,2.777
5/7/2024 23:00,2.792
5/8/2024 0:00,2.761
5/8/2024 1:00,2.755
5/8/2024 2:00,2.743
5/8/2024 3:00,2.752
5/8/2024 4:00,2.725
5/8/2024 5:00,2.709
5/8/2024 6:00,2.695
5/8/2024 7:00,2.661
5/8/2024 8:00,2.63
5/8/2024 9:00,2.631
5/8/2024 10:00,2.595
5/8/2024 11:00,2.597
5/8/2024 12:00,2.6
5/8/2024 13:00,2.573
5/8/2024 14:00,2.557
5/8/2024 15:00,2.554
5/8/2024 16:00,2.546
5/8/2024 17:00,2.559
5/8/2024 18:00,2.562
5/8/2024 19:00,2.556
5/8/2024 20:00,2.583
5/8/2024 21:00,2.552
5/8/2024 22:00,2.552
5/8/2024 23:00,2.551
5/9/2024 0:00,2.539
5/9/2024 1:00,2.527
5/9/2024 2:00,2.513
5/9/2024 3:00,2.53
5/9/2024 4:00,2.506
5/9/2024 5:00,2.518
5/9/2024 6:00,2.49
5/9/2024 7:00,2.496
5/9/2024 8:00,2.479
5/9/2024 9:00,2.48
5/9/2024 10:00,2.456
5/9/2024 11:00,2.45
5/9/2024 12:00,2.442
5/9/2024 13:00,2.445
5/9/2024 14:00,2.434
5/9/2024 15:00,2.424
5/9/2024 16:00,2.435
5/9/2024 17:00,2.437
5/9/2024 18:00,2.456
5/9/2024 19:00,2.433
5/9/2024 20:00,2.406
5/9/2024 21:00,2.43
5/9/2024 22:00,2.439
5/9/2024 23:00,2.444
5/10/2024 0:00,2.441
5/10/2024 1:00,2.419
5/10/2024 2:00,2.438
5/10/2024 3:00,2.433
5/10/2024 4:00,2.407
5/10/2024 5:00,2.405
5/10/2024 6:00,2.425
5/10/2024 7:00,2.406
5/10/2024 8:00,2.385
5/10/2024 9:00,2.376
5/10/2024 10:00,2.369
5/10/2024 11:00,2.362
5/10/2024 12:00,2.368
5/10/2024 13:00,2.367
5/10/2024 14:00,2.344
5/10/2024 15:00,2.349
5/10/2024 16:00,2.352
5/10/2024 17:00,2.348
5/10/2024 18:00,2.342
5/10/2024 19:00,2.336
5/10/2024 20:00,2.336
5/10/2024 21:00,2.339
5/10/2024 22:00,2.351
5/10/2024 23:00,2.337
5/11/2024 0:00,2.347
5/11/2024 1:00,2.342
5/11/2024 2:00,2.345
5/11/2024 3:00,2.363
5/11/2024 4:00,2.365
5/11/2024 5:00,2.349
5/11/2024 6:00,2.34
5/11/2024 7:00,2.349
5/11/2024 8:00,2.348
5/11/2024 9:00,2.361
5/11/2024 10:00,2.355
5/11/2024 11:00,2.393
5/11/2024 12:00,2.396
5/11/2024 13:00,2.388
5/11/2024 14:00,2.371
5/11/2024 15:00,2.367
5/11/2024 16:00,2.363
5/11/2024 17:00,2.351
5/11/2024 18:00,2.354
5/11/2024 19:00,2.323
5/11/2024 20:00,2.297
5/11/2024 21:00,2.278
5/11/2024 22:00,2.25
5/11/2024 23:00,2.234
5/12/2024 0:00,2.262
5/12/2024 1:00,2.313
5/12/2024 2:00,2.376
5/12/2024 3:00,2.402
5/12/2024 4:00,2.423
5/12/2024 5:00,2.413
5/12/2024 6:00,2.413
5/12/2024 7:00,2.418
5/12/2024 8:00,2.401
5/12/2024 9:00,2.399
5/12/2024 10:00,2.372
5/12/2024 11:00,2.358
5/12/2024 12:00,2.347
5/12/2024 13:00,2.334
5/12/2024 14:00,2.344
5/12/2024 15:00,2.324
5/12/2024 16:00,2.335
5/12/2024 17:00,2.324
5/12/2024 18:00,2.316
5/12/2024 19:00,2.318
5/12/2024 20:00,2.329
5/12/2024 21:00,2.336
5/12/2024 22:00,2.327
5/12/2024 23:00,2.377
5/13/2024 0:00,2.396
5/13/2024 1:00,2.432
5/13/2024 2:00,2.459
5/13/2024 3:00,2.522
5/13/2024 4:00,2.553
5/13/2024 5:00,2.594
5/13/2024 6:00,2.638
5/13/2024 7:00,2.652
5/13/2024 8:00,2.632
5/13/2024 9:00,2.676
5/13/2024 10:00,2.694
5/13/2024 11:00,2.647
5/13/2024 12:00,2.658
5/13/2024 13:00,2.619
5/13/2024 14:00,2.628
5/13/2024 15:00,2.619
5/13/2024 16:00,2.619
5/13/2024 17:00,2.587
5/13/2024 18:00,2.597
5/13/2024 19:00,2.574
5/13/2024 20:00,2.617
5/13/2024 21:00,2.617
5/13/2024 22:00,2.613
5/13/2024 23:00,2.624
5/14/2024 0:00,2.648
5/14/2024 1:00,2.674
5/14/2024 2:00,2.704
5/14/2024 3:00,2.715
5/14/2024 4:00,2.742
5/14/2024 5:00,2.728
5/14/2024 6:00,2.753
5/14/2024 7:00,2.769
5/14/2024 8:00,2.769
5/14/2024 9:00,2.778
5/14/2024 10:00,2.787
5/14/2024 11:00,2.775
5/14/2024 12:00,2.8
5/14/2024 13:00,2.802
5/14/2024 14:00,2.818
5/14/2024 15:00,2.818
5/14/2024 16:00,2.838
5/14/2024 17:00,2.802
5/14/2024 18:00,2.784
5/14/2024 19:00,2.836
5/14/2024 20:00,2.865
5/14/2024 21:00,2.915
5/14/2024 22:00,2.993
5/14/2024 23:00,3.004
5/15/2024 0:00,2.995
5/15/2024 1:00,3.013
5/15/2024 2:00,3.043
5/15/2024 3:00,3.067
5/15/2024 4:00,3.074
5/15/2024 5:00,3.096
5/15/2024 6:00,3.11
5/15/2024 7:00,3.119
5/15/2024 8:00,3.094
5/15/2024 9:00,3.132
5/15/2024 10:00,3.146
5/15/2024 11:00,3.161
5/15/2024 12:00,3.2
5/15/2024 13:00,3.259
5/15/2024 14:00,3.297
5/15/2024 15:00,3.294
5/15/2024 16:00,3.251
5/15/2024 17:00,3.264
5/15/2024 18:00,3.268
5/15/2024 19:00,3.283
5/15/2024 20:00,3.265
5/15/2024 21:00,3.283
5/15/2024 22:00,3.284
5/15/2024 23:00,3.264
5/16/2024 0:00,3.287
5/16/2024 1:00,3.287
5/16/2024 2:00,3.323
5/16/2024 3:00,3.287
5/16/2024 4:00,3.292
5/16/2024 5:00,3.311
5/16/2024 6:00,3.26
5/16/2024 7:00,3.275
5/16/2024 8:00,3.305
5/16/2024 9:00,3.297
5/16/2024 10:00,3.263
5/16/2024 11:00,3.315
5/16/2024 12:00,3.282
5/16/2024 13:00,3.25
5/16/2024 14:00,3.208
5/16/2024 15:00,3.237
5/16/2024 16:00,3.182
5/16/2024 17:00,3.17
5/16/2024 18:00,3.156
5/16/2024 19:00,3.144
5/16/2024 20:00,3.165
5/16/2024 21:00,3.257
5/16/2024 22:00,3.232
5/16/2024 23:00,3.245
5/17/2024 0:00,3.241
5/17/2024 1:00,3.264
5/17/2024 2:00,3.247
5/17/2024 3:00,3.227
5/17/2024 4:00,3.28
5/17/2024 5:00,3.323
5/17/2024 6:00,3.327
5/17/2024 7:00,3.32
5/17/2024 8:00,3.344
5/17/2024 9:00,3.317
5/17/2024 10:00,3.356
5/17/2024 11:00,3.337
5/17/2024 12:00,3.367
5/17/2024 13:00,3.33
5/17/2024 14:00,3.324
5/17/2024 15:00,3.321
5/17/2024 16:00,3.347
5/17/2024 17:00,3.316
5/17/2024 18:00,3.332
5/17/2024 19:00,3.332
5/17/2024 20:00,3.331
5/17/2024 21:00,3.308
5/17/2024 22:00,3.318
5/17/2024 23:00,3.319
5/18/2024 0:00,3.344
5/18/2024 1:00,3.398
5/18/2024 2:00,3.401
5/18/2024 3:00,3.401
5/18/2024 4:00,3.447
5/18/2024 5:00,3.466
5/18/2024 6:00,3.466
5/18/2024 7:00,3.506
5/18/2024 8:00,3.533
5/18/2024 9:00,3.524
5/18/2024 10:00,3.516
5/18/2024 11:00,3.491
5/18/2024 12:00,3.495
5/18/2024 13:00,3.449
5/18/2024 14:00,3.472
5/18/2024 15:00,3.461
5/18/2024 16:00,3.415
5/18/2024 17:00,3.441
5/18/2024 18:00,3.417
5/18/2024 19:00,3.388
5/18/2024 20:00,3.385
5/18/2024 21:00,3.412
5/18/2024 22:00,3.373
5/18/2024 23:00,3.372
5/19/2024 0:00,3.357
5/19/2024 1:00,3.38
5/19/2024 2:00,3.432
5/19/2024 3:00,3.439
5/19/2024 4:00,3.466
5/19/2024 5:00,3.454
5/19/2024 6:00,3.497
5/19/2024 7:00,3.495
5/19/2024 8:00,3.506
5/19/2024 9:00,3.5
5/19/2024 10:00,3.544
5/19/2024 11:00,3.511
5/19/2024 12:00,3.522
5/19/2024 13:00,3.487
5/19/2024 14:00,3.489
5/19/2024 15:00,3.472
5/19/2024 16:00,3.462
5/19/2024 17:00,3.438
5/19/2024 18:00,3.479
5/19/2024 19:00,3.463
5/19/2024 20:00,3.447
5/19/2024 21:00,3.457
5/19/2024 22:00,3.438
5/19/2024 23:00,3.479
5/20/2024 0:00,3.475
5/20/2024 1:00,3.468
5/20/2024 2:00,3.514
5/20/2024 3:00,3.551
5/20/2024 4:00,3.542
5/20/2024 5:00,3.599
5/20/2024 6:00,3.57
5/20/2024 7:00,3.566
5/20/2024 8:00,3.602
5/20/2024 9:00,3.56
5/20/2024 10:00,3.602
5/20/2024 11:00,3.585
5/20/2024 12:00,3.563
5/20/2024 13:00,3.568
5/20/2024 14:00,3.562
5/20/2024 15:00,3.554
5/20/2024 16:00,3.541
5/20/2024 17:00,3.547
5/20/2024 18:00,3.494
5/20/2024 19:00,3.47
5/20/2024 20:00,3.496
5/20/2024 21:00,3.478
5/20/2024 22:00,3.451
5/20/2024 23:00,3.503
5/21/2024 0:00,3.468
5/21/2024 1:00,3.483
5/21/2024 2:00,3.516
5/21/2024 3:00,3.532
5/21/2024 4:00,3.523
5/21/2024 5:00,3.57
5/21/2024 6:00,3.58
5/21/2024 7:00,3.591
5/21/2024 8:00,3.595
5/21/2024 9:00,3.575
5/21/2024 10:00,3.529
5/21/2024 11:00,3.556
5/21/2024 12:00,3.574
5/21/2024 13:00,3.559
5/21/2024 14:00,3.532
5/21/2024 15:00,3.52
5/21/2024 16:00,3.524
5/21/2024 17:00,3.492
5/21/2024 18:00,3.493
5/21/2024 19:00,3.489
5/21/2024 20:00,3.501
5/21/2024 21:00,3.481
5/21/2024 22:00,3.438
5/21/2024 23:00,3.405
5/22/2024 0:00,3.369
5/22/2024 1:00,3.362
5/22/2024 2:00,3.326
5/22/2024 3:00,3.337
5/22/2024 4:00,3.301
5/22/2024 5:00,3.299
5/22/2024 6:00,3.296
5/22/2024 7:00,3.262
5/22/2024 8:00,3.246
5/22/2024 9:00,3.26
5/22/2024 10:00,3.233
5/22/2024 11:00,3.232
5/22/2024 12:00,3.208
5/22/2024 13:00,3.175
5/22/2024 14:00,3.144
5/22/2024 15:00,3.159
5/22/2024 16:00,3.147
5/22/2024 17:00,3.151
5/22/2024 18:00,3.13
5/22/2024 19:00,3.097
5/22/2024 20:00,3.083
5/22/2024 21:00,3.086
5/22/2024 22:00,3.064
5/22/2024 23:00,3.052
5/23/2024 0:00,3.049
5/23/2024 1:00,3.033
5/23/2024 2:00,3.044
5/23/2024 3:00,3.04
5/23/2024 4:00,3.059
5/23/2024 5:00,3.059
5/23/2024 6:00,3.081
5/23/2024 7:00,3.054
5/23/2024 8:00,3.068
5/23/2024 9:00,3.055
5/23/2024 10:00,3.05
5/23/2024 11:00,3.077
5/23/2024 12:00,3.064
5/23/2024 13:00,3.041
5/23/2024 14:00,3.01
5/23/2024 15:00,3
5/23/2024 16:00,2.98
5/23/2024 17:00,2.982
5/23/2024 18:00,2.959
5/23/2024 19:00,2.97
5/23/2024 20:00,2.953
5/23/2024 21:00,2.939
5/23/2024 22:00,2.948
5/23/2024 23:00,2.934
5/24/2024 0:00,2.961
5/24/2024 1:00,2.925
5/24/2024 2:00,2.937
5/24/2024 3:00,2.937
5/24/2024 4:00,2.933
5/24/2024 5:00,2.933
5/24/2024 6:00,2.928
5/24/2024 7:00,2.909
5/24/2024 8:00,2.901
5/24/2024 9:00,2.917
5/24/2024 10:00,2.937
5/24/2024 11:00,2.933
5/24/2024 12:00,2.943
5/24/2024 13:00,2.945
5/24/2024 14:00,2.891
5/24/2024 15:00,2.903
5/24/2024 16:00,2.898
5/24/2024 17:00,2.9
5/24/2024 18:00,2.864
5/24/2024 19:00,2.862
5/24/2024 20:00,2.861
5/24/2024 21:00,2.844
5/24/2024 22:00,2.851
5/24/2024 23:00,2.814
5/25/2024 0:00,2.813
5/25/2024 1:00,2.803
5/25/2024 2:00,2.802
5/25/2024 3:00,2.785
5/25/2024 4:00,2.819
5/25/2024 5:00,2.823
5/25/2024 6:00,2.803
5/25/2024 7:00,2.84
5/25/2024 8:00,2.833
5/25/2024 9:00,2.83
5/25/2024 10:00,2.821
5/25/2024 11:00,2.806
5/25/2024 12:00,2.851
5/25/2024 13:00,2.804
5/25/2024 14:00,2.832
5/25/2024 15:00,2.82
5/25/2024 16:00,2.779
5/25/2024 17:00,2.807
5/25/2024 18:00,2.779
5/25/2024 19:00,2.826
5/25/2024 20:00,2.834
5/25/2024 21:00,2.823
5/25/2024 22:00,2.842
5/25/2024 23:00,2.85
5/26/2024 0:00,2.81
5/26/2024 1:00,2.85
5/26/2024 2:00,2.874
5/26/2024 3:00,2.871
5/26/2024 4:00,2.87
5/26/2024 5:00,2.899
5/26/2024 6:00,2.899
5/26/2024 7:00,2.93
5/26/2024 8:00,2.922
5/26/2024 9:00,2.91
5/26/2024 10:00,2.909
5/26/2024 11:00,2.93
5/26/2024 12:00,2.945
5/26/2024 13:00,2.913
5/26/2024 14:00,2.907
5/26/2024 15:00,2.937
5/26/2024 16:00,2.912
5/26/2024 17:00,2.884
5/26/2024 18:00,2.862
5/26/2024 19:00,2.849
5/26/2024 20:00,2.865
5/26/2024 21:00,2.867
5/26/2024 22:00,2.862
5/26/2024 23:00,2.855
5/27/2024 0:00,2.859
5/27/2024 1:00,2.84
5/27/2024 2:00,2.819
5/27/2024 3:00,2.798
5/27/2024 4:00,2.809
5/27/2024 5:00,2.788
5/27/2024 6:00,2.782
5/27/2024 7:00,2.775
5/27/2024 8:00,2.797
5/27/2024 9:00,2.784
5/27/2024 10:00,2.775
5/27/2024 11:00,2.753
5/27/2024 12:00,2.785
5/27/2024 13:00,2.763
5/27/2024 14:00,2.744
5/27/2024 15:00,2.767
5/27/2024 16:00,2.74
5/27/2024 17:00,2.724
5/27/2024 18:00,2.707
5/27/2024 19:00,2.727
5/27/2024 20:00,2.748
5/27/2024 21:00,2.741
5/27/2024 22:00,2.702
5/27/2024 23:00,2.688
5/28/2024 0:00,2.701
5/28/2024 1:00,2.68
5/28/2024 2:00,2.684
5/28/2024 3:00,2.701
5/28/2024 4:00,2.712
5/28/2024 5:00,2.72
5/28/2024 6:00,2.725
5/28/2024 7:00,2.741
5/28/2024 8:00,2.772
5/28/2024 9:00,2.783
5/28/2024 10:00,2.775
5/28/2024 11:00,2.758
5/28/2024 12:00,2.758
5/28/2024 13:00,2.746
5/28/2024 14:00,2.763
5/28/2024 15:00,2.742
5/28/2024 16:00,2.727
5/28/2024 17:00,2.776
5/28/2024 18:00,2.748
5/28/2024 19:00,2.715
5/28/2024 20:00,2.738
5/28/2024 21:00,2.724
5/28/2024 22:00,2.717
5/28/2024 23:00,2.686
5/29/2024 0:00,2.713
5/29/2024 1:00,2.704
5/29/2024 2:00,2.705
5/29/2024 3:00,2.699
5/29/2024 4:00,2.746
5/29/2024 5:00,2.78
5/29/2024 6:00,2.784
5/29/2024 7:00,2.785
5/29/2024 8:00,2.799
5/29/2024 9:00,2.779
5/29/2024 10:00,2.808
5/29/2024 11:00,2.827
5/29/2024 12:00,2.788
5/29/2024 13:00,2.823
5/29/2024 14:00,2.805
5/29/2024 15:00,2.84
5/29/2024 16:00,2.811
5/29/2024 17:00,2.76
5/29/2024 18:00,2.756
5/29/2024 19:00,2.742
5/29/2024 20:00,2.745
5/29/2024 21:00,2.741
5/29/2024 22:00,2.745
5/29/2024 23:00,2.769
5/30/2024 0:00,2.772
5/30/2024 1:00,2.78
5/30/2024 2:00,2.795
5/30/2024 3:00,2.834
5/30/2024 4:00,2.878
5/30/2024 5:00,2.897
5/30/2024 6:00,2.959
5/30/2024 7:00,2.963
5/30/2024 8:00,2.978
5/30/2024 9:00,2.989
5/30/2024 10:00,2.991
5/30/2024 11:00,2.977
5/30/2024 12:00,3.006
5/30/2024 13:00,2.964
5/30/2024 14:00,2.968
5/30/2024 15:00,2.994
5/30/2024 16:00,2.975
5/30/2024 17:00,2.995
5/30/2024 18:00,2.951
5/30/2024 19:00,2.907
5/30/2024 20:00,2.904
5/30/2024 21:00,2.884
5/30/2024 22:00,2.871
5/30/2024 23:00,2.912
5/31/2024 0:00,2.925
5/31/2024 1:00,2.94
5/31/2024 2:00,2.992
5/31/2024 3:00,3.024
5/31/2024 4:00,3.069
5/31/2024 5:00,3.099
5/31/2024 6:00,3.084
5/31/2024 7:00,3.076
5/31/2024 8:00,3.126
5/31/2024 9:00,3.118
5/31/2024 10:00,3.119
5/31/2024 11:00,3.108
5/31/2024 12:00,3.076
5/31/2024 13:00,3.075
5/31/2024 14:00,3.08
5/31/2024 15:00,3.037
5/31/2024 16:00,3.051
5/31/2024 17:00,3.011
5/31/2024 18:00,2.976
5/31/2024 19:00,2.987
5/31/2024 20:00,3.002
5/31/2024 21:00,3.024
5/31/2024 22:00,3.015
5/31/2024 23:00,3.01
6/1/2024 0:00,3.048
6/1/2024 1:00,3.128
6/1/2024 2:00,3.128
6/1/2024 3:00,3.185
6/1/2024 4:00,3.139
6/1/2024 5:00,3.192
6/1/2024 6:00,3.2
6/1/2024 7:00,3.214
6/1/2024 8:00,3.168
6/1/2024 9:00,3.218
6/1/2024 10:00,3.188
6/1/2024 11:00,3.173
6/1/2024 12:00,3.173
6/1/2024 13:00,3.177
6/1/2024 14:00,3.166
6/1/2024 15:00,3.191
6/1/2024 16:00,3.131
6/1/2024 17:00,3.11
6/1/2024 18:00,3.099
6/1/2024 19:00,3.114
6/1/2024 20:00,3.111
6/1/2024 21:00,3.091
6/1/2024 22:00,3.061
6/1/2024 23:00,3.098
6/2/2024 0:00,3.104
6/2/2024 1:00,3.124
6/2/2024 2:00,3.151
6/2/2024 3:00,3.193
6/2/2024 4:00,3.223
6/2/2024 5:00,3.231
6/2/2024 6:00,3.257
6/2/2024 7:00,3.267
6/2/2024 8:00,3.275
6/2/2024 9:00,3.283
6/2/2024 10:00,3.248
6/2/2024 11:00,3.247
6/2/2024 12:00,3.22
6/2/2024 13:00,3.202
6/2/2024 14:00,3.203
6/2/2024 15:00,3.177
6/2/2024 16:00,3.163
6/2/2024 17:00,3.148
6/2/2024 18:00,3.183
6/2/2024 19:00,3.168
6/2/2024 20:00,3.166
6/2/2024 21:00,3.208
6/2/2024 22:00,3.215
6/2/2024 23:00,3.21
6/3/2024 0:00,3.232
6/3/2024 1:00,3.243
6/3/2024 2:00,3.253
6/3/2024 3:00,3.312
6/3/2024 4:00,3.328
6/3/2024 5:00,3.35
6/3/2024 6:00,3.363
6/3/2024 7:00,3.346
6/3/2024 8:00,3.357
6/3/2024 9:00,3.367
6/3/2024 10:00,3.383
6/3/2024 11:00,3.349
6/3/2024 12:00,3.349
6/3/2024 13:00,3.347
6/3/2024 14:00,3.315
6/3/2024 15:00,3.329
6/3/2024 16:00,3.29
6/3/2024 17:00,3.289
6/3/2024 18:00,3.269
6/3/2024 19:00,3.286
6/3/2024 20:00,3.272
6/3/2024 21:00,3.27
6/3/2024 22:00,3.266
6/3/2024 23:00,3.291
6/4/2024 0:00,3.309
6/4/2024 1:00,3.296
6/4/2024 2:00,3.311
6/4/2024 3:00,3.323
6/4/2024 4:00,3.352
6/4/2024 5:00,3.378
6/4/2024 6:00,3.439
6/4/2024 7:00,3.435
6/4/2024 8:00,3.449
6/4/2024 9:00,3.448
6/4/2024 10:00,3.465
6/4/2024 11:00,3.511
6/4/2024 12:00,3.473
6/4/2024 13:00,3.454
6/4/2024 14:00,3.432
6/4/2024 15:00,3.427
6/4/2024 16:00,3.422
6/4/2024 17:00,3.37
6/4/2024 18:00,3.426
6/4/2024 19:00,3.374
6/4/2024 20:00,3.39
6/4/2024 21:00,3.384
6/4/2024 22:00,3.41
6/4/2024 23:00,3.441
6/5/2024 0:00,3.443
6/5/2024 1:00,3.466
6/5/2024 2:00,3.469
6/5/2024 3:00,3.51
6/5/2024 4:00,3.498
6/5/2024 5:00,3.526
6/5/2024 6:00,3.544
6/5/2024 7:00,3.561
6/5/2024 8:00,3.556
6/5/2024 9:00,3.55
6/5/2024 10:00,3.567
6/5/2024 11:00,3.548
6/5/2024 12:00,3.567
6/5/2024 13:00,3.548
6/5/2024 14:00,3.519
6/5/2024 15:00,3.507
6/5/2024 16:00,3.514
6/5/2024 17:00,3.475
6/5/2024 18:00,3.46
6/5/2024 19:00,3.456
6/5/2024 20:00,3.453
6/5/2024 21:00,3.471
6/5/2024 22:00,3.413
6/5/2024 23:00,3.433
6/6/2024 0:00,3.415
6/6/2024 1:00,3.457
6/6/2024 2:00,3.519
6/6/2024 3:00,3.556
6/6/2024 4:00,3.606
6/6/2024 5:00,3.652
6/6/2024 6:00,3.656
6/6/2024 7:00,3.696
6/6/2024 8:00,3.703
6/6/2024 9:00,3.7
6/6/2024 10:00,3.722
6/6/2024 11:00,3.714
6/6/2024 12:00,3.69
6/6/2024 13:00,3.721
6/6/2024 14:00,3.723
6/6/2024 15:00,3.698
6/6/2024 16:00,3.712
6/6/2024 17:00,3.696
6/6/2024 18:00,3.665
6/6/2024 19:00,3.593
6/6/2024 20:00,3.604
6/6/2024 21:00,3.57
6/6/2024 22:00,3.587
6/6/2024 23:00,3.568
6/7/2024 0:00,3.549
6/7/2024 1:00,3.563
6/7/2024 2:00,3.626
6/7/2024 3:00,3.631
6/7/2024 4:00,3.682
6/7/2024 5:00,3.746
6/7/2024 6:00,3.774
6/7/2024 7:00,3.771
6/7/2024 8:00,3.766
6/7/2024 9:00,3.725
6/7/2024 10:00,3.781
6/7/2024 11:00,3.761
6/7/2024 12:00,3.77
6/7/2024 13:00,3.789
6/7/2024 14:00,3.752
6/7/2024 15:00,3.784
6/7/2024 16:00,3.726
6/7/2024 17:00,3.714
6/7/2024 18:00,3.7
6/7/2024 19:00,3.673
6/7/2024 20:00,3.676
6/7/2024 21:00,3.657
6/7/2024 22:00,3.627
6/7/2024 23:00,3.627
6/8/2024 0:00,3.626
6/8/2024 1:00,3.627
6/8/2024 2:00,3.673
6/8/2024 3:00,3.669
6/8/2024 4:00,3.676
6/8/2024 5:00,3.72
6/8/2024 6:00,3.752
6/8/2024 7:00,3.743
6/8/2024 8:00,3.791
6/8/2024 9:00,3.789
6/8/2024 10:00,3.831
6/8/2024 11:00,3.81
6/8/2024 12:00,3.844
6/8/2024 13:00,3.839
6/8/2024 14:00,3.817
6/8/2024 15:00,3.818
6/8/2024 16:00,3.808
6/8/2024 17:00,3.806
6/8/2024 18:00,3.775
6/8/2024 19:00,3.755
6/8/2024 20:00,3.756
6/8/2024 21:00,3.743
6/8/2024 22:00,3.748
6/8/2024 23:00,3.721
6/9/2024 0:00,3.725
6/9/2024 1:00,3.71
6/9/2024 2:00,3.721
6/9/2024 3:00,3.782
6/9/2024 4:00,3.789
6/9/2024 5:00,3.79
6/9/2024 6:00,3.824
6/9/2024 7:00,3.842
6/9/2024 8:00,3.829
6/9/2024 9:00,3.887
6/9/2024 10:00,3.86
6/9/2024 11:00,3.871
6/9/2024 12:00,3.825
6/9/2024 13:00,3.85
6/9/2024 14:00,3.811
6/9/2024 15:00,3.78
6/9/2024 16:00,3.735
6/9/2024 17:00,3.735
6/9/2024 18:00,3.732
6/9/2024 19:00,3.697
6/9/2024 20:00,3.717
6/9/2024 21:00,3.69
6/9/2024 22:00,3.684
6/9/2024 23:00,3.67
6/10/2024 0:00,3.647
6/10/2024 1:00,3.656
6/10/2024 2:00,3.668
6/10/2024 3:00,3.667
6/10/2024 4:00,3.659
6/10/2024 5:00,3.718
6/10/2024 6:00,3.7
6/10/2024 7:00,3.748
6/10/2024 8:00,3.793
6/10/2024 9:00,3.806
6/10/2024 10:00,3.79
6/10/2024 11:00,3.812
6/10/2024 12:00,3.809
6/10/2024 13:00,3.819
6/10/2024 14:00,3.773
6/10/2024 15:00,3.747
6/10/2024 16:00,3.722
6/10/2024 17:00,3.727
6/10/2024 18:00,3.711
6/10/2024 19:00,3.687
6/10/2024 20:00,3.784
6/10/2024 21:00,3.91
6/10/2024 22:00,3.926
6/10/2024 23:00,3.899
6/11/2024 0:00,3.89
6/11/2024 1:00,3.869
6/11/2024 2:00,3.839
6/11/2024 3:00,3.84
6/11/2024 4:00,3.843
6/11/2024 5:00,3.896
6/11/2024 6:00,3.905
6/11/2024 7:00,3.911
6/11/2024 8:00,3.94
6/11/2024 9:00,3.948
6/11/2024 10:00,3.951
6/11/2024 11:00,3.958
6/11/2024 12:00,3.973
6/11/2024 13:00,3.956
6/11/2024 14:00,3.931
6/11/2024 15:00,3.935
6/11/2024 16:00,3.979
6/11/2024 17:00,4.022
6/11/2024 18:00,4.061
6/11/2024 19:00,4.07
6/11/2024 20:00,4.05
6/11/2024 21:00,4.064
6/11/2024 22:00,4.046
6/11/2024 23:00,3.993
6/12/2024 0:00,4.017
6/12/2024 1:00,4.014
6/12/2024 2:00,4.003
6/12/2024 3:00,4.023
6/12/2024 4:00,4.025
6/12/2024 5:00,4.07
6/12/2024 6:00,4.125
6/12/2024 7:00,4.129
6/12/2024 8:00,4.172
6/12/2024 9:00,4.189
6/12/2024 10:00,4.182
6/12/2024 11:00,4.157
6/12/2024 12:00,4.168
6/12/2024 13:00,4.159
6/12/2024 14:00,4.146
6/12/2024 15:00,4.107
6/12/2024 16:00,4.111
6/12/2024 17:00,4.103
6/12/2024 18:00,4.097
6/12/2024 19:00,4.079
6/12/2024 20:00,4.054
6/12/2024 21:00,4.041
6/12/2024 22:00,4.035
6/12/2024 23:00,3.961
6/13/2024 0:00,3.989
6/13/2024 1:00,3.976
6/13/2024 2:00,3.997
6/13/2024 3:00,4.008
6/13/2024 4:00,4.002
6/13/2024 5:00,4.043
6/13/2024 6:00,4.059
6/13/2024 7:00,4.053
6/13/2024 8:00,4.071
6/13/2024 9:00,4.11
6/13/2024 10:00,4.131
6/13/2024 11:00,4.1
6/13/2024 12:00,4.113
6/13/2024 13:00,4.093
6/13/2024 14:00,4.075
6/13/2024 15:00,4.074
6/13/2024 16:00,4.055
6/13/2024 17:00,4.021
6/13/2024 18:00,4.058
6/13/2024 19:00,4.021
6/13/2024 20:00,4
6/13/2024 21:00,4.017
6/13/2024 22:00,3.943
6/13/2024 23:00,3.946
6/14/2024 0:00,3.958
6/14/2024 1:00,3.915
6/14/2024 2:00,3.955
6/14/2024 3:00,3.935
6/14/2024 4:00,3.952
6/14/2024 5:00,3.96
6/14/2024 6:00,3.999
6/14/2024 7:00,4.008
6/14/2024 8:00,4.059
6/14/2024 9:00,4.045
6/14/2024 10:00,4.046
6/14/2024 11:00,4.05
6/14/2024 12:00,4.058
6/14/2024 13:00,4.045
6/14/2024 14:00,4.075
6/14/2024 15:00,4.038
6/14/2024 16:00,3.993
6/14/2024 17:00,4.023
6/14/2024 18:00,4.04
6/14/2024 19:00,4.064
6/14/2024 20:00,4.082
6/14/2024 21:00,4.07
6/14/2024 22:00,4.043
6/14/2024 23:00,4.078
6/15/2024 0:00,4.047
6/15/2024 1:00,4.029
6/15/2024 2:00,4.052
6/15/2024 3:00,4.006
6/15/2024 4:00,4.032
6/15/2024 5:00,4.04
6/15/2024 6:00,4.03
6/15/2024 7:00,4.059
6/15/2024 8:00,4.038
6/15/2024 9:00,4.034
6/15/2024 10:00,4.037
6/15/2024 11:00,4.051
6/15/2024 12:00,4.024
6/15/2024 13:00,4.025
6/15/2024 14:00,4.003
6/15/2024 15:00,4.059
6/15/2024 16:00,4.036
6/15/2024 17:00,4.053
6/15/2024 18:00,4.034
6/15/2024 19:00,3.983
6/15/2024 20:00,3.995
6/15/2024 21:00,3.955
6/15/2024 22:00,3.959
6/15/2024 23:00,3.954
6/16/2024 0:00,3.881
6/16/2024 1:00,3.859
6/16/2024 2:00,3.879
6/16/2024 3:00,3.884
6/16/2024 4:00,3.886
6/16/2024 5:00,3.914
6/16/2024 6:00,3.93
6/16/2024 7:00,3.951
6/16/2024 8:00,3.961
6/16/2024 9:00,3.968
6/16/2024 10:00,3.947
6/16/2024 11:00,3.934
6/16/2024 12:00,3.925
6/16/2024 13:00,3.908
6/16/2024 14:00,3.953
6/16/2024 15:00,3.902
6/16/2024 16:00,3.915
6/16/2024 17:00,3.886
6/16/2024 18:00,3.872
6/16/2024 19:00,3.818
6/16/2024 20:00,3.804
6/16/2024 21:00,3.821
6/16/2024 22:00,3.795
6/16/2024 23:00,3.784
6/17/2024 0:00,3.763
6/17/2024 1:00,3.789
6/17/2024 2:00,3.784
6/17/2024 3:00,3.815
6/17/2024 4:00,3.825
6/17/2024 5:00,3.78
6/17/2024 6:00,3.829
6/17/2024 7:00,3.854
6/17/2024 8:00,3.827
6/17/2024 9:00,3.856
6/17/2024 10:00,3.821
6/17/2024 11:00,3.825
6/17/2024 12:00,3.844
6/17/2024 13:00,3.813
6/17/2024 14:00,3.8
6/17/2024 15:00,3.767
6/17/2024 16:00,3.778
6/17/2024 17:00,3.776
6/17/2024 18:00,3.761
6/17/2024 19:00,3.722
6/17/2024 20:00,3.723
6/17/2024 21:00,3.706
6/17/2024 22:00,3.71
6/17/2024 23:00,3.692
6/18/2024 0:00,3.68
6/18/2024 1:00,3.701
6/18/2024 2:00,3.675
6/18/2024 3:00,3.707
6/18/2024 4:00,3.704
6/18/2024 5:00,3.729
6/18/2024 6:00,3.738
6/18/2024 7:00,3.743
6/18/2024 8:00,3.733
6/18/2024 9:00,3.745
6/18/2024 10:00,3.705
6/18/2024 11:00,3.707
6/18/2024 12:00,3.717
6/18/2024 13:00,3.698
6/18/2024 14:00,3.635
6/18/2024 15:00,3.656
6/18/2024 16:00,3.629
6/18/2024 17:00,3.597
6/18/2024 18:00,3.595
6/18/2024 19:00,3.583
6/18/2024 20:00,3.57
6/18/2024 21:00,3.546
6/18/2024 22:00,3.551
6/18/2024 23:00,3.508
6/19/2024 0:00,3.531
6/19/2024 1:00,3.547
6/19/2024 2:00,3.527
6/19/2024 3:00,3.496
6/19/2024 4:00,3.485
6/19/2024 5:00,3.527
6/19/2024 6:00,3.488
6/19/2024 7:00,3.508
6/19/2024 8:00,3.497
6/19/2024 9:00,3.511
6/19/2024 10:00,3.497
6/19/2024 11:00,3.475
6/19/2024 12:00,3.488
6/19/2024 13:00,3.504
6/19/2024 14:00,3.457
6/19/2024 15:00,3.367
6/19/2024 16:00,3.319
6/19/2024 17:00,3.269
6/19/2024 18:00,3.235
6/19/2024 19:00,3.09
6/19/2024 20:00,3.065
6/19/2024 21:00,3.043
6/19/2024 22:00,3.016
6/19/2024 23:00,3.021
6/20/2024 0:00,2.991
6/20/2024 1:00,3.005
6/20/2024 2:00,3.014
6/20/2024 3:00,3.016
6/20/2024 4:00,3.023
6/20/2024 5:00,3.039
6/20/2024 6:00,3.043
6/20/2024 7:00,3.053
6/20/2024 8:00,3.013
6/20/2024 9:00,3.037
6/20/2024 10:00,3.01
6/20/2024 11:00,3.041
6/20/2024 12:00,3.007
6/20/2024 13:00,3.016
6/20/2024 14:00,2.989
6/20/2024 15:00,3.001
6/20/2024 16:00,3.007
6/20/2024 17:00,3.011
6/20/2024 18:00,3.019
6/20/2024 19:00,3.03
6/20/2024 20:00,3.024
6/20/2024 21:00,3.006
6/20/2024 22:00,3.026
6/20/2024 23:00,3.035
6/21/2024 0:00,3.028
6/21/2024 1:00,2.995
6/21/2024 2:00,2.986
6/21/2024 3:00,3.016
6/21/2024 4:00,3.005
6/21/2024 5:00,3.046
6/21/2024 6:00,3.028
6/21/2024 7:00,3.043
6/21/2024 8:00,3.048
6/21/2024 9:00,3.045
6/21/2024 10:00,3.046
6/21/2024 11:00,3.054
6/21/2024 12:00,3.068
6/21/2024 13:00,3.066
6/21/2024 14:00,3.038
6/21/2024 15:00,3.036
6/21/2024 16:00,3.045
6/21/2024 17:00,3.006
6/21/2024 18:00,3.007
6/21/2024 19:00,3.009
6/21/2024 20:00,2.983
6/21/2024 21:00,2.953
6/21/2024 22:00,2.981
6/21/2024 23:00,2.968
6/22/2024 0:00,2.98
6/22/2024 1:00,3.043
6/22/2024 2:00,3.102
6/22/2024 3:00,3.129
6/22/2024 4:00,3.151
6/22/2024 5:00,3.147
6/22/2024 6:00,3.132
6/22/2024 7:00,3.157
6/22/2024 8:00,3.132
6/22/2024 9:00,3.164
6/22/2024 10:00,3.146
6/22/2024 11:00,3.163
6/22/2024 12:00,3.21
6/22/2024 13:00,3.234
6/22/2024 14:00,3.267
6/22/2024 15:00,3.291
6/22/2024 16:00,3.345
6/22/2024 17:00,3.342
6/22/2024 18:00,3.36
6/22/2024 19:00,3.298
6/22/2024 20:00,3.342
6/22/2024 21:00,3.304
6/22/2024 22:00,3.292
6/22/2024 23:00,3.275
6/23/2024 0:00,3.257
6/23/2024 1:00,3.265
6/23/2024 2:00,3.252
6/23/2024 3:00,3.228
6/23/2024 4:00,3.241
6/23/2024 5:00,3.248
6/23/2024 6:00,3.273
6/23/2024 7:00,3.288
6/23/2024 8:00,3.269
6/23/2024 9:00,3.248
6/23/2024 10:00,3.255
6/23/2024 11:00,3.254
6/23/2024 12:00,3.237
6/23/2024 13:00,3.229
6/23/2024 14:00,3.237
6/23/2024 15:00,3.222
6/23/2024 16:00,3.166
6/23/2024 17:00,3.173
6/23/2024 18:00,3.195
6/23/2024 19:00,3.192
6/23/2024 20:00,3.197
6/23/2024 21:00,3.191
6/23/2024 22:00,3.198
6/23/2024 23:00,3.202
6/24/2024 0:00,3.193
6/24/2024 1:00,3.133
6/24/2024 2:00,3.069
6/24/2024 3:00,3.078
6/24/2024 4:00,3.105
6/24/2024 5:00,3.09
6/24/2024 6:00,3.046
6/24/2024 7:00,3.063
6/24/2024 8:00,3.09
6/24/2024 9:00,3.095
6/24/2024 10:00,3.092
6/24/2024 11:00,3.013
6/24/2024 12:00,3.008
6/24/2024 13:00,2.946
6/24/2024 14:00,2.952
6/24/2024 15:00,2.912
6/24/2024 16:00,2.909
6/24/2024 17:00,2.914
6/24/2024 18:00,2.965
6/24/2024 19:00,2.96
6/24/2024 20:00,2.928
6/24/2024 21:00,2.898
6/24/2024 22:00,2.871
6/24/2024 23:00,2.802
6/25/2024 0:00,2.79
6/25/2024 1:00,2.8
6/25/2024 2:00,2.785
6/25/2024 3:00,2.796
6/25/2024 4:00,2.77
6/25/2024 5:00,2.791
6/25/2024 6:00,2.769
6/25/2024 7:00,2.791
6/25/2024 8:00,2.767
6/25/2024 9:00,2.765
6/25/2024 10:00,2.774
6/25/2024 11:00,2.759
6/25/2024 12:00,2.699
6/25/2024 13:00,2.616
6/25/2024 14:00,2.587
6/25/2024 15:00,2.563
6/25/2024 16:00,2.515
6/25/2024 17:00,2.518
6/25/2024 18:00,2.472
6/25/2024 19:00,2.478
6/25/2024 20:00,2.455
6/25/2024 21:00,2.468
6/25/2024 22:00,2.455
6/25/2024 23:00,2.461
6/26/2024 0:00,2.481
6/26/2024 1:00,2.447
6/26/2024 2:00,2.44
6/26/2024 3:00,2.452
6/26/2024 4:00,2.459
6/26/2024 5:00,2.459
6/26/2024 6:00,2.446
6/26/2024 7:00,2.462
6/26/2024 8:00,2.462
6/26/2024 9:00,2.474
6/26/2024 10:00,2.464
6/26/2024 11:00,2.46
6/26/2024 12:00,2.457
6/26/2024 13:00,2.46
6/26/2024 14:00,2.451
6/26/2024 15:00,2.452
6/26/2024 16:00,2.461
6/26/2024 17:00,2.495
6/26/2024 18:00,2.53
6/26/2024 19:00,2.54
6/26/2024 20:00,2.558
6/26/2024 21:00,2.557
6/26/2024 22:00,2.552
6/26/2024 23:00,2.594
6/27/2024 0:00,2.648
6/27/2024 1:00,2.72
6/27/2024 2:00,2.77
6/27/2024 3:00,2.81
6/27/2024 4:00,2.842
6/27/2024 5:00,2.87
6/27/2024 6:00,2.879
6/27/2024 7:00,2.917
6/27/2024 8:00,2.978
6/27/2024 9:00,2.992
6/27/2024 10:00,3.007
6/27/2024 11:00,2.995
6/27/2024 12:00,2.991
6/27/2024 13:00,3.026
6/27/2024 14:00,3.009
6/27/2024 15:00,2.968
6/27/2024 16:00,2.982
6/27/2024 17:00,2.967
6/27/2024 18:00,2.988
6/27/2024 19:00,2.982
6/27/2024 20:00,2.99
6/27/2024 21:00,2.983
6/27/2024 22:00,2.981
6/27/2024 23:00,3.084
6/28/2024 0:00,3.186
6/28/2024 1:00,3.226
6/28/2024 2:00,3.248
6/28/2024 3:00,3.265
6/28/2024 4:00,3.257
6/28/2024 5:00,3.257
6/28/2024 6:00,3.282
6/28/2024 7:00,3.302
6/28/2024 8:00,3.306
6/28/2024 9:00,3.313
6/28/2024 10:00,3.283
6/28/2024 11:00,3.275
6/28/2024 12:00,3.284
6/28/2024 13:00,3.275
6/28/2024 14:00,3.261
6/28/2024 15:00,3.23
6/28/2024 16:00,3.244
6/28/2024 17:00,3.297
6/28/2024 18:00,3.265
6/28/2024 19:00,3.311
6/28/2024 20:00,3.258
6/28/2024 21:00,3.245
6/28/2024 22:00,3.239
6/28/2024 23:00,3.208
6/29/2024 0:00,3.186
6/29/2024 1:00,3.149
6/29/2024 2:00,3.163
6/29/2024 3:00,3.193
6/29/2024 4:00,3.155
6/29/2024 5:00,3.127
6/29/2024 6:00,3.139
6/29/2024 7:00,3.144
6/29/2024 8:00,3.117
6/29/2024 9:00,3.097
6/29/2024 10:00,3.091
6/29/2024 11:00,3.095
6/29/2024 12:00,3.092
6/29/2024 13:00,3.072
6/29/2024 14:00,3.077
6/29/2024 15:00,3.084
6/29/2024 16:00,3.063
6/29/2024 17:00,3.079
6/29/2024 18:00,3.07
6/29/2024 19:00,3.061
6/29/2024 20:00,3.071
6/29/2024 21:00,3.053
6/29/2024 22:00,3.072
6/29/2024 23:00,3.068
6/30/2024 0:00,3.028
6/30/2024 1:00,3.026
6/30/2024 2:00,3.001
6/30/2024 3:00,2.992
6/30/2024 4:00,2.994
6/30/2024 5:00,2.991
6/30/2024 6:00,2.985
6/30/2024 7:00,2.985
6/30/2024 8:00,2.981
6/30/2024 9:00,2.969
6/30/2024 10:00,2.967
6/30/2024 11:00,2.957
6/30/2024 12:00,2.945
6/30/2024 13:00,2.969
6/30/2024 14:00,2.842
6/30/2024 15:00,2.794
6/30/2024 16:00,2.767
6/30/2024 17:00,2.755
6/30/2024 18:00,2.734
6/30/2024 19:00,2.627
6/30/2024 20:00,2.552
6/30/2024 21:00,2.526
6/30/2024 22:00,2.529
6/30/2024 23:00,2.494
7/1/2024 0:00,2.484
7/1/2024 1:00,2.493
7/1/2024 2:00,2.488
7/1/2024 3:00,2.504
7/1/2024 4:00,2.514
7/1/2024 5:00,2.52
7/1/2024 6:00,2.549
7/1/2024 7:00,2.521
7/1/2024 8:00,2.529
7/1/2024 9:00,2.53
7/1/2024 10:00,2.532
7/1/2024 11:00,2.521
7/1/2024 12:00,2.527
7/1/2024 13:00,2.526
7/1/2024 14:00,2.517
7/1/2024 15:00,2.505
7/1/2024 16:00,2.491
7/1/2024 17:00,2.517
7/1/2024 18:00,2.489
7/1/2024 19:00,2.472
7/1/2024 20:00,2.475
7/1/2024 21:00,2.484
7/1/2024 22:00,2.475
7/1/2024 23:00,2.514
7/2/2024 0:00,2.521
7/2/2024 1:00,2.491
7/2/2024 2:00,2.508
7/2/2024 3:00,2.506
7/2/2024 4:00,2.526
7/2/2024 5:00,2.512
7/2/2024 6:00,2.552
7/2/2024 7:00,2.578
7/2/2024 8:00,2.61
7/2/2024 9:00,2.588
7/2/2024 10:00,2.621
7/2/2024 11:00,2.618
7/2/2024 12:00,2.749
7/2/2024 13:00,2.701
7/2/2024 14:00,2.676
7/2/2024 15:00,2.658
7/2/2024 16:00,2.634
7/2/2024 17:00,2.557
7/2/2024 18:00,2.512
7/2/2024 19:00,2.499
7/2/2024 20:00,2.517
7/2/2024 21:00,2.487
7/2/2024 22:00,2.5
7/2/2024 23:00,2.474
7/3/2024 0:00,2.47
7/3/2024 1:00,2.492
7/3/2024 2:00,2.466
7/3/2024 3:00,2.458
7/3/2024 4:00,2.458
7/3/2024 5:00,2.45
7/3/2024 6:00,2.449
7/3/2024 7:00,2.452
7/3/2024 8:00,2.436
7/3/2024 9:00,2.445
7/3/2024 10:00,2.46
7/3/2024 11:00,2.466
7/3/2024 12:00,2.443
7/3/2024 13:00,2.394
7/3/2024 14:00,2.362
7/3/2024 15:00,2.209
7/3/2024 16:00,2.159
7/3/2024 17:00,2.128
7/3/2024 18:00,2.129
7/3/2024 19:00,2.174
7/3/2024 20:00,2.177
7/3/2024 21:00,2.158
7/3/2024 22:00,2.103
7/3/2024 23:00,2.064
7/4/2024 0:00,2.043
7/4/2024 1:00,2.04
7/4/2024 2:00,2.011
7/4/2024 3:00,2.005
7/4/2024 4:00,1.975
7/4/2024 5:00,1.988
7/4/2024 6:00,1.941
7/4/2024 7:00,1.925
7/4/2024 8:00,1.924
7/4/2024 9:00,1.882
7/4/2024 10:00,1.861
7/4/2024 11:00,1.836
7/4/2024 12:00,1.833
7/4/2024 13:00,1.816
7/4/2024 14:00,1.801
7/4/2024 15:00,1.8
7/4/2024 16:00,1.785
7/4/2024 17:00,1.788
7/4/2024 18:00,1.794
7/4/2024 19:00,1.787
7/4/2024 20:00,1.785
7/4/2024 21:00,1.791
7/4/2024 22:00,1.783
7/4/2024 23:00,1.762
7/5/2024 0:00,1.757
7/5/2024 1:00,1.753
7/5/2024 2:00,1.742
7/5/2024 3:00,1.738
7/5/2024 4:00,1.726
7/5/2024 5:00,1.716
7/5/2024 6:00,1.703
7/5/2024 7:00,1.69
7/5/2024 8:00,1.687
7/5/2024 9:00,1.681
7/5/2024 10:00,1.68
7/5/2024 11:00,1.676
7/5/2024 12:00,1.677
7/5/2024 13:00,1.685
7/5/2024 14:00,1.671
7/5/2024 15:00,1.662
7/5/2024 16:00,1.663
7/5/2024 17:00,1.634
7/5/2024 18:00,1.651
7/5/2024 19:00,1.636
7/5/2024 20:00,1.645
7/5/2024 21:00,1.635
7/5/2024 22:00,1.617
7/5/2024 23:00,1.618
7/6/2024 0:00,1.604
7/6/2024 1:00,1.596
7/6/2024 2:00,1.587
7/6/2024 3:00,1.579
7/6/2024 4:00,1.566
7/6/2024 5:00,1.562
7/6/2024 6:00,1.555
7/6/2024 7:00,1.557
7/6/2024 8:00,1.551
7/6/2024 9:00,1.54
7/6/2024 10:00,1.554
7/6/2024 11:00,1.545
7/6/2024 12:00,1.536
7/6/2024 13:00,1.541
7/6/2024 14:00,1.53
7/6/2024 15:00,1.532
7/6/2024 16:00,1.523
7/6/2024 17:00,1.512
7/6/2024 18:00,1.528
7/6/2024 19:00,1.521
7/6/2024 20:00,1.511
7/6/2024 21:00,1.508
7/6/2024 22:00,1.499
7/6/2024 23:00,1.484
7/7/2024 0:00,1.477
7/7/2024 1:00,1.468
7/7/2024 2:00,1.468
7/7/2024 3:00,1.457
7/7/2024 4:00,1.448
7/7/2024 5:00,1.447
7/7/2024 6:00,1.44
7/7/2024 7:00,1.436
7/7/2024 8:00,1.434
7/7/2024 9:00,1.439
7/7/2024 10:00,1.434
7/7/2024 11:00,1.44
7/7/2024 12:00,1.449
7/7/2024 13:00,1.426
7/7/2024 14:00,1.443
7/7/2024 15:00,1.445
7/7/2024 16:00,1.432
7/7/2024 17:00,1.422
7/7/2024 18:00,1.435
7/7/2024 19:00,1.427
7/7/2024 20:00,1.436
7/7/2024 21:00,1.432
7/7/2024 22:00,1.429
7/7/2024 23:00,1.422
7/8/2024 0:00,1.418
7/8/2024 1:00,1.409
7/8/2024 2:00,1.407
7/8/2024 3:00,1.391
7/8/2024 4:00,1.393
7/8/2024 5:00,1.386
7/8/2024 6:00,1.394
7/8/2024 7:00,1.386
7/8/2024 8:00,1.383
7/8/2024 9:00,1.382
7/8/2024 10:00,1.385
7/8/2024 11:00,1.377
7/8/2024 12:00,1.387
7/8/2024 13:00,1.386
7/8/2024 14:00,1.392
7/8/2024 15:00,1.383
7/8/2024 16:00,1.376
7/8/2024 17:00,1.378
7/8/2024 18:00,1.379
7/8/2024 19:00,1.373
7/8/2024 20:00,1.391
7/8/2024 21:00,1.385
7/8/2024 22:00,1.381
7/8/2024 23:00,1.375
7/9/2024 0:00,1.371
7/9/2024 1:00,1.349
7/9/2024 2:00,1.351
7/9/2024 3:00,1.355
7/9/2024 4:00,1.341
7/9/2024 5:00,1.344
7/9/2024 6:00,1.331
7/9/2024 7:00,1.336
7/9/2024 8:00,1.327
7/9/2024 9:00,1.334
7/9/2024 10:00,1.328
7/9/2024 11:00,1.325
7/9/2024 12:00,1.34
7/9/2024 13:00,1.334
7/9/2024 14:00,1.35
7/9/2024 15:00,1.348
7/9/2024 16:00,1.349
7/9/2024 17:00,1.339
7/9/2024 18:00,1.34
7/9/2024 19:00,1.345
7/9/2024 20:00,1.349
7/9/2024 21:00,1.354
7/9/2024 22:00,1.344
7/9/2024 23:00,1.321
7/10/2024 0:00,1.315
7/10/2024 1:00,1.313
7/10/2024 2:00,1.303
7/10/2024 3:00,1.304
7/10/2024 4:00,1.287
7/10/2024 5:00,1.277
7/10/2024 6:00,1.277
7/10/2024 7:00,1.261
7/10/2024 8:00,1.255
7/10/2024 9:00,1.259
7/10/2024 10:00,1.252
7/10/2024 11:00,1.252
7/10/2024 12:00,1.254
7/10/2024 13:00,1.237
7/10/2024 14:00,1.242
7/10/2024 15:00,1.229
7/10/2024 16:00,1.245
7/10/2024 17:00,1.248
7/10/2024 18:00,1.235
7/10/2024 19:00,1.231
7/10/2024 20:00,1.252
7/10/2024 21:00,1.246
7/10/2024 22:00,1.234
7/10/2024 23:00,1.231
7/11/2024 0:00,1.236
7/11/2024 1:00,1.228
7/11/2024 2:00,1.233
7/11/2024 3:00,1.215
7/11/2024 4:00,1.22
7/11/2024 5:00,1.212
7/11/2024 6:00,1.208
7/11/2024 7:00,1.217
7/11/2024 8:00,1.205
7/11/2024 9:00,1.204
7/11/2024 10:00,1.204
7/11/2024 11:00,1.198
7/11/2024 12:00,1.201
7/11/2024 13:00,1.203
7/11/2024 14:00,1.202
7/11/2024 15:00,1.208
7/11/2024 16:00,1.194
7/11/2024 17:00,1.194
7/11/2024 18:00,1.206
7/11/2024 19:00,1.197
7/11/2024 20:00,1.208
7/11/2024 21:00,1.206
7/11/2024 22:00,1.208
7/11/2024 23:00,1.193
7/12/2024 0:00,1.193
7/12/2024 1:00,1.197
7/12/2024 2:00,1.176
7/12/2024 3:00,1.183
7/12/2024 4:00,1.172
7/12/2024 5:00,1.164
7/12/2024 6:00,1.158
7/12/2024 7:00,1.158
7/12/2024 8:00,1.158
7/12/2024 9:00,1.149
7/12/2024 10:00,1.149
7/12/2024 11:00,1.15
7/12/2024 12:00,1.149
7/12/2024 13:00,1.151
7/12/2024 14:00,1.142
7/12/2024 15:00,1.15
7/12/2024 16:00,1.141
7/12/2024 17:00,1.145
7/12/2024 18:00,1.131
7/12/2024 19:00,1.144
7/12/2024 20:00,1.151
7/12/2024 21:00,1.157
7/12/2024 22:00,1.146
7/12/2024 23:00,1.148
7/13/2024 0:00,1.144
7/13/2024 1:00,1.129
7/13/2024 2:00,1.128
7/13/2024 3:00,1.132
7/13/2024 4:00,1.127
7/13/2024 5:00,1.124
7/13/2024 6:00,1.129
7/13/2024 7:00,1.121
7/13/2024 8:00,1.125
7/13/2024 9:00,1.126
7/13/2024 10:00,1.118
7/13/2024 11:00,1.124
7/13/2024 12:00,1.113
7/13/2024 13:00,1.117
7/13/2024 14:00,1.119
7/13/2024 15:00,1.128
7/13/2024 16:00,1.113
7/13/2024 17:00,1.118
7/13/2024 18:00,1.101
7/13/2024 19:00,1.115
7/13/2024 20:00,1.13
7/13/2024 21:00,1.126
7/13/2024 22:00,1.124
7/13/2024 23:00,1.118
7/14/2024 0:00,1.117
7/14/2024 1:00,1.114
7/14/2024 2:00,1.113
7/14/2024 3:00,1.11
7/14/2024 4:00,1.097
7/14/2024 5:00,1.088
7/14/2024 6:00,1.093
7/14/2024 7:00,1.097
7/14/2024 8:00,1.087
7/14/2024 9:00,1.081
7/14/2024 10:00,1.092
7/14/2024 11:00,1.098
7/14/2024 12:00,1.099
7/14/2024 13:00,1.101
7/14/2024 14:00,1.095
7/14/2024 15:00,1.089
7/14/2024 16:00,1.092
7/14/2024 17:00,1.098
7/14/2024 18:00,1.098
7/14/2024 19:00,1.111
7/14/2024 20:00,1.101
7/14/2024 21:00,1.114
7/14/2024 22:00,1.098
7/14/2024 23:00,1.104
7/15/2024 0:00,1.097
7/15/2024 1:00,1.093
7/15/2024 2:00,1.094
7/15/2024 3:00,1.086
7/15/2024 4:00,1.085
7/15/2024 5:00,1.087
7/15/2024 6:00,1.089
7/15/2024 7:00,1.094
7/15/2024 8:00,1.097
7/15/2024 9:00,1.094
7/15/2024 10:00,1.088
7/15/2024 11:00,1.086
7/15/2024 12:00,1.094
7/15/2024 13:00,1.093
7/15/2024 14:00,1.107
7/15/2024 15:00,1.108
7/15/2024 16:00,1.099
7/15/2024 17:00,1.115
7/15/2024 18:00,1.123
7/15/2024 19:00,1.118
7/15/2024 20:00,1.112
7/15/2024 21:00,1.117
7/15/2024 22:00,1.108
7/15/2024 23:00,1.099
7/16/2024 0:00,1.096
7/16/2024 1:00,1.1
7/16/2024 2:00,1.097
7/16/2024 3:00,1.095
7/16/2024 4:00,1.099
7/16/2024 5:00,1.094
7/16/2024 6:00,1.105
7/16/2024 7:00,1.102
7/16/2024 8:00,1.096
7/16/2024 9:00,1.095
7/16/2024 10:00,1.105
7/16/2024 11:00,1.114
7/16/2024 12:00,1.1
7/16/2024 13:00,1.11
7/16/2024 14:00,1.123
7/16/2024 15:00,1.138
7/16/2024 16:00,1.12
7/16/2024 17:00,1.132
7/16/2024 18:00,1.134
7/16/2024 19:00,1.127
7/16/2024 20:00,1.139
7/16/2024 21:00,1.137
7/16/2024 22:00,1.135
7/16/2024 23:00,1.135
7/17/2024 0:00,1.123
7/17/2024 1:00,1.127
7/17/2024 2:00,1.116
7/17/2024 3:00,1.115
7/17/2024 4:00,1.121
7/17/2024 5:00,1.108
7/17/2024 6:00,1.12
7/17/2024 7:00,1.123
7/17/2024 8:00,1.124
7/17/2024 9:00,1.126
7/17/2024 10:00,1.131
7/17/2024 11:00,1.127
7/17/2024 12:00,1.136
7/17/2024 13:00,1.136
7/17/2024 14:00,1.135
7/17/2024 15:00,1.13
7/17/2024 16:00,1.14
7/17/2024 17:00,1.152
7/17/2024 18:00,1.146
7/17/2024 19:00,1.146
7/17/2024 20:00,1.152
7/17/2024 21:00,1.152
7/17/2024 22:00,1.144
7/17/2024 23:00,1.139
7/18/2024 0:00,1.127
7/18/2024 1:00,1.135
7/18/2024 2:00,1.127
7/18/2024 3:00,1.124
7/18/2024 4:00,1.117
7/18/2024 5:00,1.115
7/18/2024 6:00,1.106
7/18/2024 7:00,1.114
7/18/2024 8:00,1.111
7/18/2024 9:00,1.109
7/18/2024 10:00,1.106
7/18/2024 11:00,1.112
7/18/2024 12:00,1.122
7/18/2024 13:00,1.117
7/18/2024 14:00,1.128
7/18/2024 15:00,1.153
7/18/2024 16:00,1.136
7/18/2024 17:00,1.139
7/18/2024 18:00,1.142
7/18/2024 19:00,1.162
7/18/2024 20:00,1.163
7/18/2024 21:00,1.167
7/18/2024 22:00,1.178
7/18/2024 23:00,1.168
7/19/2024 0:00,1.167
7/19/2024 1:00,1.166
7/19/2024 2:00,1.171
7/19/2024 3:00,1.174
7/19/2024 4:00,1.162
7/19/2024 5:00,1.17
7/19/2024 6:00,1.17
7/19/2024 7:00,1.168
7/19/2024 8:00,1.158
7/19/2024 9:00,1.165
7/19/2024 10:00,1.161
7/19/2024 11:00,1.164
7/19/2024 12:00,1.164
7/19/2024 13:00,1.168
7/19/2024 14:00,1.166
7/19/2024 15:00,1.161
7/19/2024 16:00,1.166
7/19/2024 17:00,1.17
7/19/2024 18:00,1.187
7/19/2024 19:00,1.176
7/19/2024 20:00,1.198
7/19/2024 21:00,1.199
7/19/2024 22:00,1.213
7/19/2024 23:00,1.214
7/20/2024 0:00,1.212
7/20/2024 1:00,1.217
7/20/2024 2:00,1.218
7/20/2024 3:00,1.216
7/20/2024 4:00,1.208
7/20/2024 5:00,1.222
7/20/2024 6:00,1.212
7/20/2024 7:00,1.206
7/20/2024 8:00,1.205
7/20/2024 9:00,1.209
7/20/2024 10:00,1.205
7/20/2024 11:00,1.211
7/20/2024 12:00,1.2
7/20/2024 13:00,1.194
7/20/2024 14:00,1.188
7/20/2024 15:00,1.186
7/20/2024 16:00,1.172
7/20/2024 17:00,1.176
7/20/2024 18:00,1.18
7/20/2024 19:00,1.179
7/20/2024 20:00,1.191
7/20/2024 21:00,1.191
7/20/2024 22:00,1.195
7/20/2024 23:00,1.198
7/21/2024 0:00,1.19
7/21/2024 1:00,1.184
7/21/2024 2:00,1.177
7/21/2024 3:00,1.175
7/21/2024 4:00,1.173
7/21/2024 5:00,1.166
7/21/2024 6:00,1.16
7/21/2024 7:00,1.162
7/21/2024 8:00,1.16
7/21/2024 9:00,1.153
7/21/2024 10:00,1.151
7/21/2024 11:00,1.151
7/21/2024 12:00,1.155
7/21/2024 13:00,1.158
7/21/2024 14:00,1.155
7/21/2024 15:00,1.159
7/21/2024 16:00,1.136
7/21/2024 17:00,1.137
7/21/2024 18:00,1.156
7/21/2024 19:00,1.16
7/21/2024 20:00,1.155
7/21/2024 21:00,1.153
7/21/2024 22:00,1.144
7/21/2024 23:00,1.147
7/22/2024 0:00,1.147
7/22/2024 1:00,1.143
7/22/2024 2:00,1.14
7/22/2024 3:00,1.144
7/22/2024 4:00,1.138
7/22/2024 5:00,1.139
7/22/2024 6:00,1.135
7/22/2024 7:00,1.144
7/22/2024 8:00,1.141
7/22/2024 9:00,1.142
7/22/2024 10:00,1.137
7/22/2024 11:00,1.121
7/22/2024 12:00,1.125
7/22/2024 13:00,1.115
7/22/2024 14:00,1.125
7/22/2024 15:00,1.166
7/22/2024 16:00,1.339
7/22/2024 17:00,1.231
7/22/2024 18:00,1.174
7/22/2024 19:00,1.166
7/22/2024 20:00,1.154
7/22/2024 21:00,1.159
7/22/2024 22:00,1.151
7/22/2024 23:00,1.147
7/23/2024 0:00,1.144
7/23/2024 1:00,1.138
7/23/2024 2:00,1.142
7/23/2024 3:00,1.128
7/23/2024 4:00,1.13
7/23/2024 5:00,1.121
7/23/2024 6:00,1.125
7/23/2024 7:00,1.118
7/23/2024 8:00,1.113
7/23/2024 9:00,1.112
7/23/2024 10:00,1.114
7/23/2024 11:00,1.116
7/23/2024 12:00,1.134
7/23/2024 13:00,1.138
7/23/2024 14:00,1.136
7/23/2024 15:00,1.126
7/23/2024 16:00,1.12
7/23/2024 17:00,1.129
7/23/2024 18:00,1.118
7/23/2024 19:00,1.132
7/23/2024 20:00,1.142
7/23/2024 21:00,1.168
7/23/2024 22:00,1.131
7/23/2024 23:00,1.127
7/24/2024 0:00,1.125
7/24/2024 1:00,1.116
7/24/2024 2:00,1.114
7/24/2024 3:00,1.118
7/24/2024 4:00,1.115
7/24/2024 5:00,1.109
7/24/2024 6:00,1.109
7/24/2024 7:00,1.11
7/24/2024 8:00,1.106
7/24/2024 9:00,1.104
7/24/2024 10:00,1.111
7/24/2024 11:00,1.117
7/24/2024 12:00,1.107
7/24/2024 13:00,1.112
7/24/2024 14:00,1.113
7/24/2024 15:00,1.104
7/24/2024 16:00,1.112
7/24/2024 17:00,1.123
7/24/2024 18:00,1.102
7/24/2024 19:00,1.109
7/24/2024 20:00,1.109
7/24/2024 21:00,1.123
7/24/2024 22:00,1.116
7/24/2024 23:00,1.113
7/25/2024 0:00,1.109
7/25/2024 1:00,1.108
7/25/2024 2:00,1.116
7/25/2024 3:00,1.122
7/25/2024 4:00,1.186
7/25/2024 5:00,1.205
7/25/2024 6:00,1.209
7/25/2024 7:00,1.204
7/25/2024 8:00,1.215
7/25/2024 9:00,1.213
7/25/2024 10:00,1.222
7/25/2024 11:00,1.233
7/25/2024 12:00,1.248
7/25/2024 13:00,1.245
7/25/2024 14:00,1.328
7/25/2024 15:00,1.338
7/25/2024 16:00,1.343
7/25/2024 17:00,1.361
7/25/2024 18:00,1.345
7/25/2024 19:00,1.292
7/25/2024 20:00,1.256
7/25/2024 21:00,1.251
7/25/2024 22:00,1.256
7/25/2024 23:00,1.248
7/26/2024 0:00,1.248
7/26/2024 1:00,1.242
7/26/2024 2:00,1.252
7/26/2024 3:00,1.247
7/26/2024 4:00,1.238
7/26/2024 5:00,1.226
7/26/2024 6:00,1.226
7/26/2024 7:00,1.232
7/26/2024 8:00,1.226
7/26/2024 9:00,1.227
7/26/2024 10:00,1.221
7/26/2024 11:00,1.233
7/26/2024 12:00,1.23
7/26/2024 13:00,1.239
7/26/2024 14:00,1.237
7/26/2024 15:00,1.219
7/26/2024 16:00,1.224
7/26/2024 17:00,1.218
7/26/2024 18:00,1.222
7/26/2024 19:00,1.238
7/26/2024 20:00,1.243
7/26/2024 21:00,1.236
7/26/2024 22:00,1.241
7/26/2024 23:00,1.232
7/27/2024 0:00,1.231
7/27/2024 1:00,1.223
7/27/2024 2:00,1.237
7/27/2024 3:00,1.234
7/27/2024 4:00,1.232
7/27/2024 5:00,1.233
7/27/2024 6:00,1.244
7/27/2024 7:00,1.24
7/27/2024 8:00,1.23
7/27/2024 9:00,1.234
7/27/2024 10:00,1.235
7/27/2024 11:00,1.242
7/27/2024 12:00,1.246
7/27/2024 13:00,1.237
7/27/2024 14:00,1.232
7/27/2024 15:00,1.23
7/27/2024 16:00,1.236
7/27/2024 17:00,1.222
7/27/2024 18:00,1.237
7/27/2024 19:00,1.237
7/27/2024 20:00,1.235
7/27/2024 21:00,1.227
7/27/2024 22:00,1.232
7/27/2024 23:00,1.232
7/28/2024 0:00,1.234
7/28/2024 1:00,1.227
7/28/2024 2:00,1.227
7/28/2024 3:00,1.223
7/28/2024 4:00,1.225
7/28/2024 5:00,1.219
7/28/2024 6:00,1.221
7/28/2024 7:00,1.216
7/28/2024 8:00,1.218
7/28/2024 9:00,1.213
7/28/2024 10:00,1.214
7/28/2024 11:00,1.212
7/28/2024 12:00,1.215
7/28/2024 13:00,1.214
7/28/2024 14:00,1.21
7/28/2024 15:00,1.205
7/28/2024 16:00,1.193
7/28/2024 17:00,1.191
7/28/2024 18:00,1.198
7/28/2024 19:00,1.203
7/28/2024 20:00,1.207
7/28/2024 21:00,1.203
7/28/2024 22:00,1.201
7/28/2024 23:00,1.191
7/29/2024 0:00,1.194
7/29/2024 1:00,1.2
7/29/2024 2:00,1.197
7/29/2024 3:00,1.19
7/29/2024 4:00,1.183
7/29/2024 5:00,1.181
7/29/2024 6:00,1.192
7/29/2024 7:00,1.178
7/29/2024 8:00,1.186
7/29/2024 9:00,1.183
7/29/2024 10:00,1.184
7/29/2024 11:00,1.192
7/29/2024 12:00,1.18
7/29/2024 13:00,1.167
7/29/2024 14:00,1.18
7/29/2024 15:00,1.166
7/29/2024 16:00,1.16
7/29/2024 17:00,1.164
7/29/2024 18:00,1.162
7/29/2024 19:00,1.159
7/29/2024 20:00,1.156
7/29/2024 21:00,1.182
7/29/2024 22:00,1.177
7/29/2024 23:00,1.174
7/30/2024 0:00,1.176
7/30/2024 1:00,1.178
7/30/2024 2:00,1.172
7/30/2024 3:00,1.169
7/30/2024 4:00,1.158
7/30/2024 5:00,1.161
7/30/2024 6:00,1.166
7/30/2024 7:00,1.17
7/30/2024 8:00,1.163
7/30/2024 9:00,1.163
7/30/2024 10:00,1.17
7/30/2024 11:00,1.168
7/30/2024 12:00,1.167
7/30/2024 13:00,1.16
7/30/2024 14:00,1.173
7/30/2024 15:00,1.156
7/30/2024 16:00,1.156
7/30/2024 17:00,1.143
7/30/2024 18:00,1.164
7/30/2024 19:00,1.159
7/30/2024 20:00,1.161
7/30/2024 21:00,1.165
7/30/2024 22:00,1.17
7/30/2024 23:00,1.173
7/31/2024 0:00,1.167
7/31/2024 1:00,1.168
7/31/2024 2:00,1.165
7/31/2024 3:00,1.18
7/31/2024 4:00,1.17
7/31/2024 5:00,1.168
7/31/2024 6:00,1.163
7/31/2024 7:00,1.157
7/31/2024 8:00,1.16
7/31/2024 9:00,1.158
7/31/2024 10:00,1.166
7/31/2024 11:00,1.168
7/31/2024 12:00,1.168
7/31/2024 13:00,1.174
7/31/2024 14:00,1.176
7/31/2024 15:00,1.168
7/31/2024 16:00,1.168
7/31/2024 17:00,1.166
7/31/2024 18:00,1.175
7/31/2024 19:00,1.195
7/31/2024 20:00,1.191
7/31/2024 21:00,1.204
7/31/2024 22:00,1.189
7/31/2024 23:00,1.196
8/1/2024 0:00,1.189
8/1/2024 1:00,1.189
8/1/2024 2:00,1.189
8/1/2024 3:00,1.186
8/1/2024 4:00,1.176
8/1/2024 5:00,1.135
8/1/2024 6:00,1.098
8/1/2024 7:00,1.096
8/1/2024 8:00,1.087
8/1/2024 9:00,1.082
8/1/2024 10:00,1.098
8/1/2024 11:00,1.11
8/1/2024 12:00,1.097
8/1/2024 13:00,1.095
8/1/2024 14:00,1.091
8/1/2024 15:00,1.082
8/1/2024 16:00,1.075
8/1/2024 17:00,1.08
8/1/2024 18:00,1.087
8/1/2024 19:00,1.096
8/1/2024 20:00,1.09
8/1/2024 21:00,1.089
8/1/2024 22:00,1.084
8/1/2024 23:00,1.088
8/2/2024 0:00,1.086
8/2/2024 1:00,1.074
8/2/2024 2:00,1.083
8/2/2024 3:00,1.081
8/2/2024 4:00,1.077
8/2/2024 5:00,1.066
8/2/2024 6:00,1.07
8/2/2024 7:00,1.069
8/2/2024 8:00,1.058
8/2/2024 9:00,1.064
8/2/2024 10:00,1.067
8/2/2024 11:00,1.065
8/2/2024 12:00,1.067
8/2/2024 13:00,1.069
8/2/2024 14:00,1.073
8/2/2024 15:00,1.068
8/2/2024 16:00,1.051
8/2/2024 17:00,1.047
8/2/2024 18:00,1.051
8/2/2024 19:00,1.064
8/2/2024 20:00,1.067
8/2/2024 21:00,1.069
8/2/2024 22:00,1.066
8/2/2024 23:00,1.059
8/3/2024 0:00,1.072
8/3/2024 1:00,1.059
8/3/2024 2:00,1.065
8/3/2024 3:00,1.062
8/3/2024 4:00,1.063
8/3/2024 5:00,1.049
8/3/2024 6:00,1.056
8/3/2024 7:00,1.057
8/3/2024 8:00,1.055
8/3/2024 9:00,1.057
8/3/2024 10:00,1.063
8/3/2024 11:00,1.052
8/3/2024 12:00,1.056
8/3/2024 13:00,1.055
8/3/2024 14:00,1.046
8/3/2024 15:00,1.056
8/3/2024 16:00,1.037
8/3/2024 17:00,1.034
8/3/2024 18:00,1.065
8/3/2024 19:00,1.073
8/3/2024 20:00,1.072
8/3/2024 21:00,1.064
8/3/2024 22:00,1.073
8/3/2024 23:00,1.066
8/4/2024 0:00,1.063
8/4/2024 1:00,1.062
8/4/2024 2:00,1.058
8/4/2024 3:00,1.062
8/4/2024 4:00,1.053
8/4/2024 5:00,1.047
8/4/2024 6:00,1.048
8/4/2024 7:00,1.042
8/4/2024 8:00,1.043
8/4/2024 9:00,1.041
8/4/2024 10:00,1.046
8/4/2024 11:00,1.05
8/4/2024 12:00,1.045
8/4/2024 13:00,1.051
8/4/2024 14:00,1.051
8/4/2024 15:00,1.041
8/4/2024 16:00,1.03
8/4/2024 17:00,1.031
8/4/2024 18:00,1.045
8/4/2024 19:00,1.045
8/4/2024 20:00,1.042
8/4/2024 21:00,1.04
8/4/2024 22:00,1.042
8/4/2024 23:00,1.045
8/5/2024 0:00,1.052
8/5/2024 1:00,1.053
8/5/2024 2:00,1.069
8/5/2024 3:00,1.066
8/5/2024 4:00,1.066
8/5/2024 5:00,1.065
8/5/2024 6:00,1.066
8/5/2024 7:00,1.067
8/5/2024 8:00,1.083
8/5/2024 9:00,1.092
8/5/2024 10:00,1.096
8/5/2024 11:00,1.111
8/5/2024 12:00,1.114
8/5/2024 13:00,1.088
8/5/2024 14:00,1.086
8/5/2024 15:00,1.097
8/5/2024 16:00,1.096
8/5/2024 17:00,1.079
8/5/2024 18:00,1.086
8/5/2024 19:00,1.094
8/5/2024 20:00,1.102
8/5/2024 21:00,1.097
8/5/2024 22:00,1.101
8/5/2024 23:00,1.097
8/6/2024 0:00,1.095
8/6/2024 1:00,1.088
8/6/2024 2:00,1.087
8/6/2024 3:00,1.079
8/6/2024 4:00,1.085
8/6/2024 5:00,1.086
8/6/2024 6:00,1.082
8/6/2024 7:00,1.085
8/6/2024 8:00,1.081
8/6/2024 9:00,1.077
8/6/2024 10:00,1.082
8/6/2024 11:00,1.084
8/6/2024 12:00,1.084
8/6/2024 13:00,1.094
8/6/2024 14:00,1.087
8/6/2024 15:00,1.097
8/6/2024 16:00,1.089
8/6/2024 17:00,1.098
8/6/2024 18:00,1.122
8/6/2024 19:00,1.116
8/6/2024 20:00,1.13
8/6/2024 21:00,1.128
8/6/2024 22:00,1.136
8/6/2024 23:00,1.125
8/7/2024 0:00,1.117
8/7/2024 1:00,1.116
8/7/2024 2:00,1.103
8/7/2024 3:00,1.111
8/7/2024 4:00,1.091
8/7/2024 5:00,1.106
8/7/2024 6:00,1.092
8/7/2024 7:00,1.098
8/7/2024 8:00,1.09
8/7/2024 9:00,1.09
8/7/2024 10:00,1.088
8/7/2024 11:00,1.1
8/7/2024 12:00,1.11
8/7/2024 13:00,1.102
8/7/2024 14:00,1.116
8/7/2024 15:00,1.099
8/7/2024 16:00,1.09
8/7/2024 17:00,1.099
8/7/2024 18:00,1.1
8/7/2024 19:00,1.101
8/7/2024 20:00,1.099
8/7/2024 21:00,1.092
8/7/2024 22:00,1.089
8/7/2024 23:00,1.088
8/8/2024 0:00,1.094
8/8/2024 1:00,1.087
8/8/2024 2:00,1.094
8/8/2024 3:00,1.09
8/8/2024 4:00,1.086
8/8/2024 5:00,1.086
8/8/2024 6:00,1.078
8/8/2024 7:00,1.086
8/8/2024 8:00,1.079
8/8/2024 9:00,1.075
8/8/2024 10:00,1.071
8/8/2024 11:00,1.064
8/8/2024 12:00,1.078
8/8/2024 13:00,1.079
8/8/2024 14:00,1.078
8/8/2024 15:00,1.078
8/8/2024 16:00,1.088
8/8/2024 17:00,1.063
8/8/2024 18:00,1.072
8/8/2024 19:00,1.071
8/8/2024 20:00,1.075
8/8/2024 21:00,1.078
8/8/2024 22:00,1.085
8/8/2024 23:00,1.081
8/9/2024 0:00,1.069
8/9/2024 1:00,1.073
8/9/2024 2:00,1.067
8/9/2024 3:00,1.067
8/9/2024 4:00,1.07
8/9/2024 5:00,1.06
8/9/2024 6:00,1.061
8/9/2024 7:00,1.062
8/9/2024 8:00,1.062
8/9/2024 9:00,1.06
8/9/2024 10:00,1.071
8/9/2024 11:00,1.078
8/9/2024 12:00,1.087
8/9/2024 13:00,1.091
8/9/2024 14:00,1.087
8/9/2024 15:00,1.086
8/9/2024 16:00,1.086
8/9/2024 17:00,1.078
8/9/2024 18:00,1.103
8/9/2024 19:00,1.101
8/9/2024 20:00,1.089
8/9/2024 21:00,1.11
8/9/2024 22:00,1.119
8/9/2024 23:00,1.125
8/10/2024 0:00,1.117
8/10/2024 1:00,1.135
8/10/2024 2:00,1.126
8/10/2024 3:00,1.124
8/10/2024 4:00,1.132
8/10/2024 5:00,1.137
8/10/2024 6:00,1.138
8/10/2024 7:00,1.136
8/10/2024 8:00,1.137
8/10/2024 9:00,1.136
8/10/2024 10:00,1.136
8/10/2024 11:00,1.136
8/10/2024 12:00,1.14
8/10/2024 13:00,1.132
8/10/2024 14:00,1.139
8/10/2024 15:00,1.137
8/10/2024 16:00,1.137
8/10/2024 17:00,1.114
8/10/2024 18:00,1.12
8/10/2024 19:00,1.125
8/10/2024 20:00,1.133
8/10/2024 21:00,1.129
8/10/2024 22:00,1.127
8/10/2024 23:00,1.127
8/11/2024 0:00,1.123
8/11/2024 1:00,1.13
8/11/2024 2:00,1.132
8/11/2024 3:00,1.147
8/11/2024 4:00,1.146
8/11/2024 5:00,1.144
8/11/2024 6:00,1.142
8/11/2024 7:00,1.141
8/11/2024 8:00,1.142
8/11/2024 9:00,1.146
8/11/2024 10:00,1.15
8/11/2024 11:00,1.144
8/11/2024 12:00,1.147
8/11/2024 13:00,1.153
8/11/2024 14:00,1.159
8/11/2024 15:00,1.139
8/11/2024 16:00,1.166
8/11/2024 17:00,1.178
8/11/2024 18:00,1.179
8/11/2024 19:00,1.201
8/11/2024 20:00,1.199
8/11/2024 21:00,1.201
8/11/2024 22:00,1.198
8/11/2024 23:00,1.2
8/12/2024 0:00,1.205
8/12/2024 1:00,1.191
8/12/2024 2:00,1.196
8/12/2024 3:00,1.2
8/12/2024 4:00,1.201
8/12/2024 5:00,1.202
8/12/2024 6:00,1.193
8/12/2024 7:00,1.201
8/12/2024 8:00,1.2
8/12/2024 9:00,1.197
8/12/2024 10:00,1.198
8/12/2024 11:00,1.207
8/12/2024 12:00,1.204
8/12/2024 13:00,1.21
8/12/2024 14:00,1.194
8/12/2024 15:00,1.194
8/12/2024 16:00,1.203
8/12/2024 17:00,1.193
8/12/2024 18:00,1.194
8/12/2024 19:00,1.188
8/12/2024 20:00,1.191
8/12/2024 21:00,1.189
8/12/2024 22:00,1.171
8/12/2024 23:00,1.187
8/13/2024 0:00,1.17
8/13/2024 1:00,1.163
8/13/2024 2:00,1.143
8/13/2024 3:00,1.147
8/13/2024 4:00,1.144
8/13/2024 5:00,1.147
8/13/2024 6:00,1.147
8/13/2024 7:00,1.142
8/13/2024 8:00,1.139
8/13/2024 9:00,1.133
8/13/2024 10:00,1.135
8/13/2024 11:00,1.14
8/13/2024 12:00,1.143
8/13/2024 13:00,1.146
8/13/2024 14:00,1.153
8/13/2024 15:00,1.153
8/13/2024 16:00,1.143
8/13/2024 17:00,1.153
8/13/2024 18:00,1.15
8/13/2024 19:00,1.15
8/13/2024 20:00,1.145
8/13/2024 21:00,1.149
8/13/2024 22:00,1.134
8/13/2024 23:00,1.135
8/14/2024 0:00,1.144
8/14/2024 1:00,1.144
8/14/2024 2:00,1.131
8/14/2024 3:00,1.13
8/14/2024 4:00,1.129
8/14/2024 5:00,1.129
8/14/2024 6:00,1.13
8/14/2024 7:00,1.129
8/14/2024 8:00,1.126
8/14/2024 9:00,1.13
8/14/2024 10:00,1.133
8/14/2024 11:00,1.139
8/14/2024 12:00,1.14
8/14/2024 13:00,1.141
8/14/2024 14:00,1.137
8/14/2024 15:00,1.139
8/14/2024 16:00,1.137
8/14/2024 17:00,1.137
8/14/2024 18:00,1.135
8/14/2024 19:00,1.152
8/14/2024 20:00,1.141
8/14/2024 21:00,1.153
8/14/2024 22:00,1.156
8/14/2024 23:00,1.164
8/15/2024 0:00,1.168
8/15/2024 1:00,1.171
8/15/2024 2:00,1.17
8/15/2024 3:00,1.173
8/15/2024 4:00,1.166
8/15/2024 5:00,1.163
8/15/2024 6:00,1.179
8/15/2024 7:00,1.189
8/15/2024 8:00,1.196
8/15/2024 9:00,1.202
8/15/2024 10:00,1.212
8/15/2024 11:00,1.206
8/15/2024 12:00,1.216
8/15/2024 13:00,1.212
8/15/2024 14:00,1.211
8/15/2024 15:00,1.215
8/15/2024 16:00,1.211
8/15/2024 17:00,1.205
8/15/2024 18:00,1.214
8/15/2024 19:00,1.215
8/15/2024 20:00,1.211
8/15/2024 21:00,1.194
8/15/2024 22:00,1.201
8/15/2024 23:00,1.204
8/16/2024 0:00,1.193
8/16/2024 1:00,1.201
8/16/2024 2:00,1.19
8/16/2024 3:00,1.184
8/16/2024 4:00,1.179
8/16/2024 5:00,1.176
8/16/2024 6:00,1.161
8/16/2024 7:00,1.167
8/16/2024 8:00,1.155
8/16/2024 9:00,1.156
8/16/2024 10:00,1.161
8/16/2024 11:00,1.152
8/16/2024 12:00,1.161
8/16/2024 13:00,1.155
8/16/2024 14:00,1.153
8/16/2024 15:00,1.145
8/16/2024 16:00,1.135
8/16/2024 17:00,1.144
8/16/2024 18:00,1.153
8/16/2024 19:00,1.148
8/16/2024 20:00,1.143
8/16/2024 21:00,1.139
8/16/2024 22:00,1.139
8/16/2024 23:00,1.131
8/17/2024 0:00,1.127
8/17/2024 1:00,1.125
8/17/2024 2:00,1.118
8/17/2024 3:00,1.115
8/17/2024 4:00,1.107
8/17/2024 5:00,1.105
8/17/2024 6:00,1.099
8/17/2024 7:00,1.105
8/17/2024 8:00,1.101
8/17/2024 9:00,1.094
8/17/2024 10:00,1.093
8/17/2024 11:00,1.103
8/17/2024 12:00,1.106
8/17/2024 13:00,1.109
8/17/2024 14:00,1.098
8/17/2024 15:00,1.105
8/17/2024 16:00,1.099
8/17/2024 17:00,1.103
8/17/2024 18:00,1.107
8/17/2024 19:00,1.095
8/17/2024 20:00,1.11
8/17/2024 21:00,1.106
8/17/2024 22:00,1.104
8/17/2024 23:00,1.106
8/18/2024 0:00,1.106
8/18/2024 1:00,1.116
8/18/2024 2:00,1.104
8/18/2024 3:00,1.094
8/18/2024 4:00,1.085
8/18/2024 5:00,1.091
8/18/2024 6:00,1.1
8/18/2024 7:00,1.099
8/18/2024 8:00,1.092
8/18/2024 9:00,1.112
8/18/2024 10:00,1.116
8/18/2024 11:00,1.113
8/18/2024 12:00,1.115
8/18/2024 13:00,1.117
8/18/2024 14:00,1.108
8/18/2024 15:00,1.105
8/18/2024 16:00,1.109
8/18/2024 17:00,1.095
8/18/2024 18:00,1.097
8/18/2024 19:00,1.098
8/18/2024 20:00,1.102
8/18/2024 21:00,1.124
8/18/2024 22:00,1.102
8/18/2024 23:00,1.112
8/19/2024 0:00,1.109
8/19/2024 1:00,1.117
8/19/2024 2:00,1.123
8/19/2024 3:00,1.117
8/19/2024 4:00,1.117
8/19/2024 5:00,1.111
8/19/2024 6:00,1.108
8/19/2024 7:00,1.105
8/19/2024 8:00,1.109
8/19/2024 9:00,1.123
8/19/2024 10:00,1.133
8/19/2024 11:00,1.131
8/19/2024 12:00,1.132
8/19/2024 13:00,1.13
8/19/2024 14:00,1.132
8/19/2024 15:00,1.122
8/19/2024 16:00,1.151
8/19/2024 17:00,1.133
8/19/2024 18:00,1.125
8/19/2024 19:00,1.125
8/19/2024 20:00,1.133
8/19/2024 21:00,1.168
8/19/2024 22:00,1.155
8/19/2024 23:00,1.131
8/20/2024 0:00,1.132
8/20/2024 1:00,1.123
8/20/2024 2:00,1.115
8/20/2024 3:00,1.117
8/20/2024 4:00,1.119
8/20/2024 5:00,1.121
8/20/2024 6:00,1.118
8/20/2024 7:00,1.119
8/20/2024 8:00,1.12
8/20/2024 9:00,1.118
8/20/2024 10:00,1.114
8/20/2024 11:00,1.118
8/20/2024 12:00,1.129
8/20/2024 13:00,1.132
8/20/2024 14:00,1.12
8/20/2024 15:00,1.111
8/20/2024 16:00,1.119
8/20/2024 17:00,1.121
8/20/2024 18:00,1.127
8/20/2024 19:00,1.115
8/20/2024 20:00,1.12
8/20/2024 21:00,1.124
8/20/2024 22:00,1.127
8/20/2024 23:00,1.112
8/21/2024 0:00,1.11
8/21/2024 1:00,1.115
8/21/2024 2:00,1.111
8/21/2024 3:00,1.107
8/21/2024 4:00,1.098
8/21/2024 5:00,1.104
8/21/2024 6:00,1.097
8/21/2024 7:00,1.104
8/21/2024 8:00,1.101
8/21/2024 9:00,1.101
8/21/2024 10:00,1.098
8/21/2024 11:00,1.112
8/21/2024 12:00,1.109
8/21/2024 13:00,1.112
8/21/2024 14:00,1.116
8/21/2024 15:00,1.119
8/21/2024 16:00,1.12
8/21/2024 17:00,1.117
8/21/2024 18:00,1.111
8/21/2024 19:00,1.11
8/21/2024 20:00,1.113
8/21/2024 21:00,1.112
8/21/2024 22:00,1.111
8/21/2024 23:00,1.107
8/22/2024 0:00,1.11
8/22/2024 1:00,1.105
8/22/2024 2:00,1.109
8/22/2024 3:00,1.107
8/22/2024 4:00,1.109
8/22/2024 5:00,1.108
8/22/2024 6:00,1.102
8/22/2024 7:00,1.098
8/22/2024 8:00,1.102
8/22/2024 9:00,1.102
8/22/2024 10:00,1.1
8/22/2024 11:00,1.103
8/22/2024 12:00,1.106
8/22/2024 13:00,1.111
8/22/2024 14:00,1.111
8/22/2024 15:00,1.113
8/22/2024 16:00,1.127
8/22/2024 17:00,1.124
8/22/2024 18:00,1.146
8/22/2024 19:00,1.13
8/22/2024 20:00,1.133
8/22/2024 21:00,1.149
8/22/2024 22:00,1.157
8/22/2024 23:00,1.157
8/23/2024 0:00,1.15
8/23/2024 1:00,1.152
8/23/2024 2:00,1.143
8/23/2024 3:00,1.143
8/23/2024 4:00,1.141
8/23/2024 5:00,1.144
8/23/2024 6:00,1.135
8/23/2024 7:00,1.135
8/23/2024 8:00,1.129
8/23/2024 9:00,1.138
8/23/2024 10:00,1.132
8/23/2024 11:00,1.135
8/23/2024 12:00,1.149
8/23/2024 13:00,1.145
8/23/2024 14:00,1.14
8/23/2024 15:00,1.144
8/23/2024 16:00,1.145
8/23/2024 17:00,1.146
8/23/2024 18:00,1.146
8/23/2024 19:00,1.144
8/23/2024 20:00,1.133
8/23/2024 21:00,1.142
8/23/2024 22:00,1.152
8/23/2024 23:00,1.167
8/24/2024 0:00,1.173
8/24/2024 1:00,1.176
8/24/2024 2:00,1.179
8/24/2024 3:00,1.176
8/24/2024 4:00,1.172
8/24/2024 5:00,1.168
8/24/2024 6:00,1.161
8/24/2024 7:00,1.16
8/24/2024 8:00,1.151
8/24/2024 9:00,1.152
8/24/2024 10:00,1.148
8/24/2024 11:00,1.156
8/24/2024 12:00,1.156
8/24/2024 13:00,1.15
8/24/2024 14:00,1.158
8/24/2024 15:00,1.15
8/24/2024 16:00,1.149
8/24/2024 17:00,1.148
8/24/2024 18:00,1.144
8/24/2024 19:00,1.147
8/24/2024 20:00,1.148
8/24/2024 21:00,1.141
8/24/2024 22:00,1.142
8/24/2024 23:00,1.133
8/25/2024 0:00,1.131
8/25/2024 1:00,1.137
8/25/2024 2:00,1.133
8/25/2024 3:00,1.126
8/25/2024 4:00,1.135
8/25/2024 5:00,1.126
8/25/2024 6:00,1.122
8/25/2024 7:00,1.119
8/25/2024 8:00,1.115
8/25/2024 9:00,1.113
8/25/2024 10:00,1.112
8/25/2024 11:00,1.122
8/25/2024 12:00,1.126
8/25/2024 13:00,1.131
8/25/2024 14:00,1.125
8/25/2024 15:00,1.139
8/25/2024 16:00,1.145
8/25/2024 17:00,1.138
8/25/2024 18:00,1.135
8/25/2024 19:00,1.137
8/25/2024 20:00,1.141
8/25/2024 21:00,1.139
8/25/2024 22:00,1.15
8/25/2024 23:00,1.153
8/26/2024 0:00,1.166
8/26/2024 1:00,1.171
8/26/2024 2:00,1.171
8/26/2024 3:00,1.166
8/26/2024 4:00,1.161
8/26/2024 5:00,1.152
8/26/2024 6:00,1.153
8/26/2024 7:00,1.157
8/26/2024 8:00,1.163
8/26/2024 9:00,1.168
8/26/2024 10:00,1.183
8/26/2024 11:00,1.198
8/26/2024 12:00,1.186
8/26/2024 13:00,1.18
8/26/2024 14:00,1.188
8/26/2024 15:00,1.189
8/26/2024 16:00,1.19
8/26/2024 17:00,1.2
8/26/2024 18:00,1.2
8/26/2024 19:00,1.202
8/26/2024 20:00,1.186
8/26/2024 21:00,1.185
8/26/2024 22:00,1.176
8/26/2024 23:00,1.178
8/27/2024 0:00,1.163
8/27/2024 1:00,1.169
8/27/2024 2:00,1.171
8/27/2024 3:00,1.159
8/27/2024 4:00,1.163
8/27/2024 5:00,1.154
8/27/2024 6:00,1.146
8/27/2024 7:00,1.147
8/27/2024 8:00,1.146
8/27/2024 9:00,1.15
8/27/2024 10:00,1.145
8/27/2024 11:00,1.149
8/27/2024 12:00,1.155
8/27/2024 13:00,1.159
8/27/2024 14:00,1.151
8/27/2024 15:00,1.136
8/27/2024 16:00,1.141
8/27/2024 17:00,1.156
8/27/2024 18:00,1.141
8/27/2024 19:00,1.144
8/27/2024 20:00,1.145
8/27/2024 21:00,1.142
8/27/2024 22:00,1.136
8/27/2024 23:00,1.127
8/28/2024 0:00,1.127
8/28/2024 1:00,1.13
8/28/2024 2:00,1.13
8/28/2024 3:00,1.128
8/28/2024 4:00,1.126
8/28/2024 5:00,1.119
8/28/2024 6:00,1.118
8/28/2024 7:00,1.113
8/28/2024 8:00,1.112
8/28/2024 9:00,1.113
8/28/2024 10:00,1.11
8/28/2024 11:00,1.119
8/28/2024 12:00,1.122
8/28/2024 13:00,1.115
8/28/2024 14:00,1.116
8/28/2024 15:00,1.103
8/28/2024 16:00,1.104
8/28/2024 17:00,1.109
8/28/2024 18:00,1.111
8/28/2024 19:00,1.111
8/28/2024 20:00,1.107
8/28/2024 21:00,1.106
8/28/2024 22:00,1.108
8/28/2024 23:00,1.111
8/29/2024 0:00,1.108
8/29/2024 1:00,1.109
8/29/2024 2:00,1.105
8/29/2024 3:00,1.106
8/29/2024 4:00,1.1
8/29/2024 5:00,1.099
8/29/2024 6:00,1.096
8/29/2024 7:00,1.085
8/29/2024 8:00,1.089
8/29/2024 9:00,1.095
8/29/2024 10:00,1.096
8/29/2024 11:00,1.101
8/29/2024 12:00,1.098
8/29/2024 13:00,1.1
8/29/2024 14:00,1.102
8/29/2024 15:00,1.102
8/29/2024 16:00,1.106
8/29/2024 17:00,1.092
8/29/2024 18:00,1.098
8/29/2024 19:00,1.098
8/29/2024 20:00,1.097
8/29/2024 21:00,1.103
8/29/2024 22:00,1.095
8/29/2024 23:00,1.093
8/30/2024 0:00,1.098
8/30/2024 1:00,1.097
8/30/2024 2:00,1.102
8/30/2024 3:00,1.092
8/30/2024 4:00,1.088
8/30/2024 5:00,1.096
8/30/2024 6:00,1.083
8/30/2024 7:00,1.086
8/30/2024 8:00,1.085
8/30/2024 9:00,1.075
8/30/2024 10:00,1.1
8/30/2024 11:00,1.09
8/30/2024 12:00,1.094
8/30/2024 13:00,1.093
8/30/2024 14:00,1.096
8/30/2024 15:00,1.087
8/30/2024 16:00,1.086
8/30/2024 17:00,1.09
8/30/2024 18:00,1.093
8/30/2024 19:00,1.094
8/30/2024 20:00,1.104
8/30/2024 21:00,1.099
8/30/2024 22:00,1.099
8/30/2024 23:00,1.087
8/31/2024 0:00,1.088
8/31/2024 1:00,1.09
8/31/2024 2:00,1.081
8/31/2024 3:00,1.083
8/31/2024 4:00,1.085
8/31/2024 5:00,1.085
8/31/2024 6:00,1.084
8/31/2024 7:00,1.076
8/31/2024 8:00,1.078
8/31/2024 9:00,1.085
8/31/2024 10:00,1.088
8/31/2024 11:00,1.082
8/31/2024 12:00,1.085
8/31/2024 13:00,1.095
8/31/2024 14:00,1.086
8/31/2024 15:00,1.084
8/31/2024 16:00,1.072
8/31/2024 17:00,1.088
8/31/2024 18:00,1.099
8/31/2024 19:00,1.099
8/31/2024 20:00,1.086
8/31/2024 21:00,1.089
8/31/2024 22:00,1.097
8/31/2024 23:00,1.09
9/1/2024 0:00,1.085
9/1/2024 1:00,1.084
9/1/2024 2:00,1.083
9/1/2024 3:00,1.077
9/1/2024 4:00,1.063
9/1/2024 5:00,1.068
9/1/2024 6:00,1.059
9/1/2024 7:00,1.051
9/1/2024 8:00,1.045
9/1/2024 9:00,1.05
9/1/2024 10:00,1.048
9/1/2024 11:00,1.05
9/1/2024 12:00,1.052
9/1/2024 13:00,1.055
9/1/2024 14:00,1.045
9/1/2024 15:00,1.035
9/1/2024 16:00,1.063
9/1/2024 17:00,1.063
9/1/2024 18:00,1.068
9/1/2024 19:00,1.064
9/1/2024 20:00,1.062
9/1/2024 21:00,1.06
9/1/2024 22:00,1.052
9/1/2024 23:00,1.045
9/2/2024 0:00,1.05
9/2/2024 1:00,1.049
9/2/2024 2:00,1.045
9/2/2024 3:00,1.048
9/2/2024 4:00,1.045
9/2/2024 5:00,1.037
9/2/2024 6:00,1.044
9/2/2024 7:00,1.046
9/2/2024 8:00,1.031
9/2/2024 9:00,1.034
9/2/2024 10:00,1.033
9/2/2024 11:00,1.034
9/2/2024 12:00,1.045
9/2/2024 13:00,1.052
9/2/2024 14:00,1.044
9/2/2024 15:00,1.032
9/2/2024 16:00,1.031
9/2/2024 17:00,1.043
9/2/2024 18:00,1.048
9/2/2024 19:00,1.041
9/2/2024 20:00,1.041
9/2/2024 21:00,1.039
9/2/2024 22:00,1.044
9/2/2024 23:00,1.043
9/3/2024 0:00,1.033
9/3/2024 1:00,1.038
9/3/2024 2:00,1.031
9/3/2024 3:00,1.037
9/3/2024 4:00,1.035
9/3/2024 5:00,1.041
9/3/2024 6:00,1.036
9/3/2024 7:00,1.04
9/3/2024 8:00,1.028
9/3/2024 9:00,1.031
9/3/2024 10:00,1.042
9/3/2024 11:00,1.051
9/3/2024 12:00,1.054
9/3/2024 13:00,1.052
9/3/2024 14:00,1.057
9/3/2024 15:00,1.049
9/3/2024 16:00,1.035
9/3/2024 17:00,1.052
9/3/2024 18:00,1.055
9/3/2024 19:00,1.055
9/3/2024 20:00,1.048
9/3/2024 21:00,1.05
9/3/2024 22:00,1.043
9/3/2024 23:00,1.052
9/4/2024 0:00,1.054
9/4/2024 1:00,1.054
9/4/2024 2:00,1.048
9/4/2024 3:00,1.046
9/4/2024 4:00,1.069
9/4/2024 5:00,1.089
9/4/2024 6:00,1.096
9/4/2024 7:00,1.09
9/4/2024 8:00,1.089
9/4/2024 9:00,1.089
9/4/2024 10:00,1.082
9/4/2024 11:00,1.089
9/4/2024 12:00,1.101
9/4/2024 13:00,1.105
9/4/2024 14:00,1.098
9/4/2024 15:00,1.103
9/4/2024 16:00,1.109
9/4/2024 17:00,1.136
9/4/2024 18:00,1.128
9/4/2024 19:00,1.134
9/4/2024 20:00,1.116
9/4/2024 21:00,1.116
9/4/2024 22:00,1.121
9/4/2024 23:00,1.128
9/5/2024 0:00,1.124
9/5/2024 1:00,1.131
9/5/2024 2:00,1.141
9/5/2024 3:00,1.142
9/5/2024 4:00,1.137
9/5/2024 5:00,1.132
9/5/2024 6:00,1.132
9/5/2024 7:00,1.131
9/5/2024 8:00,1.119
9/5/2024 9:00,1.141
9/5/2024 10:00,1.178
9/5/2024 11:00,1.178
9/5/2024 12:00,1.2
9/5/2024 13:00,1.216
9/5/2024 14:00,1.211
9/5/2024 15:00,1.2
9/5/2024 16:00,1.198
9/5/2024 17:00,1.22
9/5/2024 18:00,1.218
9/5/2024 19:00,1.215
9/5/2024 20:00,1.209
9/5/2024 21:00,1.194
9/5/2024 22:00,1.191
9/5/2024 23:00,1.185
9/6/2024 0:00,1.178
9/6/2024 1:00,1.161
9/6/2024 2:00,1.161
9/6/2024 3:00,1.153
9/6/2024 4:00,1.147
9/6/2024 5:00,1.147
9/6/2024 6:00,1.14
9/6/2024 7:00,1.135
9/6/2024 8:00,1.131
9/6/2024 9:00,1.132
9/6/2024 10:00,1.143
9/6/2024 11:00,1.143
9/6/2024 12:00,1.138
9/6/2024 13:00,1.14
9/6/2024 14:00,1.139
9/6/2024 15:00,1.138
9/6/2024 16:00,1.127
9/6/2024 17:00,1.141
9/6/2024 18:00,1.136
9/6/2024 19:00,1.136
9/6/2024 20:00,1.132
9/6/2024 21:00,1.134
9/6/2024 22:00,1.136
9/6/2024 23:00,1.137
9/7/2024 0:00,1.126
9/7/2024 1:00,1.126
9/7/2024 2:00,1.118
9/7/2024 3:00,1.12
9/7/2024 4:00,1.11
9/7/2024 5:00,1.109
9/7/2024 6:00,1.105
9/7/2024 7:00,1.101
9/7/2024 8:00,1.094
9/7/2024 9:00,1.101
9/7/2024 10:00,1.105
9/7/2024 11:00,1.109
9/7/2024 12:00,1.105
9/7/2024 13:00,1.106
9/7/2024 14:00,1.106
9/7/2024 15:00,1.11
9/7/2024 16:00,1.096
9/7/2024 17:00,1.11
9/7/2024 18:00,1.11
9/7/2024 19:00,1.106
9/7/2024 20:00,1.11
9/7/2024 21:00,1.106
9/7/2024 22:00,1.105
9/7/2024 23:00,1.103
9/8/2024 0:00,1.099
9/8/2024 1:00,1.093
9/8/2024 2:00,1.098
9/8/2024 3:00,1.089
9/8/2024 4:00,1.086
9/8/2024 5:00,1.083
9/8/2024 6:00,1.085
9/8/2024 7:00,1.085
9/8/2024 8:00,1.086
9/8/2024 9:00,1.085
9/8/2024 10:00,1.085
9/8/2024 11:00,1.085
9/8/2024 12:00,1.092
9/8/2024 13:00,1.085
9/8/2024 14:00,1.091
9/8/2024 15:00,1.083
9/8/2024 16:00,1.07
9/8/2024 17:00,1.087
9/8/2024 18:00,1.089
9/8/2024 19:00,1.09
9/8/2024 20:00,1.092
9/8/2024 21:00,1.092
9/8/2024 22:00,1.084
9/8/2024 23:00,1.086
9/9/2024 0:00,1.084
9/9/2024 1:00,1.08
9/9/2024 2:00,1.087
9/9/2024 3:00,1.075
9/9/2024 4:00,1.078
9/9/2024 5:00,1.093
9/9/2024 6:00,1.084
9/9/2024 7:00,1.081
9/9/2024 8:00,1.08
9/9/2024 9:00,1.083
9/9/2024 10:00,1.086
9/9/2024 11:00,1.086
9/9/2024 12:00,1.089
9/9/2024 13:00,1.09
9/9/2024 14:00,1.077
9/9/2024 15:00,1.083
9/9/2024 16:00,1.084
9/9/2024 17:00,1.081
9/9/2024 18:00,1.087
9/9/2024 19:00,1.098
9/9/2024 20:00,1.087
9/9/2024 21:00,1.089
9/9/2024 22:00,1.092
9/9/2024 23:00,1.087
9/10/2024 0:00,1.093
9/10/2024 1:00,1.084
9/10/2024 2:00,1.082
9/10/2024 3:00,1.089
9/10/2024 4:00,1.081
9/10/2024 5:00,1.083
9/10/2024 6:00,1.085
9/10/2024 7:00,1.085
9/10/2024 8:00,1.085
9/10/2024 9:00,1.069
9/10/2024 10:00,1.073
9/10/2024 11:00,1.072
9/10/2024 12:00,1.072
9/10/2024 13:00,1.072
9/10/2024 14:00,1.068
9/10/2024 15:00,1.082
9/10/2024 16:00,1.084
9/10/2024 17:00,1.076
9/10/2024 18:00,1.066
9/10/2024 19:00,1.074
9/10/2024 20:00,1.077
9/10/2024 21:00,1.071
9/10/2024 22:00,1.071
9/10/2024 23:00,1.071
9/11/2024 0:00,1.065
9/11/2024 1:00,1.073
9/11/2024 2:00,1.076
9/11/2024 3:00,1.066
9/11/2024 4:00,1.062
9/11/2024 5:00,1.057
9/11/2024 6:00,1.059
9/11/2024 7:00,1.053
9/11/2024 8:00,1.047
9/11/2024 9:00,1.053
9/11/2024 10:00,1.053
9/11/2024 11:00,1.053
9/11/2024 12:00,1.057
9/11/2024 13:00,1.059
9/11/2024 14:00,1.053
9/11/2024 15:00,1.06
9/11/2024 16:00,1.069
9/11/2024 17:00,1.069
9/11/2024 18:00,1.072
9/11/2024 19:00,1.069
9/11/2024 20:00,1.069
9/11/2024 21:00,1.067
9/11/2024 22:00,1.051
9/11/2024 23:00,1.065
9/12/2024 0:00,1.057
9/12/2024 1:00,1.064
9/12/2024 2:00,1.064
9/12/2024 3:00,1.056
9/12/2024 4:00,1.061
9/12/2024 5:00,1.067
9/12/2024 6:00,1.073
9/12/2024 7:00,1.077
9/12/2024 8:00,1.073
9/12/2024 9:00,1.067
9/12/2024 10:00,1.068
9/12/2024 11:00,1.073
9/12/2024 12:00,1.074
9/12/2024 13:00,1.078
9/12/2024 14:00,1.063
9/12/2024 15:00,1.069
9/12/2024 16:00,1.061
9/12/2024 17:00,1.071
9/12/2024 18:00,1.081
9/12/2024 19:00,1.065
9/12/2024 20:00,1.063
9/12/2024 21:00,1.055
9/12/2024 22:00,1.06
9/12/2024 23:00,1.063
9/13/2024 0:00,1.056
9/13/2024 1:00,1.047
9/13/2024 2:00,1.044
9/13/2024 3:00,1.049
9/13/2024 4:00,1.045
9/13/2024 5:00,1.044
9/13/2024 6:00,1.043
9/13/2024 7:00,1.036
9/13/2024 8:00,1.032
9/13/2024 9:00,1.031
9/13/2024 10:00,1.035
9/13/2024 11:00,1.043
9/13/2024 12:00,1.035
9/13/2024 13:00,1.037
9/13/2024 14:00,1.038
9/13/2024 15:00,1.046
9/13/2024 16:00,1.031
9/13/2024 17:00,1.047
9/13/2024 18:00,1.076
9/13/2024 19:00,1.063
9/13/2024 20:00,1.055
9/13/2024 21:00,1.036
9/13/2024 22:00,1.035
9/13/2024 23:00,1.035
9/14/2024 0:00,1.039
9/14/2024 1:00,1.041
9/14/2024 2:00,1.036
9/14/2024 3:00,1.037
9/14/2024 4:00,1.035
9/14/2024 5:00,1.039
9/14/2024 6:00,1.035
9/14/2024 7:00,1.034
9/14/2024 8:00,1.036
9/14/2024 9:00,1.043
9/14/2024 10:00,1.037
9/14/2024 11:00,1.046
9/14/2024 12:00,1.046
9/14/2024 13:00,1.046
9/14/2024 14:00,1.041
9/14/2024 15:00,1.034
9/14/2024 16:00,1.029
9/14/2024 17:00,1.027
9/14/2024 18:00,1.036
9/14/2024 19:00,1.046
9/14/2024 20:00,1.036
9/14/2024 21:00,1.026
9/14/2024 22:00,1.022
9/14/2024 23:00,1.029
9/15/2024 0:00,1.022
9/15/2024 1:00,1.019
9/15/2024 2:00,1.025
9/15/2024 3:00,1.017
9/15/2024 4:00,1.015
9/15/2024 5:00,1.021
9/15/2024 6:00,1.002
9/15/2024 7:00,1.013
9/15/2024 8:00,1.01
9/15/2024 9:00,1.013
9/15/2024 10:00,1.019
9/15/2024 11:00,1.016
9/15/2024 12:00,1.023
9/15/2024 13:00,1.024
9/15/2024 14:00,1.046
9/15/2024 15:00,1.038
9/15/2024 16:00,1.053
9/15/2024 17:00,1.042
9/15/2024 18:00,1.044
9/15/2024 19:00,1.054
9/15/2024 20:00,1.045
9/15/2024 21:00,1.042
9/15/2024 22:00,1.035
9/15/2024 23:00,1.035
9/16/2024 0:00,1.035
9/16/2024 1:00,1.039
9/16/2024 2:00,1.039
9/16/2024 3:00,1.028
9/16/2024 4:00,1.03
9/16/2024 5:00,1.028
9/16/2024 6:00,1.037
9/16/2024 7:00,1.031
9/16/2024 8:00,1.022
9/16/2024 9:00,1.025
9/16/2024 10:00,1.029
9/16/2024 11:00,1.028
9/16/2024 12:00,1.024
9/16/2024 13:00,1.03
9/16/2024 14:00,1.028
9/16/2024 15:00,1.025
9/16/2024 16:00,1.017
9/16/2024 17:00,1.031
9/16/2024 18:00,1.025
9/16/2024 19:00,1.026
9/16/2024 20:00,1.03
9/16/2024 21:00,1.023
9/16/2024 22:00,1.027
9/16/2024 23:00,1.03
9/17/2024 0:00,1.018
9/17/2024 1:00,1.015
9/17/2024 2:00,1.002
9/17/2024 3:00,1.017
9/17/2024 4:00,1.013
9/17/2024 5:00,1.012
9/17/2024 6:00,1.005
9/17/2024 7:00,1.007
9/17/2024 8:00,1.001
9/17/2024 9:00,1.004
9/17/2024 10:00,1.015
9/17/2024 11:00,1.019
9/17/2024 12:00,1.009
9/17/2024 13:00,1.019
9/17/2024 14:00,1.016
9/17/2024 15:00,1.02
9/17/2024 16:00,1.024
9/17/2024 17:00,1.012
9/17/2024 18:00,1.019
9/17/2024 19:00,1.02
9/17/2024 20:00,1.018
9/17/2024 21:00,1.02
9/17/2024 22:00,1.016
9/17/2024 23:00,1.014
9/18/2024 0:00,1.003
9/18/2024 1:00,1.002
9/18/2024 2:00,1.003
9/18/2024 3:00,1.001
9/18/2024 4:00,0.999
9/18/2024 5:00,1.012
9/18/2024 6:00,1.004
9/18/2024 7:00,1.012
9/18/2024 8:00,1.003
9/18/2024 9:00,0.998
9/18/2024 10:00,1.019
9/18/2024 11:00,1.02
9/18/2024 12:00,1.026
9/18/2024 13:00,1.016
9/18/2024 14:00,1.024
9/18/2024 15:00,1.027
9/18/2024 16:00,1.023
9/18/2024 17:00,1.029
9/18/2024 18:00,1.022
9/18/2024 19:00,1.028
9/18/2024 20:00,1.024
9/18/2024 21:00,1.016
9/18/2024 22:00,1.021
9/18/2024 23:00,1.019
9/19/2024 0:00,1.013
9/19/2024 1:00,1.008
9/19/2024 2:00,1.01
9/19/2024 3:00,1.009
9/19/2024 4:00,1.005
9/19/2024 5:00,1.003
9/19/2024 6:00,0.999
9/19/2024 7:00,0.987
9/19/2024 8:00,0.992
9/19/2024 9:00,0.996
9/19/2024 10:00,0.993
9/19/2024 11:00,1.009
9/19/2024 12:00,1.011
9/19/2024 13:00,1.013
9/19/2024 14:00,1.015
9/19/2024 15:00,1.017
9/19/2024 16:00,1.016
9/19/2024 17:00,1.011
9/19/2024 18:00,1.028
9/19/2024 19:00,1.023
9/19/2024 20:00,1.019
9/19/2024 21:00,1.013
9/19/2024 22:00,1.002
9/19/2024 23:00,0.999
9/20/2024 0:00,1.007
9/20/2024 1:00,0.997
9/20/2024 2:00,1.004
9/20/2024 3:00,1.003
9/20/2024 4:00,0.996
9/20/2024 5:00,0.995
9/20/2024 6:00,1
9/20/2024 7:00,0.999
9/20/2024 8:00,0.995
9/20/2024 9:00,0.997
9/20/2024 10:00,1.007
9/20/2024 11:00,1.015
9/20/2024 12:00,1.02
9/20/2024 13:00,1.013
9/20/2024 14:00,1.015
9/20/2024 15:00,1.017
9/20/2024 16:00,1.014
9/20/2024 17:00,1.024
9/20/2024 18:00,1.029
9/20/2024 19:00,1.027
9/20/2024 20:00,1.02
9/20/2024 21:00,1.015
9/20/2024 22:00,1.009
9/20/2024 23:00,1.006
9/21/2024 0:00,1.003
9/21/2024 1:00,1.006
9/21/2024 2:00,0.996
9/21/2024 3:00,0.999
9/21/2024 4:00,1.01
9/21/2024 5:00,0.999
9/21/2024 6:00,1
9/21/2024 7:00,0.998
9/21/2024 8:00,0.983
9/21/2024 9:00,0.982
9/21/2024 10:00,0.983
9/21/2024 11:00,0.986
9/21/2024 12:00,0.992
9/21/2024 13:00,0.989
9/21/2024 14:00,0.98
9/21/2024 15:00,0.994
9/21/2024 16:00,0.991
9/21/2024 17:00,0.986
9/21/2024 18:00,0.981
9/21/2024 19:00,0.974
9/21/2024 20:00,0.975
9/21/2024 21:00,0.981
9/21/2024 22:00,0.985
9/21/2024 23:00,0.985
9/22/2024 0:00,0.984
9/22/2024 1:00,0.987
9/22/2024 2:00,0.981
9/22/2024 3:00,0.98
9/22/2024 4:00,0.976
9/22/2024 5:00,0.975
9/22/2024 6:00,0.98
9/22/2024 7:00,0.982
9/22/2024 8:00,0.985
9/22/2024 9:00,0.982
9/22/2024 10:00,0.982
9/22/2024 11:00,0.987
9/22/2024 12:00,0.985
9/22/2024 13:00,0.997
9/22/2024 14:00,0.991
9/22/2024 15:00,0.987
9/22/2024 16:00,1.002
9/22/2024 17:00,0.999
9/22/2024 18:00,0.999
9/22/2024 19:00,0.997
9/22/2024 20:00,0.994
9/22/2024 21:00,0.994
9/22/2024 22:00,1
9/22/2024 23:00,1.001
9/23/2024 0:00,1
9/23/2024 1:00,0.995
9/23/2024 2:00,1.004
9/23/2024 3:00,0.994
9/23/2024 4:00,0.996
9/23/2024 5:00,0.998
9/23/2024 6:00,0.987
9/23/2024 7:00,0.991
9/23/2024 8:00,0.99
9/23/2024 9:00,0.979
9/23/2024 10:00,0.985
9/23/2024 11:00,0.995
9/23/2024 12:00,0.993
9/23/2024 13:00,1.007
9/23/2024 14:00,0.998
9/23/2024 15:00,1.008
9/23/2024 16:00,1.028
9/23/2024 17:00,1.032
9/23/2024 18:00,1.015
9/23/2024 19:00,1.011
9/23/2024 20:00,1.006
9/23/2024 21:00,1.006
9/23/2024 22:00,1.01
9/23/2024 23:00,1.009
9/24/2024 0:00,1.018
9/24/2024 1:00,1.01
9/24/2024 2:00,1.006
9/24/2024 3:00,1.013
9/24/2024 4:00,0.997
9/24/2024 5:00,0.997
9/24/2024 6:00,0.999
9/24/2024 7:00,1.009
9/24/2024 8:00,1.014
9/24/2024 9:00,1.009
9/24/2024 10:00,1.019
9/24/2024 11:00,1.024
9/24/2024 12:00,1.035
9/24/2024 13:00,1.032
9/24/2024 14:00,1.031
9/24/2024 15:00,1.026
9/24/2024 16:00,1.011
9/24/2024 17:00,1.005
9/24/2024 18:00,1.011
9/24/2024 19:00,1.018
9/24/2024 20:00,1.007
9/24/2024 21:00,1.003
9/24/2024 22:00,1.002
9/24/2024 23:00,1.002
9/25/2024 0:00,0.997
9/25/2024 1:00,1.009
9/25/2024 2:00,0.999
9/25/2024 3:00,0.993
9/25/2024 4:00,0.996
9/25/2024 5:00,0.996
9/25/2024 6:00,0.991
9/25/2024 7:00,1.007
9/25/2024 8:00,1
9/25/2024 9:00,1.001
9/25/2024 10:00,1.001
9/25/2024 11:00,0.997
9/25/2024 12:00,0.993
9/25/2024 13:00,0.999
9/25/2024 14:00,0.993
9/25/2024 15:00,0.989
9/25/2024 16:00,0.984
9/25/2024 17:00,0.999
9/25/2024 18:00,1.001
9/25/2024 19:00,1.005
9/25/2024 20:00,0.994
9/25/2024 21:00,0.99
9/25/2024 22:00,0.994
9/25/2024 23:00,0.985
9/26/2024 0:00,0.985
9/26/2024 1:00,0.976
9/26/2024 2:00,0.975
9/26/2024 3:00,0.969
9/26/2024 4:00,0.98
9/26/2024 5:00,0.979
9/26/2024 6:00,0.973
9/26/2024 7:00,0.966
9/26/2024 8:00,0.966
9/26/2024 9:00,0.973
9/26/2024 10:00,0.972
9/26/2024 11:00,0.979
9/26/2024 12:00,0.98
9/26/2024 13:00,0.971
9/26/2024 14:00,0.982
9/26/2024 15:00,0.978
9/26/2024 16:00,0.972
9/26/2024 17:00,0.983
9/26/2024 18:00,0.992
9/26/2024 19:00,0.984
9/26/2024 20:00,0.986
9/26/2024 21:00,0.976
9/26/2024 22:00,0.975
9/26/2024 23:00,0.981
9/27/2024 0:00,0.973
9/27/2024 1:00,0.973
9/27/2024 2:00,0.969
9/27/2024 3:00,0.963
9/27/2024 4:00,0.966
9/27/2024 5:00,0.969
9/27/2024 6:00,0.959
9/27/2024 7:00,0.969
9/27/2024 8:00,0.972
9/27/2024 9:00,0.962
9/27/2024 10:00,0.966
9/27/2024 11:00,0.974
9/27/2024 12:00,0.967
9/27/2024 13:00,0.961
9/27/2024 14:00,0.968
9/27/2024 15:00,0.971
9/27/2024 16:00,0.984
9/27/2024 17:00,0.983
9/27/2024 18:00,0.975
9/27/2024 19:00,0.983
9/27/2024 20:00,0.976
9/27/2024 21:00,0.975
9/27/2024 22:00,0.972
9/27/2024 23:00,0.972
9/28/2024 0:00,0.966
9/28/2024 1:00,0.963
9/28/2024 2:00,0.959
9/28/2024 3:00,0.958
9/28/2024 4:00,0.96
9/28/2024 5:00,0.957
9/28/2024 6:00,0.955
9/28/2024 7:00,0.956
9/28/2024 8:00,0.948
9/28/2024 9:00,0.955
9/28/2024 10:00,0.958
9/28/2024 11:00,0.969
9/28/2024 12:00,0.963
9/28/2024 13:00,0.959
9/28/2024 14:00,0.97
9/28/2024 15:00,0.963
9/28/2024 16:00,0.965
9/28/2024 17:00,0.975
9/28/2024 18:00,0.993
9/28/2024 19:00,0.992
9/28/2024 20:00,0.983
9/28/2024 21:00,0.977
9/28/2024 22:00,0.974
9/28/2024 23:00,0.977
9/29/2024 0:00,0.974
9/29/2024 1:00,0.971
9/29/2024 2:00,0.956
9/29/2024 3:00,0.965
9/29/2024 4:00,0.968
9/29/2024 5:00,0.963
9/29/2024 6:00,0.955
9/29/2024 7:00,0.963
9/29/2024 8:00,0.962
9/29/2024 9:00,0.958
9/29/2024 10:00,0.969
9/29/2024 11:00,0.972
9/29/2024 12:00,0.971
9/29/2024 13:00,0.97
9/29/2024 14:00,0.972
9/29/2024 15:00,0.979
9/29/2024 16:00,0.974
9/29/2024 17:00,0.977
9/29/2024 18:00,0.984
9/29/2024 19:00,0.987
9/29/2024 20:00,0.984
9/29/2024 21:00,0.979
9/29/2024 22:00,0.972
9/29/2024 23:00,0.974
9/30/2024 0:00,0.973
9/30/2024 1:00,0.969
9/30/2024 2:00,0.969
9/30/2024 3:00,0.971
9/30/2024 4:00,0.967
9/30/2024 5:00,0.964
9/30/2024 6:00,0.968
9/30/2024 7:00,0.961
9/30/2024 8:00,0.968
9/30/2024 9:00,0.958
9/30/2024 10:00,0.968
9/30/2024 11:00,0.976
9/30/2024 12:00,0.971
9/30/2024 13:00,0.968
9/30/2024 14:00,0.978
9/30/2024 15:00,0.973
9/30/2024 16:00,0.955
9/30/2024 17:00,0.965
9/30/2024 18:00,0.981
9/30/2024 19:00,0.983
9/30/2024 20:00,0.983
9/30/2024 21:00,0.973
9/30/2024 22:00,0.969
9/30/2024 23:00,0.96
10/1/2024 0:00,0.971
10/1/2024 1:00,0.966
10/1/2024 2:00,0.963
10/1/2024 3:00,0.952
10/1/2024 4:00,0.95
10/1/2024 5:00,0.955
10/1/2024 6:00,0.927
10/1/2024 7:00,0.883
10/1/2024 8:00,0.837
10/1/2024 9:00,0.809
10/1/2024 10:00,0.795
10/1/2024 11:00,0.794
10/1/2024 12:00,0.808
10/1/2024 13:00,0.805
10/1/2024 14:00,0.812
10/1/2024 15:00,0.81
10/1/2024 16:00,0.82
10/1/2024 17:00,0.812
10/1/2024 18:00,0.803
10/1/2024 19:00,0.808
10/1/2024 20:00,0.795
10/1/2024 21:00,0.797
10/1/2024 22:00,0.787
10/1/2024 23:00,0.801
10/2/2024 0:00,0.802
10/2/2024 1:00,0.808
10/2/2024 2:00,0.807
10/2/2024 3:00,0.81
10/2/2024 4:00,0.801
10/2/2024 5:00,0.8
10/2/2024 6:00,0.799
10/2/2024 7:00,0.794
10/2/2024 8:00,0.795
10/2/2024 9:00,0.792
10/2/2024 10:00,0.798
10/2/2024 11:00,0.809
10/2/2024 12:00,0.81
10/2/2024 13:00,0.784
10/2/2024 14:00,0.81
10/2/2024 15:00,0.738
10/2/2024 16:00,0.674
10/2/2024 17:00,0.837
10/2/2024 18:00,0.844
10/2/2024 19:00,0.836
10/2/2024 20:00,0.815
10/2/2024 21:00,0.812
10/2/2024 22:00,0.819
10/2/2024 23:00,0.809
10/3/2024 0:00,0.818
10/3/2024 1:00,0.809
10/3/2024 2:00,0.804
10/3/2024 3:00,0.801
10/3/2024 4:00,0.809
10/3/2024 5:00,0.804
10/3/2024 6:00,0.8
10/3/2024 7:00,0.796
10/3/2024 8:00,0.804
10/3/2024 9:00,0.795
10/3/2024 10:00,0.813
10/3/2024 11:00,0.81
10/3/2024 12:00,0.824
10/3/2024 13:00,0.828
10/3/2024 14:00,0.821
10/3/2024 15:00,0.815
10/3/2024 16:00,0.826
10/3/2024 17:00,0.824
10/3/2024 18:00,0.833
10/3/2024 19:00,0.824
10/3/2024 20:00,0.823
10/3/2024 21:00,0.814
10/3/2024 22:00,0.809
10/3/2024 23:00,0.811
10/4/2024 0:00,0.81
10/4/2024 1:00,0.808
10/4/2024 2:00,0.805
10/4/2024 3:00,0.802
10/4/2024 4:00,0.798
10/4/2024 5:00,0.807
10/4/2024 6:00,0.804
10/4/2024 7:00,0.802
10/4/2024 8:00,0.791
10/4/2024 9:00,0.797
10/4/2024 10:00,0.792
10/4/2024 11:00,0.803
10/4/2024 12:00,0.803
10/4/2024 13:00,0.8
10/4/2024 14:00,0.807
10/4/2024 15:00,0.82
10/4/2024 16:00,0.818
10/4/2024 17:00,0.824
10/4/2024 18:00,0.822
10/4/2024 19:00,0.825
10/4/2024 20:00,0.816
10/4/2024 21:00,0.813
10/4/2024 22:00,0.802
10/4/2024 23:00,0.808
10/5/2024 0:00,0.795
10/5/2024 1:00,0.795
10/5/2024 2:00,0.793
10/5/2024 3:00,0.792
10/5/2024 4:00,0.789
10/5/2024 5:00,0.788
10/5/2024 6:00,0.787
10/5/2024 7:00,0.785
10/5/2024 8:00,0.791
10/5/2024 9:00,0.786
10/5/2024 10:00,0.791
10/5/2024 11:00,0.8
10/5/2024 12:00,0.807
10/5/2024 13:00,0.809
10/5/2024 14:00,0.811
10/5/2024 15:00,0.802
10/5/2024 16:00,0.802
10/5/2024 17:00,0.794
10/5/2024 18:00,0.781
10/5/2024 19:00,0.773
10/5/2024 20:00,0.78
10/5/2024 21:00,0.784
10/5/2024 22:00,0.77
10/5/2024 23:00,0.772
10/6/2024 0:00,0.771
10/6/2024 1:00,0.777
10/6/2024 2:00,0.771
10/6/2024 3:00,0.762
10/6/2024 4:00,0.769
10/6/2024 5:00,0.765
10/6/2024 6:00,0.765
10/6/2024 7:00,0.764
10/6/2024 8:00,0.764
10/6/2024 9:00,0.761
10/6/2024 10:00,0.773
10/6/2024 11:00,0.78
10/6/2024 12:00,0.779
10/6/2024 13:00,0.795
10/6/2024 14:00,0.791
10/6/2024 15:00,0.79
10/6/2024 16:00,0.802
10/6/2024 17:00,0.814
10/6/2024 18:00,0.806
10/6/2024 19:00,0.81
10/6/2024 20:00,0.804
10/6/2024 21:00,0.807
10/6/2024 22:00,0.799
10/6/2024 23:00,0.787
10/7/2024 0:00,0.795
10/7/2024 1:00,0.785
10/7/2024 2:00,0.785
10/7/2024 3:00,0.784
10/7/2024 4:00,0.775
10/7/2024 5:00,0.779
10/7/2024 6:00,0.783
10/7/2024 7:00,0.782
10/7/2024 8:00,0.778
10/7/2024 9:00,0.782
10/7/2024 10:00,0.784
10/7/2024 11:00,0.791
10/7/2024 12:00,0.8
10/7/2024 13:00,0.82
10/7/2024 14:00,0.809
10/7/2024 15:00,0.8
10/7/2024 16:00,0.804
10/7/2024 17:00,0.816
10/7/2024 18:00,0.813
10/7/2024 19:00,0.821
10/7/2024 20:00,0.805
10/7/2024 21:00,0.8
10/7/2024 22:00,0.794
10/7/2024 23:00,0.789
10/8/2024 0:00,0.793
10/8/2024 1:00,0.793
10/8/2024 2:00,0.794
10/8/2024 3:00,0.793
10/8/2024 4:00,0.789
10/8/2024 5:00,0.786
10/8/2024 6:00,0.78
10/8/2024 7:00,0.777
10/8/2024 8:00,0.78
10/8/2024 9:00,0.783
10/8/2024 10:00,0.795
10/8/2024 11:00,0.795
10/8/2024 12:00,0.811
10/8/2024 13:00,0.813
10/8/2024 14:00,0.814
10/8/2024 15:00,0.805
10/8/2024 16:00,0.816
10/8/2024 17:00,0.819
10/8/2024 18:00,0.813
10/8/2024 19:00,0.81
10/8/2024 20:00,0.799
10/8/2024 21:00,0.798
10/8/2024 22:00,0.808
10/8/2024 23:00,0.813
10/9/2024 0:00,0.809
10/9/2024 1:00,0.8
10/9/2024 2:00,0.806
10/9/2024 3:00,0.806
10/9/2024 4:00,0.801
10/9/2024 5:00,0.795
10/9/2024 6:00,0.798
10/9/2024 7:00,0.799
10/9/2024 8:00,0.8
10/9/2024 9:00,0.791
10/9/2024 10:00,0.796
10/9/2024 11:00,0.802
10/9/2024 12:00,0.817
10/9/2024 13:00,0.812
10/9/2024 14:00,0.82
10/9/2024 15:00,0.823
10/9/2024 16:00,0.813
10/9/2024 17:00,0.821
10/9/2024 18:00,0.817
10/9/2024 19:00,0.811
10/9/2024 20:00,0.808
10/9/2024 21:00,0.807
10/9/2024 22:00,0.809
10/9/2024 23:00,0.805
10/10/2024 0:00,0.804
10/10/2024 1:00,0.806
10/10/2024 2:00,0.805
10/10/2024 3:00,0.809
10/10/2024 4:00,0.802
10/10/2024 5:00,0.802
10/10/2024 6:00,0.803
10/10/2024 7:00,0.808
10/10/2024 8:00,0.808
10/10/2024 9:00,0.811
10/10/2024 10:00,0.807
10/10/2024 11:00,0.806
10/10/2024 12:00,0.817
10/10/2024 13:00,0.812
10/10/2024 14:00,0.818
10/10/2024 15:00,0.808
10/10/2024 16:00,0.813
10/10/2024 17:00,0.824
10/10/2024 18:00,0.821
10/10/2024 19:00,0.826
10/10/2024 20:00,0.818
10/10/2024 21:00,0.81
10/10/2024 22:00,0.816
10/10/2024 23:00,0.81
10/11/2024 0:00,0.805
10/11/2024 1:00,0.803
10/11/2024 2:00,0.798
10/11/2024 3:00,0.805
10/11/2024 4:00,0.799
10/11/2024 5:00,0.791
10/11/2024 6:00,0.79
10/11/2024 7:00,0.799
10/11/2024 8:00,0.798
10/11/2024 9:00,0.795
10/11/2024 10:00,0.795
10/11/2024 11:00,0.79
10/11/2024 12:00,0.793
10/11/2024 13:00,0.782
10/11/2024 14:00,0.793
10/11/2024 15:00,0.805
10/11/2024 16:00,0.818
10/11/2024 17:00,0.821
10/11/2024 18:00,0.827
10/11/2024 19:00,0.821
10/11/2024 20:00,0.821
10/11/2024 21:00,0.809
10/11/2024 22:00,0.812
10/11/2024 23:00,0.805
10/12/2024 0:00,0.806
10/12/2024 1:00,0.802
10/12/2024 2:00,0.796
10/12/2024 3:00,0.795
10/12/2024 4:00,0.794
10/12/2024 5:00,0.792
10/12/2024 6:00,0.786
10/12/2024 7:00,0.787
10/12/2024 8:00,0.788
10/12/2024 9:00,0.794
10/12/2024 10:00,0.797
10/12/2024 11:00,0.798
10/12/2024 12:00,0.806
10/12/2024 13:00,0.801
10/12/2024 14:00,0.809
10/12/2024 15:00,0.807
10/12/2024 16:00,0.803
10/12/2024 17:00,0.821
10/12/2024 18:00,0.822
10/12/2024 19:00,0.826
10/12/2024 20:00,0.832
10/12/2024 21:00,0.817
10/12/2024 22:00,0.818
10/12/2024 23:00,0.816
10/13/2024 0:00,0.811
10/13/2024 1:00,0.811
10/13/2024 2:00,0.81
10/13/2024 3:00,0.804
10/13/2024 4:00,0.799
10/13/2024 5:00,0.803
10/13/2024 6:00,0.805
10/13/2024 7:00,0.807
10/13/2024 8:00,0.793
10/13/2024 9:00,0.804
10/13/2024 10:00,0.808
10/13/2024 11:00,0.808
10/13/2024 12:00,0.818
10/13/2024 13:00,0.816
10/13/2024 14:00,0.813
10/13/2024 15:00,0.82
10/13/2024 16:00,0.814
10/13/2024 17:00,0.821
10/13/2024 18:00,0.819
10/13/2024 19:00,0.822
10/13/2024 20:00,0.817
10/13/2024 21:00,0.812
10/13/2024 22:00,0.81
10/13/2024 23:00,0.814
10/14/2024 0:00,0.807
10/14/2024 1:00,0.799
10/14/2024 2:00,0.8
10/14/2024 3:00,0.81
10/14/2024 4:00,0.805
10/14/2024 5:00,0.795
10/14/2024 6:00,0.801
10/14/2024 7:00,0.794
10/14/2024 8:00,0.803
10/14/2024 9:00,0.8
10/14/2024 10:00,0.803
10/14/2024 11:00,0.801
10/14/2024 12:00,0.804
10/14/2024 13:00,0.819
10/14/2024 14:00,0.824
10/14/2024 15:00,0.819
10/14/2024 16:00,0.826
10/14/2024 17:00,0.823
10/14/2024 18:00,0.824
10/14/2024 19:00,0.877
10/14/2024 20:00,0.836
10/14/2024 21:00,0.818
10/14/2024 22:00,0.826
10/14/2024 23:00,0.825
10/15/2024 0:00,0.805
10/15/2024 1:00,0.808
10/15/2024 2:00,0.809
10/15/2024 3:00,0.81
10/15/2024 4:00,0.811
10/15/2024 5:00,0.817
10/15/2024 6:00,0.817
10/15/2024 7:00,0.81
10/15/2024 8:00,0.817
10/15/2024 9:00,0.817
10/15/2024 10:00,0.821
10/15/2024 11:00,0.824
10/15/2024 12:00,0.83
10/15/2024 13:00,0.824
10/15/2024 14:00,0.833
10/15/2024 15:00,0.822
10/15/2024 16:00,0.834
10/15/2024 17:00,0.841
10/15/2024 18:00,0.846
10/15/2024 19:00,0.832
10/15/2024 20:00,0.834
10/15/2024 21:00,0.826
10/15/2024 22:00,0.825
10/15/2024 23:00,0.826
10/16/2024 0:00,0.821
10/16/2024 1:00,0.809
10/16/2024 2:00,0.815
10/16/2024 3:00,0.814
10/16/2024 4:00,0.818
10/16/2024 5:00,0.817
10/16/2024 6:00,0.819
10/16/2024 7:00,0.818
10/16/2024 8:00,0.823
10/16/2024 9:00,0.819
10/16/2024 10:00,0.826
10/16/2024 11:00,0.729
10/16/2024 12:00,0.814
10/16/2024 13:00,0.826
10/16/2024 14:00,0.826
10/16/2024 15:00,0.838
10/16/2024 16:00,0.83
10/16/2024 17:00,0.843
10/16/2024 18:00,0.836
10/16/2024 19:00,0.829
10/16/2024 20:00,0.848
10/16/2024 21:00,0.841
10/16/2024 22:00,0.829
10/16/2024 23:00,0.826
10/17/2024 0:00,0.823
10/17/2024 1:00,0.822
10/17/2024 2:00,0.82
10/17/2024 3:00,0.83
10/17/2024 4:00,0.825
10/17/2024 5:00,0.825
10/17/2024 6:00,0.818
10/17/2024 7:00,0.808
10/17/2024 8:00,0.81
10/17/2024 9:00,0.81
10/17/2024 10:00,0.819
10/17/2024 11:00,0.825
10/17/2024 12:00,0.823
10/17/2024 13:00,0.843
10/17/2024 14:00,0.831
10/17/2024 15:00,0.828
10/17/2024 16:00,0.833
10/17/2024 17:00,0.834
10/17/2024 18:00,0.838
10/17/2024 19:00,0.838
10/17/2024 20:00,0.833
10/17/2024 21:00,0.843
10/17/2024 22:00,0.901
10/17/2024 23:00,0.889
10/18/2024 0:00,0.873
10/18/2024 1:00,0.864
10/18/2024 2:00,0.847
10/18/2024 3:00,0.852
10/18/2024 4:00,0.85
10/18/2024 5:00,0.848
10/18/2024 6:00,0.851
10/18/2024 7:00,0.849
10/18/2024 8:00,0.848
10/18/2024 9:00,0.847
10/18/2024 10:00,0.9
10/18/2024 11:00,0.865
10/18/2024 12:00,0.857
10/18/2024 13:00,0.85
10/18/2024 14:00,0.846
10/18/2024 15:00,0.858
10/18/2024 16:00,0.858
10/18/2024 17:00,0.873
10/18/2024 18:00,0.873
10/18/2024 19:00,0.873
10/18/2024 20:00,0.872
10/18/2024 21:00,0.864
10/18/2024 22:00,0.866
10/18/2024 23:00,0.869
10/19/2024 0:00,0.857
10/19/2024 1:00,0.859
10/19/2024 2:00,0.865
10/19/2024 3:00,0.858
10/19/2024 4:00,0.861
10/19/2024 5:00,0.859
10/19/2024 6:00,0.849
10/19/2024 7:00,0.854
10/19/2024 8:00,0.851
10/19/2024 9:00,0.853
10/19/2024 10:00,0.85
10/19/2024 11:00,0.854
10/19/2024 12:00,0.853
10/19/2024 13:00,0.856
10/19/2024 14:00,0.872
10/19/2024 15:00,0.866
10/19/2024 16:00,0.863
10/19/2024 17:00,0.873
10/19/2024 18:00,0.877
10/19/2024 19:00,0.868
10/19/2024 20:00,0.862
10/19/2024 21:00,0.867
10/19/2024 22:00,0.86
10/19/2024 23:00,0.861
10/20/2024 0:00,0.861
10/20/2024 1:00,0.859
10/20/2024 2:00,0.86
10/20/2024 3:00,0.852
10/20/2024 4:00,0.861
10/20/2024 5:00,0.861
10/20/2024 6:00,0.853
10/20/2024 7:00,0.848
10/20/2024 8:00,0.849
10/20/2024 9:00,0.845
10/20/2024 10:00,0.85
10/20/2024 11:00,0.857
10/20/2024 12:00,0.86
10/20/2024 13:00,0.854
10/20/2024 14:00,0.868
10/20/2024 15:00,0.857
10/20/2024 16:00,0.863
10/20/2024 17:00,0.869
10/20/2024 18:00,0.866
10/20/2024 19:00,0.87
10/20/2024 20:00,0.866
10/20/2024 21:00,0.861
10/20/2024 22:00,0.857
10/20/2024 23:00,0.859
10/21/2024 0:00,0.859
10/21/2024 1:00,0.855
10/21/2024 2:00,0.858
10/21/2024 3:00,0.853
10/21/2024 4:00,0.868
10/21/2024 5:00,0.868
10/21/2024 6:00,0.882
10/21/2024 7:00,0.89
10/21/2024 8:00,0.894
10/21/2024 9:00,0.906
10/21/2024 10:00,0.908
10/21/2024 11:00,0.91
10/21/2024 12:00,0.908
10/21/2024 13:00,0.913
10/21/2024 14:00,0.899
10/21/2024 15:00,0.91
10/21/2024 16:00,0.934
10/21/2024 17:00,0.93
10/21/2024 18:00,0.931
10/21/2024 19:00,0.935
10/21/2024 20:00,0.93
10/21/2024 21:00,0.922
10/21/2024 22:00,0.925
10/21/2024 23:00,0.923
10/22/2024 0:00,0.925
10/22/2024 1:00,0.921
10/22/2024 2:00,0.923
10/22/2024 3:00,0.926
10/22/2024 4:00,0.924
10/22/2024 5:00,0.926
10/22/2024 6:00,0.916
10/22/2024 7:00,0.923
10/22/2024 8:00,0.923
10/22/2024 9:00,0.929
10/22/2024 10:00,0.912
10/22/2024 11:00,0.831
10/22/2024 12:00,0.976
10/22/2024 13:00,0.929
10/22/2024 14:00,0.855
10/22/2024 15:00,0.905
10/22/2024 16:00,0.911
10/22/2024 17:00,0.918
10/22/2024 18:00,0.921
10/22/2024 19:00,0.926
10/22/2024 20:00,0.971
10/22/2024 21:00,0.922
10/22/2024 22:00,0.907
10/22/2024 23:00,0.908
10/23/2024 0:00,0.902
10/23/2024 1:00,0.893
10/23/2024 2:00,0.9
10/23/2024 3:00,0.902
10/23/2024 4:00,0.898
10/23/2024 5:00,0.899
10/23/2024 6:00,0.905
10/23/2024 7:00,0.906
10/23/2024 8:00,0.9
10/23/2024 9:00,0.907
10/23/2024 10:00,0.904
10/23/2024 11:00,0.912
10/23/2024 12:00,0.918
10/23/2024 13:00,0.915
10/23/2024 14:00,0.921
10/23/2024 15:00,0.918
10/23/2024 16:00,0.915
10/23/2024 17:00,0.918
10/23/2024 18:00,0.927
10/23/2024 19:00,0.918
10/23/2024 20:00,0.917
10/23/2024 21:00,0.913
10/23/2024 22:00,0.907
10/23/2024 23:00,0.902
10/24/2024 0:00,0.902
10/24/2024 1:00,0.905
10/24/2024 2:00,0.897
10/24/2024 3:00,0.9
10/24/2024 4:00,0.9
10/24/2024 5:00,0.898
10/24/2024 6:00,0.893
10/24/2024 7:00,0.877
10/24/2024 8:00,0.877
10/24/2024 9:00,0.88
10/24/2024 10:00,0.879
10/24/2024 11:00,0.882
10/24/2024 12:00,0.892
10/24/2024 13:00,0.874
10/24/2024 14:00,0.867
10/24/2024 15:00,0.892
10/24/2024 16:00,0.89
10/24/2024 17:00,0.886
10/24/2024 18:00,0.899
10/24/2024 19:00,0.887
10/24/2024 20:00,0.882
10/24/2024 21:00,0.883
10/24/2024 22:00,0.879
10/24/2024 23:00,0.879
10/25/2024 0:00,0.873
10/25/2024 1:00,0.87
10/25/2024 2:00,0.868
10/25/2024 3:00,0.864
10/25/2024 4:00,0.86
10/25/2024 5:00,0.861
10/25/2024 6:00,0.855
10/25/2024 7:00,0.857
10/25/2024 8:00,0.854
10/25/2024 9:00,0.855
10/25/2024 10:00,0.859
10/25/2024 11:00,0.866
10/25/2024 12:00,0.864
10/25/2024 13:00,0.883
10/25/2024 14:00,0.878
10/25/2024 15:00,0.855
10/25/2024 16:00,0.858
10/25/2024 17:00,0.896
10/25/2024 18:00,0.891
10/25/2024 19:00,0.882
10/25/2024 20:00,0.881
10/25/2024 21:00,0.862
10/25/2024 22:00,0.864
10/25/2024 23:00,0.859
10/26/2024 0:00,0.857
10/26/2024 1:00,0.858
10/26/2024 2:00,0.866
10/26/2024 3:00,0.871
10/26/2024 4:00,0.859
10/26/2024 5:00,0.853
10/26/2024 6:00,0.86
10/26/2024 7:00,0.849
10/26/2024 8:00,0.845
10/26/2024 9:00,0.843
10/26/2024 10:00,0.844
10/26/2024 11:00,0.85
10/26/2024 12:00,0.863
10/26/2024 13:00,0.857
10/26/2024 14:00,0.865
10/26/2024 15:00,0.873
10/26/2024 16:00,0.87
10/26/2024 17:00,0.872
10/26/2024 18:00,0.89
10/26/2024 19:00,0.886
10/26/2024 20:00,0.87
10/26/2024 21:00,0.878
10/26/2024 22:00,0.87
10/26/2024 23:00,0.862
10/27/2024 0:00,0.854
10/27/2024 1:00,0.851
10/27/2024 2:00,0.852
10/27/2024 3:00,0.845
10/27/2024 4:00,0.849
10/27/2024 5:00,0.847
10/27/2024 6:00,0.845
10/27/2024 7:00,0.842
10/27/2024 8:00,0.845
10/27/2024 9:00,0.841
10/27/2024 10:00,0.842
10/27/2024 11:00,0.845
10/27/2024 12:00,0.853
10/27/2024 13:00,0.856
10/27/2024 14:00,0.858
10/27/2024 15:00,0.865
10/27/2024 16:00,0.869
10/27/2024 17:00,0.874
10/27/2024 18:00,0.863
10/27/2024 19:00,0.865
10/27/2024 20:00,0.866
10/27/2024 21:00,0.854
10/27/2024 22:00,0.867
10/27/2024 23:00,0.858
10/28/2024 0:00,0.848
10/28/2024 1:00,0.857
10/28/2024 2:00,0.849
10/28/2024 3:00,0.857
10/28/2024 4:00,0.853
10/28/2024 5:00,0.85
10/28/2024 6:00,0.849
10/28/2024 7:00,0.845
10/28/2024 8:00,0.85
10/28/2024 9:00,0.851
10/28/2024 10:00,0.848
10/28/2024 11:00,0.851
10/28/2024 12:00,0.864
10/28/2024 13:00,0.871
10/28/2024 14:00,0.866
10/28/2024 15:00,0.867
10/28/2024 16:00,0.864
10/28/2024 17:00,0.867
10/28/2024 18:00,0.866
10/28/2024 19:00,0.859
10/28/2024 20:00,0.859
10/28/2024 21:00,0.865
10/28/2024 22:00,0.874
10/28/2024 23:00,0.872
10/29/2024 0:00,0.854
10/29/2024 1:00,0.856
10/29/2024 2:00,0.859
10/29/2024 3:00,0.853
10/29/2024 4:00,0.849
10/29/2024 5:00,0.85
10/29/2024 6:00,0.853
10/29/2024 7:00,0.85
10/29/2024 8:00,0.86
10/29/2024 9:00,0.862
10/29/2024 10:00,0.875
10/29/2024 11:00,0.877
10/29/2024 12:00,0.886
10/29/2024 13:00,0.893
10/29/2024 14:00,0.905
10/29/2024 15:00,0.903
10/29/2024 16:00,0.901
10/29/2024 17:00,0.907
10/29/2024 18:00,0.906
10/29/2024 19:00,0.904
10/29/2024 20:00,0.891
10/29/2024 21:00,0.901
10/29/2024 22:00,0.89
10/29/2024 23:00,0.896
10/30/2024 0:00,0.882
10/30/2024 1:00,0.886
10/30/2024 2:00,0.892
10/30/2024 3:00,0.909
10/30/2024 4:00,0.916
10/30/2024 5:00,0.907
10/30/2024 6:00,0.915
10/30/2024 7:00,0.911
10/30/2024 8:00,0.91
10/30/2024 9:00,0.907
10/30/2024 10:00,0.902
10/30/2024 11:00,0.899
10/30/2024 12:00,0.917
10/30/2024 13:00,0.927
10/30/2024 14:00,0.916
10/30/2024 15:00,0.909
10/30/2024 16:00,0.904
10/30/2024 17:00,0.908
10/30/2024 18:00,0.898
10/30/2024 19:00,0.865
10/30/2024 20:00,0.86
10/30/2024 21:00,0.859
10/30/2024 22:00,0.847
10/30/2024 23:00,0.852
10/31/2024 0:00,0.863
10/31/2024 1:00,0.86
10/31/2024 2:00,0.858
10/31/2024 3:00,0.863
10/31/2024 4:00,0.864
10/31/2024 5:00,0.854
10/31/2024 6:00,0.859
10/31/2024 7:00,0.872
10/31/2024 8:00,0.874
10/31/2024 9:00,0.875
10/31/2024 10:00,0.871
10/31/2024 11:00,0.889
10/31/2024 12:00,0.899
10/31/2024 13:00,0.894
10/31/2024 14:00,0.873
10/31/2024 15:00,0.9
10/31/2024 16:00,0.876
10/31/2024 17:00,0.868
10/31/2024 18:00,0.863
10/31/2024 19:00,0.848
10/31/2024 20:00,0.858
10/31/2024 21:00,0.868
10/31/2024 22:00,0.854
10/31/2024 23:00,0.864
11/1/2024 0:00,0.855
11/1/2024 1:00,0.858
11/1/2024 2:00,0.86
11/1/2024 3:00,0.857
11/1/2024 4:00,0.854
11/1/2024 5:00,0.852
11/1/2024 6:00,0.845
11/1/2024 7:00,0.849
11/1/2024 8:00,0.854
11/1/2024 9:00,0.86
11/1/2024 10:00,0.863
11/1/2024 11:00,0.864
11/1/2024 12:00,0.861
11/1/2024 13:00,0.875
11/1/2024 14:00,0.872
11/1/2024 15:00,0.904
11/1/2024 16:00,0.89
11/1/2024 17:00,0.858
11/1/2024 18:00,0.852
11/1/2024 19:00,0.845
11/1/2024 20:00,0.84
11/1/2024 21:00,0.849
11/1/2024 22:00,0.843
11/1/2024 23:00,0.827
11/2/2024 0:00,0.837
11/2/2024 1:00,0.84
11/2/2024 2:00,0.843
11/2/2024 3:00,0.843
11/2/2024 4:00,0.845
11/2/2024 5:00,0.851
11/2/2024 6:00,0.869
11/2/2024 7:00,0.879
11/2/2024 8:00,0.888
11/2/2024 9:00,0.898
11/2/2024 10:00,0.884
11/2/2024 11:00,0.898
11/2/2024 12:00,0.881
11/2/2024 13:00,0.867
11/2/2024 14:00,0.878
11/2/2024 15:00,0.891
11/2/2024 16:00,0.869
11/2/2024 17:00,0.858
11/2/2024 18:00,0.855
11/2/2024 19:00,0.845
11/2/2024 20:00,0.836
11/2/2024 21:00,0.845
11/2/2024 22:00,0.836
11/2/2024 23:00,0.841
11/3/2024 0:00,0.854
11/3/2024 1:00,0.846
11/3/2024 2:00,0.856
11/3/2024 3:00,0.852
11/3/2024 4:00,0.868
11/3/2024 5:00,0.88
11/3/2024 6:00,0.889
11/3/2024 7:00,0.899
11/3/2024 8:00,0.899
11/3/2024 9:00,0.908
11/3/2024 10:00,0.907
11/3/2024 11:00,0.904
11/3/2024 12:00,0.893
11/3/2024 13:00,0.897
11/3/2024 14:00,0.891
11/3/2024 15:00,0.889
11/3/2024 16:00,0.888
11/3/2024 17:00,0.886
11/3/2024 18:00,0.873
11/3/2024 19:00,0.882
11/3/2024 20:00,0.869
11/3/2024 21:00,0.871
11/3/2024 22:00,0.871
11/3/2024 23:00,0.884
11/4/2024 0:00,0.885
11/4/2024 1:00,0.89
11/4/2024 2:00,0.897
11/4/2024 3:00,0.908
11/4/2024 4:00,0.918
11/4/2024 5:00,0.922
11/4/2024 6:00,0.925
11/4/2024 7:00,0.924
11/4/2024 8:00,0.918
11/4/2024 9:00,0.907
11/4/2024 10:00,0.895
11/4/2024 11:00,0.889
11/4/2024 12:00,0.867
11/4/2024 13:00,0.864
11/4/2024 14:00,0.907
11/4/2024 15:00,0.917
11/4/2024 16:00,0.877
11/4/2024 17:00,0.874
11/4/2024 18:00,0.872
11/4/2024 19:00,0.872
11/4/2024 20:00,0.873
11/4/2024 21:00,0.884
11/4/2024 22:00,0.884
11/4/2024 23:00,0.894
11/5/2024 0:00,0.882
11/5/2024 1:00,0.87
11/5/2024 2:00,0.879
11/5/2024 3:00,0.887
11/5/2024 4:00,0.889
11/5/2024 5:00,0.897
11/5/2024 6:00,0.9
11/5/2024 7:00,0.896
11/5/2024 8:00,0.892
11/5/2024 9:00,0.896
11/5/2024 10:00,0.892
11/5/2024 11:00,0.848
11/5/2024 12:00,0.831
11/5/2024 13:00,0.857
11/5/2024 14:00,0.851
11/5/2024 15:00,0.863
11/5/2024 16:00,0.862
11/5/2024 17:00,0.865
11/5/2024 18:00,0.897
11/5/2024 19:00,0.873
11/5/2024 20:00,0.859
11/5/2024 21:00,0.864
11/5/2024 22:00,0.867
11/5/2024 23:00,0.87
11/6/2024 0:00,0.889
11/6/2024 1:00,0.885
11/6/2024 2:00,0.879
11/6/2024 3:00,0.879
11/6/2024 4:00,0.891
11/6/2024 5:00,0.903
11/6/2024 6:00,0.889
11/6/2024 7:00,0.893
11/6/2024 8:00,0.888
11/6/2024 9:00,0.904
11/6/2024 10:00,0.892
11/6/2024 11:00,0.878
11/6/2024 12:00,0.888
11/6/2024 13:00,0.887
11/6/2024 14:00,0.896
11/6/2024 15:00,0.895
11/6/2024 16:00,0.901
11/6/2024 17:00,0.894
11/6/2024 18:00,0.89
11/6/2024 19:00,0.885
11/6/2024 20:00,0.9
11/6/2024 21:00,0.889
11/6/2024 22:00,0.888
11/6/2024 23:00,0.895
11/7/2024 0:00,0.87
11/7/2024 1:00,0.831
11/7/2024 2:00,0.771
11/7/2024 3:00,0.768
11/7/2024 4:00,0.774
11/7/2024 5:00,0.79
11/7/2024 6:00,0.794
11/7/2024 7:00,0.788
11/7/2024 8:00,0.782
11/7/2024 9:00,0.782
11/7/2024 10:00,0.784
11/7/2024 11:00,0.809
11/7/2024 12:00,0.905
11/7/2024 13:00,0.882
11/7/2024 14:00,0.854
11/7/2024 15:00,0.856
11/7/2024 16:00,0.876
11/7/2024 17:00,0.859
11/7/2024 18:00,0.846
11/7/2024 19:00,0.829
11/7/2024 20:00,0.84
11/7/2024 21:00,0.85
11/7/2024 22:00,0.858
11/7/2024 23:00,0.88
11/8/2024 0:00,0.864
11/8/2024 1:00,0.857
11/8/2024 2:00,0.867
11/8/2024 3:00,0.873
11/8/2024 4:00,0.876
11/8/2024 5:00,0.88
11/8/2024 6:00,0.883
11/8/2024 7:00,0.886
11/8/2024 8:00,0.873
11/8/2024 9:00,0.859
11/8/2024 10:00,0.844
11/8/2024 11:00,
