dateTime,Water_Level_NoIce_ft
11/2/2022 11:00,0.9
11/2/2022 12:00,0.893
11/2/2022 13:00,0.938
11/2/2022 14:00,0.894
11/2/2022 15:00,0.864
11/2/2022 16:00,0.85
11/2/2022 17:00,0.856
11/2/2022 18:00,0.855
11/2/2022 19:00,0.852
11/2/2022 20:00,0.861
11/2/2022 21:00,0.846
11/2/2022 22:00,0.843
11/2/2022 23:00,0.842
11/3/2022 0:00,0.859
11/3/2022 1:00,0.863
11/3/2022 2:00,0.872
11/3/2022 3:00,0.88
11/3/2022 4:00,0.89
11/3/2022 5:00,0.894
11/3/2022 6:00,0.899
11/3/2022 7:00,0.901
11/3/2022 8:00,0.89
11/3/2022 9:00,0.886
11/3/2022 10:00,0.884
11/3/2022 11:00,0.888
11/3/2022 12:00,0.875
11/3/2022 13:00,0.869
11/3/2022 14:00,0.868
11/3/2022 15:00,0.853
11/3/2022 16:00,0.862
11/3/2022 17:00,0.852
11/3/2022 18:00,0.86
11/3/2022 19:00,0.856
11/3/2022 20:00,0.865
11/3/2022 21:00,0.87
11/3/2022 22:00,0.857
11/3/2022 23:00,0.86
11/4/2022 0:00,0.869
11/4/2022 1:00,0.881
11/4/2022 2:00,0.898
11/4/2022 3:00,0.92
11/4/2022 4:00,0.923
11/4/2022 5:00,0.918
11/4/2022 6:00,0.913
11/4/2022 7:00,0.912
11/4/2022 8:00,0.895
11/4/2022 9:00,0.884
11/4/2022 10:00,0.883
11/4/2022 11:00,0.865
11/4/2022 12:00,0.853
11/4/2022 13:00,0.86
11/4/2022 14:00,0.859
11/4/2022 15:00,0.853
11/4/2022 16:00,0.843
11/4/2022 17:00,0.843
11/4/2022 18:00,0.83
11/4/2022 19:00,0.826
11/4/2022 20:00,0.833
11/4/2022 21:00,0.83
11/4/2022 22:00,0.826
11/4/2022 23:00,0.817
11/5/2022 0:00,0.815
11/5/2022 1:00,0.819
11/5/2022 2:00,0.823
11/5/2022 3:00,0.824
11/5/2022 4:00,0.828
11/5/2022 5:00,0.82
11/5/2022 6:00,0.81
11/5/2022 7:00,0.815
11/5/2022 8:00,0.818
11/5/2022 9:00,0.824
11/5/2022 10:00,0.819
11/5/2022 11:00,0.813
11/5/2022 12:00,0.809
11/5/2022 13:00,0.815
11/5/2022 14:00,0.82
11/5/2022 15:00,0.819
11/5/2022 16:00,0.833
11/5/2022 17:00,0.824
11/5/2022 18:00,0.821
11/5/2022 19:00,0.831
11/5/2022 20:00,0.831
11/5/2022 21:00,0.834
11/5/2022 22:00,0.829
11/5/2022 23:00,0.829
11/6/2022 0:00,0.828
11/6/2022 1:00,0.827
11/6/2022 2:00,0.827
11/6/2022 3:00,0.834
11/6/2022 4:00,0.825
11/6/2022 5:00,0.827
11/6/2022 6:00,0.831
11/6/2022 7:00,0.832
11/6/2022 8:00,0.836
11/6/2022 9:00,0.841
11/6/2022 10:00,0.842
11/6/2022 11:00,0.836
11/6/2022 12:00,0.843
11/6/2022 13:00,0.845
11/6/2022 14:00,0.835
11/6/2022 15:00,0.836
11/6/2022 16:00,0.827
11/6/2022 17:00,0.829
11/6/2022 18:00,0.831
11/6/2022 19:00,0.833
11/6/2022 20:00,0.834
11/6/2022 21:00,0.822
11/6/2022 22:00,0.824
11/6/2022 23:00,0.821
11/7/2022 0:00,0.825
11/7/2022 1:00,0.827
11/7/2022 2:00,0.825
11/7/2022 3:00,0.831
11/7/2022 4:00,0.825
11/7/2022 5:00,0.824
11/7/2022 6:00,0.818
11/7/2022 7:00,0.809
11/7/2022 8:00,0.789
11/7/2022 9:00,0.78
11/7/2022 10:00,0.775
11/7/2022 11:00,0.78
11/7/2022 12:00,0.807
11/7/2022 13:00,0.812
11/7/2022 14:00,0.815
11/7/2022 15:00,0.831
11/7/2022 16:00,0.824
11/7/2022 17:00,0.821
11/7/2022 18:00,0.819
11/7/2022 19:00,0.805
11/7/2022 20:00,0.83
11/7/2022 21:00,0.843
11/7/2022 22:00,0.833
11/7/2022 23:00,0.812
11/8/2022 0:00,0.809
11/8/2022 1:00,0.858
11/8/2022 2:00,0.874
11/8/2022 3:00,0.879
11/8/2022 4:00,0.887
11/8/2022 5:00,0.885
11/8/2022 6:00,0.888
11/8/2022 7:00,0.884
11/8/2022 8:00,0.887
11/8/2022 9:00,0.872
11/8/2022 10:00,0.853
11/8/2022 11:00,0.835
11/8/2022 12:00,0.827
11/8/2022 13:00,0.854
11/8/2022 14:00,0.828
11/8/2022 15:00,0.837
11/8/2022 16:00,0.821
11/8/2022 17:00,0.811
11/8/2022 18:00,0.808
11/8/2022 19:00,0.81
11/8/2022 20:00,0.804
11/8/2022 21:00,0.809
11/8/2022 22:00,0.82
11/8/2022 23:00,0.813
11/9/2022 0:00,0.838
11/9/2022 1:00,0.869
11/9/2022 2:00,0.889
11/9/2022 3:00,0.883
11/9/2022 4:00,0.884
11/9/2022 5:00,0.88
11/9/2022 6:00,0.883
11/9/2022 7:00,0.857
11/9/2022 8:00,0.849
11/9/2022 9:00,0.822
11/9/2022 10:00,0.811
11/9/2022 11:00,0.813
11/9/2022 12:00,0.828
11/9/2022 13:00,0.834
11/9/2022 14:00,0.839
11/9/2022 15:00,0.835
11/9/2022 16:00,0.832
11/9/2022 17:00,0.817
11/9/2022 18:00,0.805
11/9/2022 19:00,0.792
11/9/2022 20:00,0.803
11/9/2022 21:00,0.826
11/9/2022 22:00,0.833
11/9/2022 23:00,0.814
11/10/2022 0:00,0.846
11/10/2022 1:00,0.874
11/10/2022 2:00,0.886
11/10/2022 3:00,0.882
11/10/2022 4:00,0.888
11/10/2022 5:00,0.891
11/10/2022 6:00,0.896
11/10/2022 7:00,0.891
11/10/2022 8:00,0.871
11/10/2022 9:00,0.836
11/10/2022 10:00,0.842
11/10/2022 11:00,0.826
11/10/2022 12:00,0.821
11/10/2022 13:00,0.837
11/10/2022 14:00,0.85
11/10/2022 15:00,0.844
11/10/2022 16:00,0.844
11/10/2022 17:00,0.839
11/10/2022 18:00,0.826
11/10/2022 19:00,0.814
11/10/2022 20:00,0.805
11/10/2022 21:00,0.801
11/10/2022 22:00,0.802
11/10/2022 23:00,0.805
11/11/2022 0:00,0.803
11/11/2022 1:00,0.822
11/11/2022 2:00,0.823
11/11/2022 3:00,0.82
11/11/2022 4:00,0.813
11/11/2022 5:00,0.8
11/11/2022 6:00,0.8
11/11/2022 7:00,0.806
11/11/2022 8:00,0.821
11/11/2022 9:00,0.82
11/11/2022 10:00,0.816
11/11/2022 11:00,0.818
11/11/2022 12:00,0.847
11/11/2022 13:00,0.793
11/11/2022 14:00,0.79
11/11/2022 15:00,0.794
11/11/2022 16:00,0.793
11/11/2022 17:00,0.788
11/11/2022 18:00,0.792
11/11/2022 19:00,0.804
11/11/2022 20:00,0.82
11/11/2022 21:00,0.846
11/11/2022 22:00,0.838
11/11/2022 23:00,0.801
11/12/2022 0:00,0.761
11/12/2022 1:00,0.732
11/12/2022 2:00,0.725
11/12/2022 3:00,0.718
11/12/2022 4:00,0.726
11/12/2022 5:00,0.729
11/12/2022 6:00,0.721
11/12/2022 7:00,0.719
11/12/2022 8:00,0.722
11/12/2022 9:00,0.732
11/12/2022 10:00,0.738
11/12/2022 11:00,0.749
11/12/2022 12:00,0.815
11/12/2022 13:00,0.909
11/12/2022 14:00,0.828
11/12/2022 15:00,0.794
11/12/2022 16:00,0.785
11/12/2022 17:00,0.79
11/12/2022 18:00,0.783
11/12/2022 19:00,0.779
11/12/2022 20:00,0.769
11/12/2022 21:00,0.752
11/12/2022 22:00,0.742
11/12/2022 23:00,0.74
11/13/2022 0:00,0.75
11/13/2022 1:00,0.747
11/13/2022 2:00,0.732
11/13/2022 3:00,0.729
11/13/2022 4:00,0.737
11/13/2022 5:00,0.721
11/13/2022 6:00,0.718
11/13/2022 7:00,0.727
11/13/2022 8:00,0.736
11/13/2022 9:00,0.755
11/13/2022 10:00,0.745
11/13/2022 11:00,0.774
11/13/2022 12:00,0.833
11/13/2022 13:00,0.976
11/13/2022 14:00,0.951
11/13/2022 15:00,0.905
11/13/2022 16:00,0.886
11/13/2022 17:00,0.888
11/13/2022 18:00,0.87
11/13/2022 19:00,0.842
11/13/2022 20:00,0.831
11/13/2022 21:00,0.823
11/13/2022 22:00,0.799
11/13/2022 23:00,0.816
11/14/2022 0:00,0.838
11/14/2022 1:00,0.839
11/14/2022 2:00,0.831
11/14/2022 3:00,0.827
11/14/2022 4:00,0.827
11/14/2022 5:00,0.828
11/14/2022 6:00,0.825
11/14/2022 7:00,0.825
11/14/2022 8:00,0.829
11/14/2022 9:00,0.823
11/14/2022 10:00,0.821
11/14/2022 11:00,0.872
11/14/2022 12:00,0.821
11/14/2022 13:00,0.818
11/14/2022 14:00,0.818
11/14/2022 15:00,0.81
11/14/2022 16:00,0.811
11/14/2022 17:00,0.805
11/14/2022 18:00,0.821
11/14/2022 19:00,0.822
11/14/2022 20:00,0.813
11/14/2022 21:00,0.825
11/14/2022 22:00,0.819
11/14/2022 23:00,0.807
11/15/2022 0:00,0.794
11/15/2022 1:00,0.796
11/15/2022 2:00,0.813
11/15/2022 3:00,0.809
11/15/2022 4:00,0.821
11/15/2022 5:00,0.816
11/15/2022 6:00,0.815
11/15/2022 7:00,0.822
11/15/2022 8:00,0.83
11/15/2022 9:00,0.837
11/15/2022 10:00,0.841
11/15/2022 11:00,0.856
11/15/2022 12:00,0.872
11/15/2022 13:00,0.84
11/15/2022 14:00,0.824
11/15/2022 15:00,0.828
11/15/2022 16:00,0.824
11/15/2022 17:00,0.807
11/15/2022 18:00,0.806
11/15/2022 19:00,0.788
11/15/2022 20:00,0.787
11/15/2022 21:00,0.787
11/15/2022 22:00,0.766
11/15/2022 23:00,0.779
11/16/2022 0:00,0.789
11/16/2022 1:00,0.786
11/16/2022 2:00,0.832
11/16/2022 3:00,1.131
11/16/2022 4:00,1.314
11/16/2022 5:00,1.464
11/16/2022 6:00,1.708
11/16/2022 7:00,1.772
11/16/2022 8:00,2.012
11/16/2022 9:00,2.021
11/16/2022 10:00,2.155
11/16/2022 11:00,2.506
11/16/2022 12:00,2.605
11/16/2022 13:00,2.696
11/16/2022 14:00,2.69
11/16/2022 15:00,2.694
11/16/2022 16:00,2.671
11/16/2022 17:00,2.615
11/16/2022 18:00,2.521
11/16/2022 19:00,2.459
11/16/2022 20:00,2.371
11/16/2022 21:00,2.298
11/16/2022 22:00,2.237
11/16/2022 23:00,2.196
11/17/2022 0:00,2.182
11/17/2022 1:00,2.189
11/17/2022 2:00,2.184
11/17/2022 3:00,2.187
11/17/2022 4:00,2.222
11/17/2022 5:00,2.241
11/17/2022 6:00,2.282
11/17/2022 7:00,2.318
11/17/2022 8:00,2.335
11/17/2022 9:00,2.35
11/17/2022 10:00,2.352
11/17/2022 11:00,2.388
11/17/2022 12:00,2.466
11/17/2022 13:00,2.579
11/17/2022 14:00,2.644
11/17/2022 15:00,2.63
11/17/2022 16:00,2.597
11/17/2022 17:00,2.557
11/17/2022 18:00,2.507
11/17/2022 19:00,2.483
11/17/2022 20:00,2.431
11/17/2022 21:00,2.418
11/17/2022 22:00,2.407
11/17/2022 23:00,2.389
11/18/2022 0:00,2.369
11/18/2022 1:00,2.373
11/18/2022 2:00,2.387
11/18/2022 3:00,2.416
11/18/2022 4:00,2.439
11/18/2022 5:00,2.449
11/18/2022 6:00,2.455
11/18/2022 7:00,2.451
11/18/2022 8:00,2.436
11/18/2022 9:00,2.416
11/18/2022 10:00,2.378
11/18/2022 11:00,2.392
11/18/2022 12:00,2.452
11/18/2022 13:00,2.579
11/18/2022 14:00,2.675
11/18/2022 15:00,2.633
11/18/2022 16:00,2.6
11/18/2022 17:00,2.542
11/18/2022 18:00,2.498
11/18/2022 19:00,2.452
11/18/2022 20:00,2.417
11/18/2022 21:00,2.363
11/18/2022 22:00,2.305
11/18/2022 23:00,2.262
11/19/2022 0:00,2.209
11/19/2022 1:00,2.217
11/19/2022 2:00,2.23
11/19/2022 3:00,2.254
11/19/2022 4:00,2.335
11/19/2022 5:00,2.323
11/19/2022 6:00,2.282
11/19/2022 7:00,2.371
11/19/2022 8:00,2.505
11/19/2022 9:00,2.703
11/19/2022 10:00,2.665
11/19/2022 11:00,2.707
11/19/2022 12:00,2.62
11/19/2022 13:00,2.899
11/19/2022 14:00,2.996
11/19/2022 15:00,2.916
11/19/2022 16:00,2.915
11/19/2022 17:00,2.86
11/19/2022 18:00,2.766
11/19/2022 19:00,2.624
11/19/2022 20:00,2.505
11/19/2022 21:00,2.389
11/19/2022 22:00,2.321
11/19/2022 23:00,2.292
11/20/2022 0:00,2.281
11/20/2022 1:00,2.314
11/20/2022 2:00,2.36
11/20/2022 3:00,2.463
11/20/2022 4:00,2.666
11/20/2022 5:00,2.686
11/20/2022 6:00,2.849
11/20/2022 7:00,2.981
11/20/2022 8:00,3.074
11/20/2022 9:00,3.146
11/20/2022 10:00,3.184
11/20/2022 11:00,3.176
11/20/2022 12:00,2.984
11/20/2022 13:00,2.674
11/20/2022 14:00,2.576
11/20/2022 15:00,2.552
11/20/2022 16:00,2.602
11/20/2022 17:00,2.546
11/20/2022 18:00,2.468
11/20/2022 19:00,2.311
11/20/2022 20:00,2.177
11/20/2022 21:00,2.071
11/20/2022 22:00,2.008
11/20/2022 23:00,1.98
11/21/2022 0:00,1.985
11/21/2022 1:00,1.974
11/21/2022 2:00,1.991
11/21/2022 3:00,2.032
11/21/2022 4:00,2.086
11/21/2022 5:00,2.118
11/21/2022 6:00,2.217
11/21/2022 7:00,2.295
11/21/2022 8:00,2.319
11/21/2022 9:00,2.417
11/21/2022 10:00,2.535
11/21/2022 11:00,2.553
11/21/2022 12:00,2.504
11/21/2022 13:00,2.505
11/21/2022 14:00,2.712
11/21/2022 15:00,2.759
11/21/2022 16:00,2.759
11/21/2022 17:00,2.722
11/21/2022 18:00,2.598
11/21/2022 19:00,2.402
11/21/2022 20:00,2.265
11/21/2022 21:00,2.159
11/21/2022 22:00,2.1
11/21/2022 23:00,2.061
11/22/2022 0:00,2.029
11/22/2022 1:00,2.006
11/22/2022 2:00,2.019
11/22/2022 3:00,2.045
11/22/2022 4:00,2.082
11/22/2022 5:00,2.099
11/22/2022 6:00,2.144
11/22/2022 7:00,2.189
11/22/2022 8:00,2.241
11/22/2022 9:00,2.246
11/22/2022 10:00,2.208
11/22/2022 11:00,1.975
11/22/2022 12:00,2.016
11/22/2022 13:00,2.305
11/22/2022 14:00,2.504
11/22/2022 15:00,2.67
11/22/2022 16:00,2.688
11/22/2022 17:00,2.648
11/22/2022 18:00,2.55
11/22/2022 19:00,2.384
11/22/2022 20:00,2.241
11/22/2022 21:00,2.168
11/22/2022 22:00,2.116
11/22/2022 23:00,2.06
11/23/2022 0:00,2.034
11/23/2022 1:00,2.011
11/23/2022 2:00,2.014
11/23/2022 3:00,1.995
11/23/2022 4:00,1.952
11/23/2022 5:00,1.981
11/23/2022 6:00,1.946
11/23/2022 7:00,1.967
11/23/2022 8:00,1.974
11/23/2022 9:00,1.999
11/23/2022 10:00,1.843
11/23/2022 11:00,1.878
11/23/2022 12:00,2.029
11/23/2022 13:00,2.289
11/23/2022 14:00,2.565
11/23/2022 15:00,2.571
11/23/2022 16:00,2.651
11/23/2022 17:00,2.697
11/23/2022 18:00,2.613
11/23/2022 19:00,2.447
11/23/2022 20:00,2.271
11/23/2022 21:00,2.153
11/23/2022 22:00,2.092
11/23/2022 23:00,2.115
11/24/2022 0:00,2.155
11/24/2022 1:00,2.134
11/24/2022 2:00,2.046
11/24/2022 3:00,2.028
11/24/2022 4:00,2.013
11/24/2022 5:00,2.008
11/24/2022 6:00,1.991
11/24/2022 7:00,1.952
11/24/2022 8:00,1.896
11/24/2022 9:00,1.896
11/24/2022 10:00,1.964
11/24/2022 11:00,2.07
11/24/2022 12:00,2.251
11/24/2022 13:00,2.396
11/24/2022 14:00,2.599
11/24/2022 15:00,2.662
11/24/2022 16:00,2.617
11/24/2022 17:00,2.505
11/24/2022 18:00,2.43
11/24/2022 19:00,2.341
11/24/2022 20:00,2.254
11/24/2022 21:00,2.18
11/24/2022 22:00,2.133
11/24/2022 23:00,2.103
11/25/2022 0:00,2.079
11/25/2022 1:00,2.043
11/25/2022 2:00,1.998
11/25/2022 3:00,2.007
11/25/2022 4:00,1.979
11/25/2022 5:00,1.955
11/25/2022 6:00,1.894
11/25/2022 7:00,1.881
11/25/2022 8:00,1.874
11/25/2022 9:00,1.877
11/25/2022 10:00,1.9
11/25/2022 11:00,1.981
11/25/2022 12:00,2.176
11/25/2022 13:00,2.349
11/25/2022 14:00,2.539
11/25/2022 15:00,2.675
11/25/2022 16:00,2.74
11/25/2022 17:00,2.613
11/25/2022 18:00,2.467
11/25/2022 19:00,2.378
11/25/2022 20:00,2.289
11/25/2022 21:00,2.192
11/25/2022 22:00,2.133
11/25/2022 23:00,2.103
11/26/2022 0:00,2.088
11/26/2022 1:00,2.061
11/26/2022 2:00,2.042
11/26/2022 3:00,2.031
11/26/2022 4:00,1.979
11/26/2022 5:00,1.939
11/26/2022 6:00,1.912
11/26/2022 7:00,1.884
11/26/2022 8:00,1.847
11/26/2022 9:00,1.837
11/26/2022 10:00,1.903
11/26/2022 11:00,1.986
11/26/2022 12:00,2.195
11/26/2022 13:00,2.371
11/26/2022 14:00,2.584
11/26/2022 15:00,2.701
11/26/2022 16:00,2.649
11/26/2022 17:00,2.498
11/26/2022 18:00,2.405
11/26/2022 19:00,2.345
11/26/2022 20:00,2.31
11/26/2022 21:00,2.296
11/26/2022 22:00,2.266
11/26/2022 23:00,2.26
11/27/2022 0:00,2.241
11/27/2022 1:00,2.237
11/27/2022 2:00,2.233
11/27/2022 3:00,2.25
11/27/2022 4:00,2.251
11/27/2022 5:00,2.259
11/27/2022 6:00,2.268
11/27/2022 7:00,2.277
11/27/2022 8:00,2.274
11/27/2022 9:00,2.259
11/27/2022 10:00,2.288
11/27/2022 11:00,2.346
11/27/2022 12:00,2.373
11/27/2022 13:00,2.357
11/27/2022 14:00,2.344
11/27/2022 15:00,2.308
11/27/2022 16:00,2.262
11/27/2022 17:00,2.216
11/27/2022 18:00,2.233
11/27/2022 19:00,2.238
11/27/2022 20:00,2.203
11/27/2022 21:00,2.171
11/27/2022 22:00,2.13
11/27/2022 23:00,2.144
11/28/2022 0:00,2.149
11/28/2022 1:00,2.167
11/28/2022 2:00,2.142
11/28/2022 3:00,2.096
11/28/2022 4:00,2.073
11/28/2022 5:00,2.125
11/28/2022 6:00,2.158
11/28/2022 7:00,2.171
11/28/2022 8:00,2.2
11/28/2022 9:00,2.212
11/28/2022 10:00,2.215
11/28/2022 11:00,2.284
11/28/2022 12:00,2.3
11/28/2022 13:00,2.336
11/28/2022 14:00,2.373
11/28/2022 15:00,2.402
11/28/2022 16:00,2.41
11/28/2022 17:00,2.415
11/28/2022 18:00,2.364
11/28/2022 19:00,2.321
11/28/2022 20:00,2.299
11/28/2022 21:00,2.272
11/28/2022 22:00,2.27
11/28/2022 23:00,2.268
11/29/2022 0:00,2.278
11/29/2022 1:00,2.263
11/29/2022 2:00,2.261
11/29/2022 3:00,2.235
11/29/2022 4:00,2.216
11/29/2022 5:00,2.184
11/29/2022 6:00,2.2
11/29/2022 7:00,2.18
11/29/2022 8:00,2.159
11/29/2022 9:00,2.158
11/29/2022 10:00,2.157
11/29/2022 11:00,2.188
11/29/2022 12:00,2.258
11/29/2022 13:00,2.321
11/29/2022 14:00,2.357
11/29/2022 15:00,2.363
11/29/2022 16:00,2.362
11/29/2022 17:00,2.357
11/29/2022 18:00,2.347
11/29/2022 19:00,2.322
11/29/2022 20:00,2.277
11/29/2022 21:00,2.197
11/29/2022 22:00,2.165
11/29/2022 23:00,2.185
11/30/2022 0:00,2.184
11/30/2022 1:00,2.192
11/30/2022 2:00,2.152
11/30/2022 3:00,2.174
11/30/2022 4:00,2.157
11/30/2022 5:00,2.121
11/30/2022 6:00,2.031
11/30/2022 7:00,1.944
11/30/2022 8:00,1.906
11/30/2022 9:00,1.973
11/30/2022 10:00,2.083
11/30/2022 11:00,2.175
11/30/2022 12:00,2.282
11/30/2022 13:00,2.341
11/30/2022 14:00,2.472
11/30/2022 15:00,2.562
11/30/2022 16:00,2.653
11/30/2022 17:00,2.655
11/30/2022 18:00,2.568
11/30/2022 19:00,2.458
11/30/2022 20:00,2.369
11/30/2022 21:00,2.288
11/30/2022 22:00,2.2
11/30/2022 23:00,2.121
12/1/2022 0:00,2.081
12/1/2022 1:00,2.089
12/1/2022 2:00,2.029
12/1/2022 3:00,2.014
12/1/2022 4:00,1.981
12/1/2022 5:00,1.96
12/1/2022 6:00,2.062
12/1/2022 7:00,2.132
12/1/2022 8:00,2.168
12/1/2022 9:00,2.188
12/1/2022 10:00,2.295
12/1/2022 11:00,2.296
12/1/2022 12:00,2.364
12/1/2022 13:00,2.45
12/1/2022 14:00,2.616
12/1/2022 15:00,2.672
12/1/2022 16:00,2.635
12/1/2022 17:00,2.567
12/1/2022 18:00,2.508
12/1/2022 19:00,2.433
12/1/2022 20:00,2.387
12/1/2022 21:00,2.365
12/1/2022 22:00,2.332
12/1/2022 23:00,2.336
12/2/2022 0:00,2.346
12/2/2022 1:00,2.366
12/2/2022 2:00,2.379
12/2/2022 3:00,2.379
12/2/2022 4:00,2.374
12/2/2022 5:00,2.368
12/2/2022 6:00,2.372
12/2/2022 7:00,2.379
12/2/2022 8:00,2.38
12/2/2022 9:00,2.383
12/2/2022 10:00,2.377
12/2/2022 11:00,2.313
12/2/2022 12:00,2.396
12/2/2022 13:00,2.411
12/2/2022 14:00,2.396
12/2/2022 15:00,2.366
12/2/2022 16:00,2.21
12/2/2022 17:00,2.239
12/2/2022 18:00,2.309
12/2/2022 19:00,2.312
12/2/2022 20:00,2.241
12/2/2022 21:00,2.178
12/2/2022 22:00,2.161
12/2/2022 23:00,2.111
12/3/2022 0:00,2.038
12/3/2022 1:00,1.973
12/3/2022 2:00,1.91
12/3/2022 3:00,1.867
12/3/2022 4:00,1.887
12/3/2022 5:00,1.928
12/3/2022 6:00,1.937
12/3/2022 7:00,1.921
12/3/2022 8:00,1.886
12/3/2022 9:00,1.867
12/3/2022 10:00,1.896
12/3/2022 11:00,2.003
12/3/2022 12:00,2.113
12/3/2022 13:00,2.28
12/3/2022 14:00,2.292
12/3/2022 15:00,2.32
12/3/2022 16:00,2.353
12/3/2022 17:00,2.404
12/3/2022 18:00,2.459
12/3/2022 19:00,2.463
12/3/2022 20:00,2.435
12/3/2022 21:00,2.397
12/3/2022 22:00,2.389
12/3/2022 23:00,2.351
12/4/2022 0:00,2.334
12/4/2022 1:00,2.333
12/4/2022 2:00,2.346
12/4/2022 3:00,2.35
12/4/2022 4:00,2.358
12/4/2022 5:00,2.378
12/4/2022 6:00,2.395
12/4/2022 7:00,2.4
12/4/2022 8:00,2.401
12/4/2022 9:00,2.397
12/4/2022 10:00,2.399
12/4/2022 11:00,2.405
12/4/2022 12:00,2.464
12/4/2022 13:00,2.494
12/4/2022 14:00,2.507
12/4/2022 15:00,2.532
12/4/2022 16:00,2.522
12/4/2022 17:00,2.501
12/4/2022 18:00,2.46
12/4/2022 19:00,2.429
12/4/2022 20:00,2.409
12/4/2022 21:00,2.391
12/4/2022 22:00,2.388
12/4/2022 23:00,2.389
12/5/2022 0:00,2.39
12/5/2022 1:00,2.392
12/5/2022 2:00,2.395
12/5/2022 3:00,2.399
12/5/2022 4:00,2.389
12/5/2022 5:00,2.396
12/5/2022 6:00,2.398
12/5/2022 7:00,2.397
12/5/2022 8:00,2.409
12/5/2022 9:00,2.396
12/5/2022 10:00,2.399
12/5/2022 11:00,2.401
12/5/2022 12:00,2.415
12/5/2022 13:00,2.394
12/5/2022 14:00,2.392
12/5/2022 15:00,2.385
12/5/2022 16:00,2.365
12/5/2022 17:00,2.36
12/5/2022 18:00,2.316
12/5/2022 19:00,2.328
12/5/2022 20:00,2.341
12/5/2022 21:00,2.329
12/5/2022 22:00,2.325
12/5/2022 23:00,2.329
12/6/2022 0:00,2.337
12/6/2022 1:00,2.347
12/6/2022 2:00,2.349
12/6/2022 3:00,2.37
12/6/2022 4:00,2.354
12/6/2022 5:00,2.382
12/6/2022 6:00,2.379
12/6/2022 7:00,2.395
12/6/2022 8:00,2.395
12/6/2022 9:00,2.403
12/6/2022 10:00,2.392
12/6/2022 11:00,2.394
12/6/2022 12:00,2.427
12/6/2022 13:00,2.45
12/6/2022 14:00,2.409
12/6/2022 15:00,2.383
12/6/2022 16:00,2.381
12/6/2022 17:00,2.409
12/6/2022 18:00,2.367
12/6/2022 19:00,2.37
12/6/2022 20:00,2.363
12/6/2022 21:00,2.348
12/6/2022 22:00,2.329
12/6/2022 23:00,2.312
12/7/2022 0:00,2.293
12/7/2022 1:00,2.253
12/7/2022 2:00,2.168
12/7/2022 3:00,2.087
12/7/2022 4:00,2.055
12/7/2022 5:00,2.019
12/7/2022 6:00,1.989
12/7/2022 7:00,2.072
12/7/2022 8:00,2.131
12/7/2022 9:00,2.264
12/7/2022 10:00,2.276
12/7/2022 11:00,2.259
12/7/2022 12:00,2.305
12/7/2022 13:00,2.369
12/7/2022 14:00,2.504
12/7/2022 15:00,2.597
12/7/2022 16:00,2.613
12/7/2022 17:00,2.528
12/7/2022 18:00,2.456
12/7/2022 19:00,2.44
12/7/2022 20:00,2.393
12/7/2022 21:00,2.367
12/7/2022 22:00,2.324
12/7/2022 23:00,2.249
12/8/2022 0:00,2.235
12/8/2022 1:00,2.229
12/8/2022 2:00,2.24
12/8/2022 3:00,2.252
12/8/2022 4:00,2.262
12/8/2022 5:00,2.215
12/8/2022 6:00,2.248
12/8/2022 7:00,2.321
12/8/2022 8:00,2.32
12/8/2022 9:00,2.232
12/8/2022 10:00,2.241
12/8/2022 11:00,2.37
12/8/2022 12:00,2.364
12/8/2022 13:00,2.441
12/8/2022 14:00,2.488
12/8/2022 15:00,2.53
12/8/2022 16:00,2.588
12/8/2022 17:00,2.576
12/8/2022 18:00,2.527
12/8/2022 19:00,2.462
12/8/2022 20:00,2.422
12/8/2022 21:00,2.376
12/8/2022 22:00,2.307
12/8/2022 23:00,2.244
12/9/2022 0:00,2.191
12/9/2022 1:00,2.14
12/9/2022 2:00,2.113
12/9/2022 3:00,2.121
12/9/2022 4:00,2.193
12/9/2022 5:00,2.221
12/9/2022 6:00,2.119
12/9/2022 7:00,2.084
12/9/2022 8:00,2.109
12/9/2022 9:00,2.18
12/9/2022 10:00,2.213
12/9/2022 11:00,2.184
12/9/2022 12:00,2.261
12/9/2022 13:00,2.385
12/9/2022 14:00,2.447
12/9/2022 15:00,2.504
12/9/2022 16:00,2.563
12/9/2022 17:00,2.628
12/9/2022 18:00,2.589
12/9/2022 19:00,2.521
12/9/2022 20:00,2.439
12/9/2022 21:00,2.374
12/9/2022 22:00,2.289
12/9/2022 23:00,2.24
12/10/2022 0:00,2.191
12/10/2022 1:00,2.124
12/10/2022 2:00,2.078
12/10/2022 3:00,2.093
12/10/2022 4:00,2.148
12/10/2022 5:00,2.07
12/10/2022 6:00,2.025
12/10/2022 7:00,1.999
12/10/2022 8:00,1.951
12/10/2022 9:00,1.886
12/10/2022 10:00,1.867
12/10/2022 11:00,1.903
12/10/2022 12:00,2.061
12/10/2022 13:00,2.258
12/10/2022 14:00,2.38
12/10/2022 15:00,2.449
12/10/2022 16:00,2.51
12/10/2022 17:00,2.578
12/10/2022 18:00,2.581
12/10/2022 19:00,2.464
12/10/2022 20:00,2.374
12/10/2022 21:00,2.275
12/10/2022 22:00,2.171
12/10/2022 23:00,2.087
12/11/2022 0:00,2.014
12/11/2022 1:00,1.978
12/11/2022 2:00,1.979
12/11/2022 3:00,1.952
12/11/2022 4:00,1.899
12/11/2022 5:00,1.822
12/11/2022 6:00,1.766
12/11/2022 7:00,1.73
12/11/2022 8:00,1.787
12/11/2022 9:00,1.781
12/11/2022 10:00,1.776
12/11/2022 11:00,1.828
12/11/2022 12:00,1.985
12/11/2022 13:00,2.199
12/11/2022 14:00,2.328
12/11/2022 15:00,2.365
12/11/2022 16:00,2.466
12/11/2022 17:00,2.532
12/11/2022 18:00,2.544
12/11/2022 19:00,2.521
12/11/2022 20:00,2.429
12/11/2022 21:00,2.35
12/11/2022 22:00,2.258
12/11/2022 23:00,2.149
12/12/2022 0:00,2.087
12/12/2022 1:00,2.052
12/12/2022 2:00,2.063
12/12/2022 3:00,2.065
12/12/2022 4:00,2.075
12/12/2022 5:00,2.061
12/12/2022 6:00,2.083
12/12/2022 7:00,2.015
12/12/2022 8:00,1.992
12/12/2022 9:00,2.126
12/12/2022 10:00,2.027
12/12/2022 11:00,2.024
12/12/2022 12:00,2.176
12/12/2022 13:00,2.265
12/12/2022 14:00,2.32
12/12/2022 15:00,2.385
12/12/2022 16:00,2.438
12/12/2022 17:00,2.452
12/12/2022 18:00,2.435
12/12/2022 19:00,2.348
12/12/2022 20:00,2.251
12/12/2022 21:00,2.269
12/12/2022 22:00,2.226
12/12/2022 23:00,2.228
12/13/2022 0:00,2.211
12/13/2022 1:00,2.171
12/13/2022 2:00,2.16
12/13/2022 3:00,2.223
12/13/2022 4:00,2.244
12/13/2022 5:00,2.236
12/13/2022 6:00,2.232
12/13/2022 7:00,2.223
12/13/2022 8:00,2.176
12/13/2022 9:00,2.159
12/13/2022 10:00,2.146
12/13/2022 11:00,2.153
12/13/2022 12:00,2.124
12/13/2022 13:00,2.163
12/13/2022 14:00,2.109
12/13/2022 15:00,2.153
12/13/2022 16:00,2.247
12/13/2022 17:00,2.298
12/13/2022 18:00,2.309
12/13/2022 19:00,2.326
12/13/2022 20:00,2.304
12/13/2022 21:00,2.268
12/13/2022 22:00,2.255
12/13/2022 23:00,2.242
12/14/2022 0:00,2.258
12/14/2022 1:00,2.266
12/14/2022 2:00,2.273
12/14/2022 3:00,2.293
12/14/2022 4:00,2.264
12/14/2022 5:00,2.249
12/14/2022 6:00,2.228
12/14/2022 7:00,2.192
12/14/2022 8:00,2.149
12/14/2022 9:00,2.146
12/14/2022 10:00,2.111
12/14/2022 11:00,2.08
12/14/2022 12:00,2.046
12/14/2022 13:00,2.092
12/14/2022 14:00,2.193
12/14/2022 15:00,2.302
12/14/2022 16:00,2.324
12/14/2022 17:00,2.337
12/14/2022 18:00,2.37
12/14/2022 19:00,2.397
12/14/2022 20:00,2.386
12/14/2022 21:00,2.362
12/14/2022 22:00,2.34
12/14/2022 23:00,2.322
12/15/2022 0:00,2.292
12/15/2022 1:00,2.277
12/15/2022 2:00,2.267
12/15/2022 3:00,2.248
12/15/2022 4:00,2.226
12/15/2022 5:00,2.187
12/15/2022 6:00,2.147
12/15/2022 7:00,2.103
12/15/2022 8:00,2.077
12/15/2022 9:00,2.068
12/15/2022 10:00,2.085
12/15/2022 11:00,2.115
12/15/2022 12:00,2.165
12/15/2022 13:00,2.184
12/15/2022 14:00,2.217
12/15/2022 15:00,2.312
12/15/2022 16:00,2.321
12/15/2022 17:00,2.325
12/15/2022 18:00,2.338
12/15/2022 19:00,2.356
12/15/2022 20:00,2.353
12/15/2022 21:00,2.335
12/15/2022 22:00,2.3
12/15/2022 23:00,2.275
12/16/2022 0:00,2.247
12/16/2022 1:00,2.215
12/16/2022 2:00,2.201
12/16/2022 3:00,2.156
12/16/2022 4:00,2.147
12/16/2022 5:00,2.131
12/16/2022 6:00,2.1
12/16/2022 7:00,2.075
12/16/2022 8:00,2.047
12/16/2022 9:00,1.98
12/16/2022 10:00,1.951
12/16/2022 11:00,1.94
12/16/2022 12:00,1.993
12/16/2022 13:00,2.066
12/16/2022 14:00,2.103
12/16/2022 15:00,2.208
12/16/2022 16:00,2.275
12/16/2022 17:00,2.286
12/16/2022 18:00,2.292
12/16/2022 19:00,2.283
12/16/2022 20:00,2.271
12/16/2022 21:00,2.252
12/16/2022 22:00,2.216
12/16/2022 23:00,2.196
12/17/2022 0:00,2.13
12/17/2022 1:00,2.028
12/17/2022 2:00,1.947
12/17/2022 3:00,1.885
12/17/2022 4:00,1.856
12/17/2022 5:00,1.844
12/17/2022 6:00,1.835
12/17/2022 7:00,1.805
12/17/2022 8:00,1.797
12/17/2022 9:00,1.813
12/17/2022 10:00,1.823
12/17/2022 11:00,1.857
12/17/2022 12:00,1.967
12/17/2022 13:00,2.122
12/17/2022 14:00,2.245
12/17/2022 15:00,2.26
12/17/2022 16:00,2.281
12/17/2022 17:00,2.298
12/17/2022 18:00,2.299
12/17/2022 19:00,2.287
12/17/2022 20:00,2.266
12/17/2022 21:00,2.232
12/17/2022 22:00,2.208
12/17/2022 23:00,2.18
12/18/2022 0:00,2.16
12/18/2022 1:00,2.148
12/18/2022 2:00,2.111
12/18/2022 3:00,2.045
12/18/2022 4:00,1.997
12/18/2022 5:00,1.989
12/18/2022 6:00,2.004
12/18/2022 7:00,2.013
12/18/2022 8:00,2.016
12/18/2022 9:00,2.02
12/18/2022 10:00,2.007
12/18/2022 11:00,2.032
12/18/2022 12:00,2.069
12/18/2022 13:00,2.12
12/18/2022 14:00,2.191
12/18/2022 15:00,2.194
12/18/2022 16:00,2.227
12/18/2022 17:00,2.256
12/18/2022 18:00,2.25
12/18/2022 19:00,2.238
12/18/2022 20:00,2.216
12/18/2022 21:00,2.197
12/18/2022 22:00,2.182
12/18/2022 23:00,2.157
12/19/2022 0:00,2.145
12/19/2022 1:00,2.133
12/19/2022 2:00,2.116
12/19/2022 3:00,2.1
12/19/2022 4:00,2.07
12/19/2022 5:00,2.05
12/19/2022 6:00,2.021
12/19/2022 7:00,2.004
12/19/2022 8:00,1.987
12/19/2022 9:00,1.97
12/19/2022 10:00,1.933
12/19/2022 11:00,1.959
12/19/2022 12:00,1.956
12/19/2022 13:00,1.997
12/19/2022 14:00,2.064
12/19/2022 15:00,2.147
12/19/2022 16:00,2.189
12/19/2022 17:00,2.202
12/19/2022 18:00,2.206
12/19/2022 19:00,2.199
12/19/2022 20:00,2.187
12/19/2022 21:00,2.167
12/19/2022 22:00,2.16
12/19/2022 23:00,2.135
12/20/2022 0:00,2.129
12/20/2022 1:00,2.14
12/20/2022 2:00,2.153
12/20/2022 3:00,2.141
12/20/2022 4:00,2.134
12/20/2022 5:00,2.13
12/20/2022 6:00,2.115
12/20/2022 7:00,2.106
12/20/2022 8:00,2.102
12/20/2022 9:00,2.094
12/20/2022 10:00,2.098
12/20/2022 11:00,2.108
12/20/2022 12:00,2.118
12/20/2022 13:00,2.156
12/20/2022 14:00,2.172
12/20/2022 15:00,2.191
12/20/2022 16:00,2.193
12/20/2022 17:00,2.19
12/20/2022 18:00,2.196
12/20/2022 19:00,2.194
12/20/2022 20:00,2.194
12/20/2022 21:00,2.194
12/20/2022 22:00,2.19
12/20/2022 23:00,2.199
12/21/2022 0:00,2.199
12/21/2022 1:00,2.191
12/21/2022 2:00,2.182
12/21/2022 3:00,2.175
12/21/2022 4:00,2.169
12/21/2022 5:00,2.164
12/21/2022 6:00,2.164
12/21/2022 7:00,2.158
12/21/2022 8:00,2.155
12/21/2022 9:00,2.163
12/21/2022 10:00,2.159
12/21/2022 11:00,2.163
12/21/2022 12:00,2.172
12/21/2022 13:00,2.178
12/21/2022 14:00,2.185
12/21/2022 15:00,2.192
12/21/2022 16:00,2.193
12/21/2022 17:00,2.201
12/21/2022 18:00,2.191
12/21/2022 19:00,2.183
12/21/2022 20:00,2.175
12/21/2022 21:00,2.184
12/21/2022 22:00,2.196
12/21/2022 23:00,2.19
12/22/2022 0:00,2.191
12/22/2022 1:00,2.173
12/22/2022 2:00,2.164
12/22/2022 3:00,2.17
12/22/2022 4:00,2.171
12/22/2022 5:00,2.159
12/22/2022 6:00,2.156
12/22/2022 7:00,2.137
12/22/2022 8:00,2.137
12/22/2022 9:00,2.154
12/22/2022 10:00,2.157
12/22/2022 11:00,2.146
12/22/2022 12:00,2.136
12/22/2022 13:00,2.144
12/22/2022 14:00,2.168
12/22/2022 15:00,2.178
12/22/2022 16:00,2.19
12/22/2022 17:00,2.188
12/22/2022 18:00,2.183
12/22/2022 19:00,2.173
12/22/2022 20:00,2.169
12/22/2022 21:00,2.159
12/22/2022 22:00,2.148
12/22/2022 23:00,2.161
12/23/2022 0:00,2.148
12/23/2022 1:00,2.144
12/23/2022 2:00,2.148
12/23/2022 3:00,2.148
12/23/2022 4:00,2.138
12/23/2022 5:00,2.146
12/23/2022 6:00,2.136
12/23/2022 7:00,2.136
12/23/2022 8:00,2.124
12/23/2022 9:00,2.109
12/23/2022 10:00,2.108
12/23/2022 11:00,2.118
12/23/2022 12:00,2.12
12/23/2022 13:00,2.153
12/23/2022 14:00,2.18
12/23/2022 15:00,2.197
12/23/2022 16:00,2.206
12/23/2022 17:00,2.217
12/23/2022 18:00,2.216
12/23/2022 19:00,2.218
12/23/2022 20:00,2.215
12/23/2022 21:00,2.198
12/23/2022 22:00,2.21
12/23/2022 23:00,2.201
12/24/2022 0:00,2.204
12/24/2022 1:00,2.194
12/24/2022 2:00,2.198
12/24/2022 3:00,2.196
12/24/2022 4:00,2.19
12/24/2022 5:00,2.185
12/24/2022 6:00,2.188
12/24/2022 7:00,2.173
12/24/2022 8:00,2.181
12/24/2022 9:00,2.178
12/24/2022 10:00,2.171
12/24/2022 11:00,2.171
12/24/2022 12:00,2.183
12/24/2022 13:00,2.174
12/24/2022 14:00,2.176
12/24/2022 15:00,2.177
12/24/2022 16:00,2.185
12/24/2022 17:00,2.19
12/24/2022 18:00,2.191
12/24/2022 19:00,2.194
12/24/2022 20:00,2.195
12/24/2022 21:00,2.191
12/24/2022 22:00,2.19
12/24/2022 23:00,2.186
12/25/2022 0:00,2.183
12/25/2022 1:00,2.185
12/25/2022 2:00,2.182
12/25/2022 3:00,2.178
12/25/2022 4:00,2.174
12/25/2022 5:00,2.174
12/25/2022 6:00,2.173
12/25/2022 7:00,2.177
12/25/2022 8:00,2.183
12/25/2022 9:00,2.18
12/25/2022 10:00,2.175
12/25/2022 11:00,2.177
12/25/2022 12:00,2.184
12/25/2022 13:00,2.182
12/25/2022 14:00,2.177
12/25/2022 15:00,2.191
12/25/2022 16:00,2.186
12/25/2022 17:00,2.194
12/25/2022 18:00,2.186
12/25/2022 19:00,2.183
12/25/2022 20:00,2.18
12/25/2022 21:00,2.188
12/25/2022 22:00,2.176
12/25/2022 23:00,2.181
12/26/2022 0:00,2.18
12/26/2022 1:00,2.18
12/26/2022 2:00,2.18
12/26/2022 3:00,2.175
12/26/2022 4:00,2.174
12/26/2022 5:00,2.165
12/26/2022 6:00,2.164
12/26/2022 7:00,2.173
12/26/2022 8:00,2.168
12/26/2022 9:00,2.161
12/26/2022 10:00,2.168
12/26/2022 11:00,2.16
12/26/2022 12:00,2.157
12/26/2022 13:00,2.155
12/26/2022 14:00,2.162
12/26/2022 15:00,2.18
12/26/2022 16:00,2.173
12/26/2022 17:00,2.181
12/26/2022 18:00,2.185
12/26/2022 19:00,2.175
12/26/2022 20:00,2.174
12/26/2022 21:00,2.172
12/26/2022 22:00,2.168
12/26/2022 23:00,2.165
12/27/2022 0:00,2.165
12/27/2022 1:00,2.162
12/27/2022 2:00,2.155
12/27/2022 3:00,2.152
12/27/2022 4:00,2.158
12/27/2022 5:00,2.143
12/27/2022 6:00,2.14
12/27/2022 7:00,2.137
12/27/2022 8:00,2.121
12/27/2022 9:00,2.104
12/27/2022 10:00,2.112
12/27/2022 11:00,2.115
12/27/2022 12:00,2.108
12/27/2022 13:00,2.131
12/27/2022 14:00,2.147
12/27/2022 15:00,2.159
12/27/2022 16:00,2.164
12/27/2022 17:00,2.182
12/27/2022 18:00,2.181
12/27/2022 19:00,2.183
12/27/2022 20:00,2.168
12/27/2022 21:00,2.162
12/27/2022 22:00,2.154
12/27/2022 23:00,2.159
12/28/2022 0:00,2.159
12/28/2022 1:00,2.151
12/28/2022 2:00,2.16
12/28/2022 3:00,2.174
12/28/2022 4:00,2.168
12/28/2022 5:00,2.169
12/28/2022 6:00,2.164
12/28/2022 7:00,2.164
12/28/2022 8:00,2.154
12/28/2022 9:00,2.15
12/28/2022 10:00,2.143
12/28/2022 11:00,2.141
12/28/2022 12:00,2.149
12/28/2022 13:00,2.154
12/28/2022 14:00,2.153
12/28/2022 15:00,2.147
12/28/2022 16:00,2.162
12/28/2022 17:00,2.167
12/28/2022 18:00,2.16
12/28/2022 19:00,2.157
12/28/2022 20:00,2.154
12/28/2022 21:00,2.155
12/28/2022 22:00,2.156
12/28/2022 23:00,2.149
12/29/2022 0:00,2.154
12/29/2022 1:00,2.154
12/29/2022 2:00,2.151
12/29/2022 3:00,2.143
12/29/2022 4:00,2.147
12/29/2022 5:00,2.15
12/29/2022 6:00,2.147
12/29/2022 7:00,2.138
12/29/2022 8:00,2.118
12/29/2022 9:00,2.11
12/29/2022 10:00,2.106
12/29/2022 11:00,2.114
12/29/2022 12:00,2.112
12/29/2022 13:00,2.113
12/29/2022 14:00,2.113
12/29/2022 15:00,2.123
12/29/2022 16:00,2.127
12/29/2022 17:00,2.138
12/29/2022 18:00,2.145
12/29/2022 19:00,2.155
12/29/2022 20:00,2.141
12/29/2022 21:00,2.131
12/29/2022 22:00,2.127
12/29/2022 23:00,2.113
12/30/2022 0:00,2.098
12/30/2022 1:00,2.101
12/30/2022 2:00,2.106
12/30/2022 3:00,2.099
12/30/2022 4:00,2.099
12/30/2022 5:00,2.083
12/30/2022 6:00,2.034
12/30/2022 7:00,2.014
12/30/2022 8:00,2.026
12/30/2022 9:00,1.998
12/30/2022 10:00,2.02
12/30/2022 11:00,1.962
12/30/2022 12:00,1.916
12/30/2022 13:00,1.978
12/30/2022 14:00,2.012
12/30/2022 15:00,2.068
12/30/2022 16:00,2.114
12/30/2022 17:00,2.137
12/30/2022 18:00,2.17
12/30/2022 19:00,2.182
12/30/2022 20:00,2.195
12/30/2022 21:00,2.191
12/30/2022 22:00,2.179
12/30/2022 23:00,2.157
12/31/2022 0:00,2.138
12/31/2022 1:00,2.134
12/31/2022 2:00,2.127
12/31/2022 3:00,2.124
12/31/2022 4:00,2.12
12/31/2022 5:00,2.124
12/31/2022 6:00,2.112
12/31/2022 7:00,2.119
12/31/2022 8:00,2.126
12/31/2022 9:00,2.116
12/31/2022 10:00,2.134
12/31/2022 11:00,2.126
12/31/2022 12:00,2.128
12/31/2022 13:00,2.126
12/31/2022 14:00,2.134
12/31/2022 15:00,2.137
12/31/2022 16:00,2.139
12/31/2022 17:00,2.147
12/31/2022 18:00,2.155
12/31/2022 19:00,2.161
12/31/2022 20:00,2.141
12/31/2022 21:00,2.142
12/31/2022 22:00,2.139
12/31/2022 23:00,2.132
1/1/2023 0:00,2.088
1/1/2023 1:00,2.159
1/1/2023 2:00,2.156
1/1/2023 3:00,2.155
1/1/2023 4:00,2.159
1/1/2023 5:00,2.155
1/1/2023 6:00,2.163
1/1/2023 7:00,2.154
1/1/2023 8:00,2.153
1/1/2023 9:00,2.156
1/1/2023 10:00,2.154
1/1/2023 11:00,2.125
1/1/2023 12:00,2.141
1/1/2023 13:00,2.177
1/1/2023 14:00,2.185
1/1/2023 15:00,2.189
1/1/2023 16:00,2.176
1/1/2023 17:00,2.183
1/1/2023 18:00,2.18
1/1/2023 19:00,2.168
1/1/2023 20:00,2.184
1/1/2023 21:00,2.181
1/1/2023 22:00,2.178
1/1/2023 23:00,2.182
1/2/2023 0:00,2.181
1/2/2023 1:00,2.186
1/2/2023 2:00,2.185
1/2/2023 3:00,2.184
1/2/2023 4:00,2.186
1/2/2023 5:00,2.18
1/2/2023 6:00,2.178
1/2/2023 7:00,2.185
1/2/2023 8:00,2.173
1/2/2023 9:00,2.182
1/2/2023 10:00,2.185
1/2/2023 11:00,2.188
1/2/2023 12:00,2.19
1/2/2023 13:00,2.191
1/2/2023 14:00,2.192
1/2/2023 15:00,2.196
1/2/2023 16:00,2.195
1/2/2023 17:00,2.197
1/2/2023 18:00,2.195
1/2/2023 19:00,2.187
1/2/2023 20:00,2.183
1/2/2023 21:00,2.173
1/2/2023 22:00,2.177
1/2/2023 23:00,2.171
1/3/2023 0:00,2.166
1/3/2023 1:00,2.172
1/3/2023 2:00,2.167
1/3/2023 3:00,2.164
1/3/2023 4:00,2.163
1/3/2023 5:00,2.161
1/3/2023 6:00,2.156
1/3/2023 7:00,2.155
1/3/2023 8:00,2.151
1/3/2023 9:00,2.156
1/3/2023 10:00,2.149
1/3/2023 11:00,2.147
1/3/2023 12:00,2.148
1/3/2023 13:00,2.161
1/3/2023 14:00,2.162
1/3/2023 15:00,2.178
1/3/2023 16:00,2.179
1/3/2023 17:00,2.171
1/3/2023 18:00,2.166
1/3/2023 19:00,2.171
1/3/2023 20:00,2.16
1/3/2023 21:00,2.153
1/3/2023 22:00,2.143
1/3/2023 23:00,2.124
1/4/2023 0:00,2.119
1/4/2023 1:00,2.099
1/4/2023 2:00,2.118
1/4/2023 3:00,2.144
1/4/2023 4:00,2.137
1/4/2023 5:00,2.09
1/4/2023 6:00,2.092
1/4/2023 7:00,2.124
1/4/2023 8:00,2.128
1/4/2023 9:00,2.12
1/4/2023 10:00,2.118
1/4/2023 11:00,2.119
1/4/2023 12:00,2.108
1/4/2023 13:00,2.116
1/4/2023 14:00,2.119
1/4/2023 15:00,2.151
1/4/2023 16:00,2.177
1/4/2023 17:00,2.182
1/4/2023 18:00,2.175
1/4/2023 19:00,2.165
1/4/2023 20:00,2.155
1/4/2023 21:00,2.141
1/4/2023 22:00,2.135
1/4/2023 23:00,2.116
1/5/2023 0:00,2.11
1/5/2023 1:00,2.103
1/5/2023 2:00,2.079
1/5/2023 3:00,2.075
1/5/2023 4:00,2.069
1/5/2023 5:00,2.063
1/5/2023 6:00,2.01
1/5/2023 7:00,1.993
1/5/2023 8:00,1.993
1/5/2023 9:00,1.919
1/5/2023 10:00,1.884
1/5/2023 11:00,1.883
1/5/2023 12:00,1.882
1/5/2023 13:00,1.906
1/5/2023 14:00,1.949
1/5/2023 15:00,2.017
1/5/2023 16:00,2.138
1/5/2023 17:00,2.2
1/5/2023 18:00,2.227
1/5/2023 19:00,2.221
1/5/2023 20:00,2.193
1/5/2023 21:00,2.177
1/5/2023 22:00,2.139
1/5/2023 23:00,2.096
1/6/2023 0:00,2.067
1/6/2023 1:00,2.035
1/6/2023 2:00,2.011
1/6/2023 3:00,2.005
1/6/2023 4:00,1.995
1/6/2023 5:00,1.978
1/6/2023 6:00,1.953
1/6/2023 7:00,1.909
1/6/2023 8:00,1.896
1/6/2023 9:00,1.893
1/6/2023 10:00,1.888
1/6/2023 11:00,1.903
1/6/2023 12:00,1.916
1/6/2023 13:00,1.923
1/6/2023 14:00,1.948
1/6/2023 15:00,2.043
1/6/2023 16:00,2.146
1/6/2023 17:00,2.199
1/6/2023 18:00,2.235
1/6/2023 19:00,2.232
1/6/2023 20:00,2.245
1/6/2023 21:00,2.216
1/6/2023 22:00,2.191
1/6/2023 23:00,2.174
1/7/2023 0:00,2.166
1/7/2023 1:00,2.166
1/7/2023 2:00,2.166
1/7/2023 3:00,2.174
1/7/2023 4:00,2.161
1/7/2023 5:00,2.154
1/7/2023 6:00,2.154
1/7/2023 7:00,2.157
1/7/2023 8:00,2.153
1/7/2023 9:00,2.161
1/7/2023 10:00,2.154
1/7/2023 11:00,2.152
1/7/2023 12:00,2.145
1/7/2023 13:00,2.153
1/7/2023 14:00,2.165
1/7/2023 15:00,2.167
1/7/2023 16:00,2.183
1/7/2023 17:00,2.2
1/7/2023 18:00,2.21
1/7/2023 19:00,2.204
1/7/2023 20:00,2.19
1/7/2023 21:00,2.179
1/7/2023 22:00,2.166
1/7/2023 23:00,2.155
1/8/2023 0:00,2.143
1/8/2023 1:00,2.139
1/8/2023 2:00,2.13
1/8/2023 3:00,2.126
1/8/2023 4:00,2.116
1/8/2023 5:00,2.109
1/8/2023 6:00,2.109
1/8/2023 7:00,2.101
1/8/2023 8:00,2.078
1/8/2023 9:00,2.04
1/8/2023 10:00,1.994
1/8/2023 11:00,1.949
1/8/2023 12:00,1.918
1/8/2023 13:00,1.924
1/8/2023 14:00,1.942
1/8/2023 15:00,1.962
1/8/2023 16:00,2.077
1/8/2023 17:00,2.222
1/8/2023 18:00,2.268
1/8/2023 19:00,2.275
1/8/2023 20:00,2.266
1/8/2023 21:00,2.254
1/8/2023 22:00,2.227
1/8/2023 23:00,2.192
1/9/2023 0:00,2.16
1/9/2023 1:00,2.145
1/9/2023 2:00,2.097
1/9/2023 3:00,2.055
1/9/2023 4:00,2.004
1/9/2023 5:00,1.967
1/9/2023 6:00,1.96
1/9/2023 7:00,1.961
1/9/2023 8:00,1.986
1/9/2023 9:00,1.993
1/9/2023 10:00,1.996
1/9/2023 11:00,2.008
1/9/2023 12:00,2.018
1/9/2023 13:00,2.039
1/9/2023 14:00,2.064
1/9/2023 15:00,2.131
1/9/2023 16:00,2.226
1/9/2023 17:00,2.274
1/9/2023 18:00,2.3
1/9/2023 19:00,2.302
1/9/2023 20:00,2.311
1/9/2023 21:00,2.306
1/9/2023 22:00,2.279
1/9/2023 23:00,2.254
1/10/2023 0:00,2.243
1/10/2023 1:00,2.235
1/10/2023 2:00,2.232
1/10/2023 3:00,2.236
1/10/2023 4:00,2.23
1/10/2023 5:00,2.225
1/10/2023 6:00,2.227
1/10/2023 7:00,2.227
1/10/2023 8:00,2.23
1/10/2023 9:00,2.237
1/10/2023 10:00,2.237
1/10/2023 11:00,2.248
1/10/2023 12:00,2.247
1/10/2023 13:00,2.248
1/10/2023 14:00,2.253
1/10/2023 15:00,2.265
1/10/2023 16:00,2.274
1/10/2023 17:00,2.287
1/10/2023 18:00,2.285
1/10/2023 19:00,2.29
1/10/2023 20:00,2.284
1/10/2023 21:00,2.274
1/10/2023 22:00,2.271
1/10/2023 23:00,2.27
1/11/2023 0:00,2.267
1/11/2023 1:00,2.267
1/11/2023 2:00,2.267
1/11/2023 3:00,2.267
1/11/2023 4:00,2.269
1/11/2023 5:00,2.266
1/11/2023 6:00,2.266
1/11/2023 7:00,2.266
1/11/2023 8:00,2.258
1/11/2023 9:00,2.256
1/11/2023 10:00,2.26
1/11/2023 11:00,2.268
1/11/2023 12:00,2.267
1/11/2023 13:00,2.265
1/11/2023 14:00,2.268
1/11/2023 15:00,2.276
1/11/2023 16:00,2.276
1/11/2023 17:00,2.272
1/11/2023 18:00,2.276
1/11/2023 19:00,2.3
1/11/2023 20:00,2.361
1/11/2023 21:00,2.347
1/11/2023 22:00,2.313
1/11/2023 23:00,2.283
1/12/2023 0:00,2.272
1/12/2023 1:00,2.26
1/12/2023 2:00,2.254
1/12/2023 3:00,2.246
1/12/2023 4:00,2.244
1/12/2023 5:00,2.238
1/12/2023 6:00,2.228
1/12/2023 7:00,2.228
1/12/2023 8:00,2.226
1/12/2023 9:00,2.219
1/12/2023 10:00,2.212
1/12/2023 11:00,2.224
1/12/2023 12:00,2.216
1/12/2023 13:00,2.208
1/12/2023 14:00,2.206
1/12/2023 15:00,2.233
1/12/2023 16:00,2.268
1/12/2023 17:00,2.298
1/12/2023 18:00,2.299
1/12/2023 19:00,2.285
1/12/2023 20:00,2.264
1/12/2023 21:00,2.259
1/12/2023 22:00,2.236
1/12/2023 23:00,2.219
1/13/2023 0:00,2.186
1/13/2023 1:00,2.185
1/13/2023 2:00,2.184
1/13/2023 3:00,2.181
1/13/2023 4:00,2.163
1/13/2023 5:00,2.151
1/13/2023 6:00,2.114
1/13/2023 7:00,2.063
1/13/2023 8:00,2.033
1/13/2023 9:00,2.013
1/13/2023 10:00,1.998
1/13/2023 11:00,1.997
1/13/2023 12:00,1.994
1/13/2023 13:00,2
1/13/2023 14:00,2.029
1/13/2023 15:00,2.07
1/13/2023 16:00,2.184
1/13/2023 17:00,2.291
1/13/2023 18:00,2.336
1/13/2023 19:00,2.329
1/13/2023 20:00,2.324
1/13/2023 21:00,2.27
1/13/2023 22:00,2.231
1/13/2023 23:00,2.209
1/14/2023 0:00,2.185
1/14/2023 1:00,2.17
1/14/2023 2:00,2.154
1/14/2023 3:00,2.138
1/14/2023 4:00,2.119
1/14/2023 5:00,2.087
1/14/2023 6:00,2.068
1/14/2023 7:00,2.044
1/14/2023 8:00,2.011
1/14/2023 9:00,1.999
1/14/2023 10:00,1.981
1/14/2023 11:00,1.965
1/14/2023 12:00,1.965
1/14/2023 13:00,1.985
1/14/2023 14:00,2.018
1/14/2023 15:00,2.083
1/14/2023 16:00,2.215
1/14/2023 17:00,2.288
1/14/2023 18:00,2.306
1/14/2023 19:00,2.316
1/14/2023 20:00,2.326
1/14/2023 21:00,2.327
1/14/2023 22:00,2.303
1/14/2023 23:00,2.284
1/15/2023 0:00,2.261
1/15/2023 1:00,2.242
1/15/2023 2:00,2.236
1/15/2023 3:00,2.23
1/15/2023 4:00,2.226
1/15/2023 5:00,2.222
1/15/2023 6:00,2.22
1/15/2023 7:00,2.206
1/15/2023 8:00,2.201
1/15/2023 9:00,2.204
1/15/2023 10:00,2.2
1/15/2023 11:00,2.206
1/15/2023 12:00,2.215
1/15/2023 13:00,2.225
1/15/2023 14:00,2.247
1/15/2023 15:00,2.254
1/15/2023 16:00,2.285
1/15/2023 17:00,2.299
1/15/2023 18:00,2.302
1/15/2023 19:00,2.3
1/15/2023 20:00,2.301
1/15/2023 21:00,2.296
1/15/2023 22:00,2.285
1/15/2023 23:00,2.28
1/16/2023 0:00,2.281
1/16/2023 1:00,2.277
1/16/2023 2:00,2.281
1/16/2023 3:00,2.283
1/16/2023 4:00,2.293
1/16/2023 5:00,2.287
1/16/2023 6:00,2.286
1/16/2023 7:00,2.283
1/16/2023 8:00,2.276
1/16/2023 9:00,2.27
1/16/2023 10:00,2.282
1/16/2023 11:00,2.277
1/16/2023 12:00,2.282
1/16/2023 13:00,2.285
1/16/2023 14:00,2.291
1/16/2023 15:00,2.3
1/16/2023 16:00,2.305
1/16/2023 17:00,2.308
1/16/2023 18:00,2.302
1/16/2023 19:00,2.294
1/16/2023 20:00,2.3
1/16/2023 21:00,2.297
1/16/2023 22:00,2.293
1/16/2023 23:00,2.28
1/17/2023 0:00,2.283
1/17/2023 1:00,2.27
1/17/2023 2:00,2.266
1/17/2023 3:00,2.268
1/17/2023 4:00,2.268
1/17/2023 5:00,2.259
1/17/2023 6:00,2.252
1/17/2023 7:00,2.252
1/17/2023 8:00,2.256
1/17/2023 9:00,2.252
1/17/2023 10:00,2.245
1/17/2023 11:00,2.241
1/17/2023 12:00,2.251
1/17/2023 13:00,2.264
1/17/2023 14:00,2.259
1/17/2023 15:00,2.267
1/17/2023 16:00,2.281
1/17/2023 17:00,2.297
1/17/2023 18:00,2.304
1/17/2023 19:00,2.296
1/17/2023 20:00,2.291
1/17/2023 21:00,2.287
1/17/2023 22:00,2.285
1/17/2023 23:00,2.277
1/18/2023 0:00,2.274
1/18/2023 1:00,2.282
1/18/2023 2:00,2.279
1/18/2023 3:00,2.272
1/18/2023 4:00,2.268
1/18/2023 5:00,2.273
1/18/2023 6:00,2.273
1/18/2023 7:00,2.268
1/18/2023 8:00,2.261
1/18/2023 9:00,2.273
1/18/2023 10:00,2.273
1/18/2023 11:00,2.286
1/18/2023 12:00,2.282
1/18/2023 13:00,2.277
1/18/2023 14:00,2.278
1/18/2023 15:00,2.274
1/18/2023 16:00,2.281
1/18/2023 17:00,2.307
1/18/2023 18:00,2.321
1/18/2023 19:00,2.328
1/18/2023 20:00,2.319
1/18/2023 21:00,2.327
1/18/2023 22:00,2.315
1/18/2023 23:00,2.309
1/19/2023 0:00,2.292
1/19/2023 1:00,2.287
1/19/2023 2:00,2.28
1/19/2023 3:00,2.259
1/19/2023 4:00,2.248
1/19/2023 5:00,2.233
1/19/2023 6:00,2.216
1/19/2023 7:00,2.19
1/19/2023 8:00,2.144
1/19/2023 9:00,2.113
1/19/2023 10:00,2.104
1/19/2023 11:00,2.077
1/19/2023 12:00,2.065
1/19/2023 13:00,2.075
1/19/2023 14:00,2.102
1/19/2023 15:00,2.137
1/19/2023 16:00,2.203
1/19/2023 17:00,2.272
1/19/2023 18:00,2.322
1/19/2023 19:00,2.344
1/19/2023 20:00,2.357
1/19/2023 21:00,2.342
1/19/2023 22:00,2.322
1/19/2023 23:00,2.298
1/20/2023 0:00,2.277
1/20/2023 1:00,2.247
1/20/2023 2:00,2.202
1/20/2023 3:00,2.173
1/20/2023 4:00,2.144
1/20/2023 5:00,2.107
1/20/2023 6:00,2.086
1/20/2023 7:00,2.085
1/20/2023 8:00,2.102
1/20/2023 9:00,2.098
1/20/2023 10:00,2.107
1/20/2023 11:00,2.115
1/20/2023 12:00,2.136
1/20/2023 13:00,2.155
1/20/2023 14:00,2.17
1/20/2023 15:00,2.205
1/20/2023 16:00,2.273
1/20/2023 17:00,2.327
1/20/2023 18:00,2.361
1/20/2023 19:00,2.371
1/20/2023 20:00,2.367
1/20/2023 21:00,2.371
1/20/2023 22:00,2.346
1/20/2023 23:00,2.333
1/21/2023 0:00,2.306
1/21/2023 1:00,2.296
1/21/2023 2:00,2.28
1/21/2023 3:00,2.268
1/21/2023 4:00,2.258
1/21/2023 5:00,2.235
1/21/2023 6:00,2.226
1/21/2023 7:00,2.229
1/21/2023 8:00,2.233
1/21/2023 9:00,2.241
1/21/2023 10:00,2.238
1/21/2023 11:00,2.234
1/21/2023 12:00,2.221
1/21/2023 13:00,2.231
1/21/2023 14:00,2.242
1/21/2023 15:00,2.262
1/21/2023 16:00,2.291
1/21/2023 17:00,2.319
1/21/2023 18:00,2.357
1/21/2023 19:00,2.378
1/21/2023 20:00,2.395
1/21/2023 21:00,2.387
1/21/2023 22:00,2.371
1/21/2023 23:00,2.348
1/22/2023 0:00,2.341
1/22/2023 1:00,2.32
1/22/2023 2:00,2.313
1/22/2023 3:00,2.309
1/22/2023 4:00,2.306
1/22/2023 5:00,2.306
1/22/2023 6:00,2.307
1/22/2023 7:00,2.311
1/22/2023 8:00,2.306
1/22/2023 9:00,2.303
1/22/2023 10:00,2.31
1/22/2023 11:00,2.313
1/22/2023 12:00,2.317
1/22/2023 13:00,2.318
1/22/2023 14:00,2.329
1/22/2023 15:00,2.336
1/22/2023 16:00,2.34
1/22/2023 17:00,2.365
1/22/2023 18:00,2.375
1/22/2023 19:00,2.378
1/22/2023 20:00,2.37
1/22/2023 21:00,2.357
1/22/2023 22:00,2.348
1/22/2023 23:00,2.338
1/23/2023 0:00,2.331
1/23/2023 1:00,2.314
1/23/2023 2:00,2.305
1/23/2023 3:00,2.304
1/23/2023 4:00,2.295
1/23/2023 5:00,2.294
1/23/2023 6:00,2.292
1/23/2023 7:00,2.287
1/23/2023 8:00,2.279
1/23/2023 9:00,2.281
1/23/2023 10:00,2.278
1/23/2023 11:00,2.285
1/23/2023 12:00,2.279
1/23/2023 13:00,2.274
1/23/2023 14:00,2.301
1/23/2023 15:00,2.322
1/23/2023 16:00,2.358
1/23/2023 17:00,2.387
1/23/2023 18:00,2.407
1/23/2023 19:00,2.396
1/23/2023 20:00,2.381
1/23/2023 21:00,2.351
1/23/2023 22:00,2.342
1/23/2023 23:00,2.32
1/24/2023 0:00,2.301
1/24/2023 1:00,2.292
1/24/2023 2:00,2.275
1/24/2023 3:00,2.274
1/24/2023 4:00,2.279
1/24/2023 5:00,2.266
1/24/2023 6:00,2.266
1/24/2023 7:00,2.26
1/24/2023 8:00,2.249
1/24/2023 9:00,2.232
1/24/2023 10:00,2.208
1/24/2023 11:00,2.197
1/24/2023 12:00,2.194
1/24/2023 13:00,2.198
1/24/2023 14:00,2.21
1/24/2023 15:00,2.25
1/24/2023 16:00,2.309
1/24/2023 17:00,2.36
1/24/2023 18:00,2.393
1/24/2023 19:00,2.399
1/24/2023 20:00,2.383
1/24/2023 21:00,2.358
1/24/2023 22:00,2.332
1/24/2023 23:00,2.307
1/25/2023 0:00,2.3
1/25/2023 1:00,2.29
1/25/2023 2:00,2.278
1/25/2023 3:00,2.278
1/25/2023 4:00,2.279
1/25/2023 5:00,2.277
1/25/2023 6:00,2.271
1/25/2023 7:00,2.27
1/25/2023 8:00,2.267
1/25/2023 9:00,2.262
1/25/2023 10:00,2.256
1/25/2023 11:00,2.247
1/25/2023 12:00,2.259
1/25/2023 13:00,2.254
1/25/2023 14:00,2.26
1/25/2023 15:00,2.272
1/25/2023 16:00,2.292
1/25/2023 17:00,2.323
1/25/2023 18:00,2.346
1/25/2023 19:00,2.37
1/25/2023 20:00,2.367
1/25/2023 21:00,2.359
1/25/2023 22:00,2.334
1/25/2023 23:00,2.315
1/26/2023 0:00,2.297
1/26/2023 1:00,2.289
1/26/2023 2:00,2.276
1/26/2023 3:00,2.27
1/26/2023 4:00,2.272
1/26/2023 5:00,2.275
1/26/2023 6:00,2.28
1/26/2023 7:00,2.284
1/26/2023 8:00,2.287
1/26/2023 9:00,2.285
1/26/2023 10:00,2.278
1/26/2023 11:00,2.274
1/26/2023 12:00,2.276
1/26/2023 13:00,2.275
1/26/2023 14:00,2.279
1/26/2023 15:00,2.282
1/26/2023 16:00,2.293
1/26/2023 17:00,2.319
1/26/2023 18:00,2.336
1/26/2023 19:00,2.356
1/26/2023 20:00,2.377
1/26/2023 21:00,2.372
1/26/2023 22:00,2.351
1/26/2023 23:00,2.331
1/27/2023 0:00,2.315
1/27/2023 1:00,2.315
1/27/2023 2:00,2.313
1/27/2023 3:00,2.305
1/27/2023 4:00,2.305
1/27/2023 5:00,2.31
1/27/2023 6:00,2.298
1/27/2023 7:00,2.298
1/27/2023 8:00,2.299
1/27/2023 9:00,2.3
1/27/2023 10:00,2.307
1/27/2023 11:00,2.314
1/27/2023 12:00,2.309
1/27/2023 13:00,2.311
1/27/2023 14:00,2.323
1/27/2023 15:00,2.332
1/27/2023 16:00,2.333
1/27/2023 17:00,2.342
1/27/2023 18:00,2.347
1/27/2023 19:00,2.336
1/27/2023 20:00,2.354
1/27/2023 21:00,2.351
1/27/2023 22:00,2.359
1/27/2023 23:00,2.35
1/28/2023 0:00,2.342
1/28/2023 1:00,2.358
1/28/2023 2:00,2.346
1/28/2023 3:00,2.341
1/28/2023 4:00,2.346
1/28/2023 5:00,2.343
1/28/2023 6:00,2.354
1/28/2023 7:00,2.347
1/28/2023 8:00,2.345
1/28/2023 9:00,2.34
1/28/2023 10:00,2.341
1/28/2023 11:00,2.337
1/28/2023 12:00,2.345
1/28/2023 13:00,2.353
1/28/2023 14:00,2.351
1/28/2023 15:00,2.359
1/28/2023 16:00,2.366
1/28/2023 17:00,2.364
1/28/2023 18:00,2.38
1/28/2023 19:00,2.376
1/28/2023 20:00,2.38
1/28/2023 21:00,2.38
1/28/2023 22:00,2.377
1/28/2023 23:00,2.375
1/29/2023 0:00,2.386
1/29/2023 1:00,2.381
1/29/2023 2:00,2.383
1/29/2023 3:00,2.382
1/29/2023 4:00,2.395
1/29/2023 5:00,2.383
1/29/2023 6:00,2.389
1/29/2023 7:00,2.386
1/29/2023 8:00,2.382
1/29/2023 9:00,2.387
1/29/2023 10:00,2.378
1/29/2023 11:00,2.361
1/29/2023 12:00,2.366
1/29/2023 13:00,2.364
1/29/2023 14:00,2.367
1/29/2023 15:00,2.369
1/29/2023 16:00,2.381
1/29/2023 17:00,2.387
1/29/2023 18:00,2.39
1/29/2023 19:00,2.397
1/29/2023 20:00,2.393
1/29/2023 21:00,2.398
1/29/2023 22:00,2.397
1/29/2023 23:00,2.405
1/30/2023 0:00,2.402
1/30/2023 1:00,2.402
1/30/2023 2:00,2.406
1/30/2023 3:00,2.412
1/30/2023 4:00,2.416
1/30/2023 5:00,2.412
1/30/2023 6:00,2.408
1/30/2023 7:00,2.416
1/30/2023 8:00,2.409
1/30/2023 9:00,2.396
1/30/2023 10:00,2.395
1/30/2023 11:00,2.386
1/30/2023 12:00,2.388
1/30/2023 13:00,2.386
1/30/2023 14:00,2.383
1/30/2023 15:00,2.385
1/30/2023 16:00,2.391
1/30/2023 17:00,2.396
1/30/2023 18:00,2.394
1/30/2023 19:00,2.399
1/30/2023 20:00,2.404
1/30/2023 21:00,2.412
1/30/2023 22:00,2.417
1/30/2023 23:00,2.413
1/31/2023 0:00,2.415
1/31/2023 1:00,2.414
1/31/2023 2:00,2.408
1/31/2023 3:00,2.414
1/31/2023 4:00,2.402
1/31/2023 5:00,2.39
1/31/2023 6:00,2.353
1/31/2023 7:00,2.277
1/31/2023 8:00,2.208
1/31/2023 9:00,2.17
1/31/2023 10:00,2.149
1/31/2023 11:00,2.161
1/31/2023 12:00,2.141
1/31/2023 13:00,2.134
1/31/2023 14:00,2.129
1/31/2023 15:00,2.143
1/31/2023 16:00,2.178
1/31/2023 17:00,2.228
1/31/2023 18:00,2.32
1/31/2023 19:00,2.363
1/31/2023 20:00,2.392
1/31/2023 21:00,2.406
1/31/2023 22:00,2.427
1/31/2023 23:00,2.434
2/1/2023 0:00,2.438
2/1/2023 1:00,2.429
2/1/2023 2:00,2.436
2/1/2023 3:00,2.423
2/1/2023 4:00,2.38
2/1/2023 5:00,2.348
2/1/2023 6:00,2.323
2/1/2023 7:00,2.311
2/1/2023 8:00,2.302
2/1/2023 9:00,2.275
2/1/2023 10:00,2.237
2/1/2023 11:00,2.195
2/1/2023 12:00,2.178
2/1/2023 13:00,2.16
2/1/2023 14:00,2.167
2/1/2023 15:00,2.184
2/1/2023 16:00,2.227
2/1/2023 17:00,2.309
2/1/2023 18:00,2.383
2/1/2023 19:00,2.435
2/1/2023 20:00,2.475
2/1/2023 21:00,2.495
2/1/2023 22:00,2.517
2/1/2023 23:00,2.53
2/2/2023 0:00,2.525
2/2/2023 1:00,2.515
2/2/2023 2:00,2.485
2/2/2023 3:00,2.442
2/2/2023 4:00,2.417
2/2/2023 5:00,2.43
2/2/2023 6:00,2.455
2/2/2023 7:00,2.43
2/2/2023 8:00,2.397
2/2/2023 9:00,2.417
2/2/2023 10:00,2.424
2/2/2023 11:00,2.438
2/2/2023 12:00,2.424
2/2/2023 13:00,2.434
2/2/2023 14:00,2.447
2/2/2023 15:00,2.448
2/2/2023 16:00,2.466
2/2/2023 17:00,2.494
2/2/2023 18:00,2.514
2/2/2023 19:00,2.53
2/2/2023 20:00,2.543
2/2/2023 21:00,2.559
2/2/2023 22:00,2.56
2/2/2023 23:00,2.552
2/3/2023 0:00,2.536
2/3/2023 1:00,2.508
2/3/2023 2:00,2.488
2/3/2023 3:00,2.472
2/3/2023 4:00,2.452
2/3/2023 5:00,2.427
2/3/2023 6:00,2.399
2/3/2023 7:00,2.419
2/3/2023 8:00,2.431
2/3/2023 9:00,2.423
2/3/2023 10:00,2.443
2/3/2023 11:00,2.421
2/3/2023 12:00,2.365
2/3/2023 13:00,2.387
2/3/2023 14:00,2.413
2/3/2023 15:00,2.414
2/3/2023 16:00,2.429
2/3/2023 17:00,2.44
2/3/2023 18:00,2.47
2/3/2023 19:00,2.482
2/3/2023 20:00,2.503
2/3/2023 21:00,2.531
2/3/2023 22:00,2.561
2/3/2023 23:00,2.566
2/4/2023 0:00,2.567
2/4/2023 1:00,2.554
2/4/2023 2:00,2.551
2/4/2023 3:00,2.527
2/4/2023 4:00,2.494
2/4/2023 5:00,2.487
2/4/2023 6:00,2.467
2/4/2023 7:00,2.45
2/4/2023 8:00,2.446
2/4/2023 9:00,2.447
2/4/2023 10:00,2.442
2/4/2023 11:00,2.444
2/4/2023 12:00,2.387
2/4/2023 13:00,2.394
2/4/2023 14:00,2.441
2/4/2023 15:00,2.467
2/4/2023 16:00,2.482
2/4/2023 17:00,2.497
2/4/2023 18:00,2.524
2/4/2023 19:00,2.527
2/4/2023 20:00,2.55
2/4/2023 21:00,2.573
2/4/2023 22:00,2.598
2/4/2023 23:00,2.607
2/5/2023 0:00,2.614
2/5/2023 1:00,2.602
2/5/2023 2:00,2.587
2/5/2023 3:00,2.567
2/5/2023 4:00,2.567
2/5/2023 5:00,2.547
2/5/2023 6:00,2.54
2/5/2023 7:00,2.54
2/5/2023 8:00,2.525
2/5/2023 9:00,2.523
2/5/2023 10:00,2.524
2/5/2023 11:00,2.526
2/5/2023 12:00,2.523
2/5/2023 13:00,2.521
2/5/2023 14:00,2.525
2/5/2023 15:00,2.535
2/5/2023 16:00,2.535
2/5/2023 17:00,2.547
2/5/2023 18:00,2.555
2/5/2023 19:00,2.559
2/5/2023 20:00,2.562
2/5/2023 21:00,2.556
2/5/2023 22:00,2.555
2/5/2023 23:00,2.568
2/6/2023 0:00,2.562
2/6/2023 1:00,2.557
2/6/2023 2:00,2.544
2/6/2023 3:00,2.549
2/6/2023 4:00,2.545
2/6/2023 5:00,2.545
2/6/2023 6:00,2.54
2/6/2023 7:00,2.54
2/6/2023 8:00,2.545
2/6/2023 9:00,2.545
2/6/2023 10:00,2.535
2/6/2023 11:00,2.543
2/6/2023 12:00,2.543
2/6/2023 13:00,2.545
2/6/2023 14:00,2.544
2/6/2023 15:00,2.545
2/6/2023 16:00,2.551
2/6/2023 17:00,2.553
2/6/2023 18:00,2.553
2/6/2023 19:00,2.562
2/6/2023 20:00,2.558
2/6/2023 21:00,2.554
2/6/2023 22:00,2.55
2/6/2023 23:00,2.55
2/7/2023 0:00,2.548
2/7/2023 1:00,2.54
2/7/2023 2:00,2.535
2/7/2023 3:00,2.523
2/7/2023 4:00,2.522
2/7/2023 5:00,2.519
2/7/2023 6:00,2.506
2/7/2023 7:00,2.495
2/7/2023 8:00,2.492
2/7/2023 9:00,2.479
2/7/2023 10:00,2.481
2/7/2023 11:00,2.493
2/7/2023 12:00,2.495
2/7/2023 13:00,2.508
2/7/2023 14:00,2.519
2/7/2023 15:00,2.511
2/7/2023 16:00,2.508
2/7/2023 17:00,2.508
2/7/2023 18:00,2.518
2/7/2023 19:00,2.536
2/7/2023 20:00,2.549
2/7/2023 21:00,2.558
2/7/2023 22:00,2.568
2/7/2023 23:00,2.561
2/8/2023 0:00,2.558
2/8/2023 1:00,2.533
2/8/2023 2:00,2.514
2/8/2023 3:00,2.509
2/8/2023 4:00,2.507
2/8/2023 5:00,2.493
2/8/2023 6:00,2.491
2/8/2023 7:00,2.486
2/8/2023 8:00,2.477
2/8/2023 9:00,2.468
2/8/2023 10:00,2.448
2/8/2023 11:00,2.368
2/8/2023 12:00,2.326
2/8/2023 13:00,2.432
2/8/2023 14:00,2.491
2/8/2023 15:00,2.504
2/8/2023 16:00,2.524
2/8/2023 17:00,2.538
2/8/2023 18:00,2.55
2/8/2023 19:00,2.579
2/8/2023 20:00,2.594
2/8/2023 21:00,2.603
2/8/2023 22:00,2.596
2/8/2023 23:00,2.577
2/9/2023 0:00,2.554
2/9/2023 1:00,2.547
2/9/2023 2:00,2.535
2/9/2023 3:00,2.529
2/9/2023 4:00,2.526
2/9/2023 5:00,2.522
2/9/2023 6:00,2.516
2/9/2023 7:00,2.511
2/9/2023 8:00,2.506
2/9/2023 9:00,2.508
2/9/2023 10:00,2.522
2/9/2023 11:00,2.506
2/9/2023 12:00,2.513
2/9/2023 13:00,2.507
2/9/2023 14:00,2.508
2/9/2023 15:00,2.508
2/9/2023 16:00,2.516
2/9/2023 17:00,2.522
2/9/2023 18:00,2.534
2/9/2023 19:00,2.545
2/9/2023 20:00,2.554
2/9/2023 21:00,2.549
2/9/2023 22:00,2.536
2/9/2023 23:00,2.522
2/10/2023 0:00,2.506
2/10/2023 1:00,2.498
2/10/2023 2:00,2.49
2/10/2023 3:00,2.474
2/10/2023 4:00,2.478
2/10/2023 5:00,2.473
2/10/2023 6:00,2.453
2/10/2023 7:00,2.46
2/10/2023 8:00,2.44
2/10/2023 9:00,2.407
2/10/2023 10:00,2.279
2/10/2023 11:00,2.184
2/10/2023 12:00,2.076
2/10/2023 13:00,2.042
2/10/2023 14:00,2.104
2/10/2023 15:00,2.218
2/10/2023 16:00,2.338
2/10/2023 17:00,2.442
2/10/2023 18:00,2.515
2/10/2023 19:00,2.549
2/10/2023 20:00,2.594
2/10/2023 21:00,2.614
2/10/2023 22:00,2.624
2/10/2023 23:00,2.625
2/11/2023 0:00,2.61
2/11/2023 1:00,2.59
2/11/2023 2:00,2.578
2/11/2023 3:00,2.553
2/11/2023 4:00,2.513
2/11/2023 5:00,2.46
2/11/2023 6:00,2.395
2/11/2023 7:00,2.35
2/11/2023 8:00,2.305
2/11/2023 9:00,2.322
2/11/2023 10:00,2.353
2/11/2023 11:00,2.371
2/11/2023 12:00,2.403
2/11/2023 13:00,2.442
2/11/2023 14:00,2.477
2/11/2023 15:00,2.522
2/11/2023 16:00,2.531
2/11/2023 17:00,2.562
2/11/2023 18:00,2.565
2/11/2023 19:00,2.564
2/11/2023 20:00,2.588
2/11/2023 21:00,2.595
2/11/2023 22:00,2.621
2/11/2023 23:00,2.619
2/12/2023 0:00,2.608
2/12/2023 1:00,2.591
2/12/2023 2:00,2.58
2/12/2023 3:00,2.563
2/12/2023 4:00,2.545
2/12/2023 5:00,2.536
2/12/2023 6:00,2.516
2/12/2023 7:00,2.501
2/12/2023 8:00,2.47
2/12/2023 9:00,2.437
2/12/2023 10:00,2.42
2/12/2023 11:00,2.426
2/12/2023 12:00,2.432
2/12/2023 13:00,2.46
2/12/2023 14:00,2.516
2/12/2023 15:00,2.567
2/12/2023 16:00,2.578
2/12/2023 17:00,2.583
2/12/2023 18:00,2.586
2/12/2023 19:00,2.579
2/12/2023 20:00,2.604
2/12/2023 21:00,2.618
2/12/2023 22:00,2.609
2/12/2023 23:00,2.598
2/13/2023 0:00,2.578
2/13/2023 1:00,2.563
2/13/2023 2:00,2.544
2/13/2023 3:00,2.528
2/13/2023 4:00,2.521
2/13/2023 5:00,2.505
2/13/2023 6:00,2.498
2/13/2023 7:00,2.49
2/13/2023 8:00,2.491
2/13/2023 9:00,2.487
2/13/2023 10:00,2.502
2/13/2023 11:00,2.486
2/13/2023 12:00,2.471
2/13/2023 13:00,2.46
2/13/2023 14:00,2.463
2/13/2023 15:00,2.472
2/13/2023 16:00,2.476
2/13/2023 17:00,2.502
2/13/2023 18:00,2.519
2/13/2023 19:00,2.563
2/13/2023 20:00,2.606
2/13/2023 21:00,2.63
2/13/2023 22:00,2.642
2/13/2023 23:00,2.627
2/14/2023 0:00,2.601
2/14/2023 1:00,2.574
2/14/2023 2:00,2.565
2/14/2023 3:00,2.552
2/14/2023 4:00,2.547
2/14/2023 5:00,2.539
2/14/2023 6:00,2.546
2/14/2023 7:00,2.537
2/14/2023 8:00,2.534
2/14/2023 9:00,2.53
2/14/2023 10:00,2.532
2/14/2023 11:00,2.539
2/14/2023 12:00,2.551
2/14/2023 13:00,2.549
2/14/2023 14:00,2.549
2/14/2023 15:00,2.559
2/14/2023 16:00,2.557
2/14/2023 17:00,2.563
2/14/2023 18:00,2.561
2/14/2023 19:00,2.566
2/14/2023 20:00,2.558
2/14/2023 21:00,2.556
2/14/2023 22:00,2.555
2/14/2023 23:00,2.558
2/15/2023 0:00,2.557
2/15/2023 1:00,2.547
2/15/2023 2:00,2.546
2/15/2023 3:00,2.54
2/15/2023 4:00,2.543
2/15/2023 5:00,2.541
2/15/2023 6:00,2.532
2/15/2023 7:00,2.523
2/15/2023 8:00,2.524
2/15/2023 9:00,2.516
2/15/2023 10:00,2.521
2/15/2023 11:00,2.521
2/15/2023 12:00,2.511
2/15/2023 13:00,2.506
2/15/2023 14:00,2.505
2/15/2023 15:00,2.507
2/15/2023 16:00,2.524
2/15/2023 17:00,2.527
2/15/2023 18:00,2.545
2/15/2023 19:00,2.571
2/15/2023 20:00,2.581
2/15/2023 21:00,2.582
2/15/2023 22:00,2.566
2/15/2023 23:00,2.556
2/16/2023 0:00,2.536
2/16/2023 1:00,2.52
2/16/2023 2:00,2.525
2/16/2023 3:00,2.509
2/16/2023 4:00,2.513
2/16/2023 5:00,2.493
2/16/2023 6:00,2.484
2/16/2023 7:00,2.47
2/16/2023 8:00,2.459
2/16/2023 9:00,2.455
2/16/2023 10:00,2.454
2/16/2023 11:00,2.456
2/16/2023 12:00,2.454
2/16/2023 13:00,2.442
2/16/2023 14:00,2.447
2/16/2023 15:00,2.449
2/16/2023 16:00,2.458
2/16/2023 17:00,2.47
2/16/2023 18:00,2.489
2/16/2023 19:00,2.523
2/16/2023 20:00,2.553
2/16/2023 21:00,2.565
2/16/2023 22:00,2.549
2/16/2023 23:00,2.525
2/17/2023 0:00,2.484
2/17/2023 1:00,2.467
2/17/2023 2:00,2.483
2/17/2023 3:00,2.458
2/17/2023 4:00,2.446
2/17/2023 5:00,2.434
2/17/2023 6:00,2.402
2/17/2023 7:00,2.377
2/17/2023 8:00,2.348
2/17/2023 9:00,2.295
2/17/2023 10:00,2.265
2/17/2023 11:00,2.284
2/17/2023 12:00,2.281
2/17/2023 13:00,2.299
2/17/2023 14:00,2.33
2/17/2023 15:00,2.355
2/17/2023 16:00,2.396
2/17/2023 17:00,2.468
2/17/2023 18:00,2.505
2/17/2023 19:00,2.544
2/17/2023 20:00,2.56
2/17/2023 21:00,2.568
2/17/2023 22:00,2.574
2/17/2023 23:00,2.579
2/18/2023 0:00,2.548
2/18/2023 1:00,2.52
2/18/2023 2:00,2.483
2/18/2023 3:00,2.447
2/18/2023 4:00,2.431
2/18/2023 5:00,2.402
2/18/2023 6:00,2.391
2/18/2023 7:00,2.375
2/18/2023 8:00,2.376
2/18/2023 9:00,2.359
2/18/2023 10:00,2.371
2/18/2023 11:00,2.361
2/18/2023 12:00,2.341
2/18/2023 13:00,2.341
2/18/2023 14:00,2.367
2/18/2023 15:00,2.375
2/18/2023 16:00,2.409
2/18/2023 17:00,2.437
2/18/2023 18:00,2.485
2/18/2023 19:00,2.514
2/18/2023 20:00,2.556
2/18/2023 21:00,2.587
2/18/2023 22:00,2.598
2/18/2023 23:00,2.6
2/19/2023 0:00,2.595
2/19/2023 1:00,2.587
2/19/2023 2:00,2.553
2/19/2023 3:00,2.53
2/19/2023 4:00,2.518
2/19/2023 5:00,2.508
2/19/2023 6:00,2.494
2/19/2023 7:00,2.499
2/19/2023 8:00,2.495
2/19/2023 9:00,2.499
2/19/2023 10:00,2.502
2/19/2023 11:00,2.488
2/19/2023 12:00,2.496
2/19/2023 13:00,2.497
2/19/2023 14:00,2.49
2/19/2023 15:00,2.513
2/19/2023 16:00,2.518
2/19/2023 17:00,2.522
2/19/2023 18:00,2.532
2/19/2023 19:00,2.55
2/19/2023 20:00,2.56
2/19/2023 21:00,2.568
2/19/2023 22:00,2.565
2/19/2023 23:00,2.559
2/20/2023 0:00,2.552
2/20/2023 1:00,2.542
2/20/2023 2:00,2.529
2/20/2023 3:00,2.52
2/20/2023 4:00,2.513
2/20/2023 5:00,2.509
2/20/2023 6:00,2.512
2/20/2023 7:00,2.5
2/20/2023 8:00,2.501
2/20/2023 9:00,2.495
2/20/2023 10:00,2.497
2/20/2023 11:00,2.503
2/20/2023 12:00,2.503
2/20/2023 13:00,2.494
2/20/2023 14:00,2.498
2/20/2023 15:00,2.5
2/20/2023 16:00,2.5
2/20/2023 17:00,2.501
2/20/2023 18:00,2.497
2/20/2023 19:00,2.513
2/20/2023 20:00,2.504
2/20/2023 21:00,2.506
2/20/2023 22:00,2.503
2/20/2023 23:00,2.508
2/21/2023 0:00,2.507
2/21/2023 1:00,2.498
2/21/2023 2:00,2.496
2/21/2023 3:00,2.498
2/21/2023 4:00,2.494
2/21/2023 5:00,2.487
2/21/2023 6:00,2.485
2/21/2023 7:00,2.486
2/21/2023 8:00,2.478
2/21/2023 9:00,2.481
2/21/2023 10:00,2.479
2/21/2023 11:00,2.473
2/21/2023 12:00,2.458
2/21/2023 13:00,2.476
2/21/2023 14:00,2.482
2/21/2023 15:00,2.49
2/21/2023 16:00,2.501
2/21/2023 17:00,2.505
2/21/2023 18:00,2.505
2/21/2023 19:00,2.508
2/21/2023 20:00,2.507
2/21/2023 21:00,2.506
2/21/2023 22:00,2.508
2/21/2023 23:00,2.513
2/22/2023 0:00,2.504
2/22/2023 1:00,2.499
2/22/2023 2:00,2.492
2/22/2023 3:00,2.452
2/22/2023 4:00,2.429
2/22/2023 5:00,2.444
2/22/2023 6:00,2.454
2/22/2023 7:00,2.488
2/22/2023 8:00,2.536
2/22/2023 9:00,2.537
2/22/2023 10:00,2.525
2/22/2023 11:00,2.518
2/22/2023 12:00,2.509
2/22/2023 13:00,2.499
2/22/2023 14:00,2.505
2/22/2023 15:00,2.507
2/22/2023 16:00,2.507
2/22/2023 17:00,2.515
2/22/2023 18:00,2.513
2/22/2023 19:00,2.495
2/22/2023 20:00,2.492
2/22/2023 21:00,2.481
2/22/2023 22:00,2.474
2/22/2023 23:00,2.478
2/23/2023 0:00,2.47
2/23/2023 1:00,2.478
2/23/2023 2:00,2.478
2/23/2023 3:00,2.474
2/23/2023 4:00,2.462
2/23/2023 5:00,2.447
2/23/2023 6:00,2.454
2/23/2023 7:00,2.446
2/23/2023 8:00,2.415
2/23/2023 9:00,2.394
2/23/2023 10:00,2.391
2/23/2023 11:00,2.387
2/23/2023 12:00,2.372
2/23/2023 13:00,2.396
2/23/2023 14:00,2.413
2/23/2023 15:00,2.426
2/23/2023 16:00,2.468
2/23/2023 17:00,2.516
2/23/2023 18:00,2.544
2/23/2023 19:00,2.547
2/23/2023 20:00,2.551
2/23/2023 21:00,2.542
2/23/2023 22:00,2.535
2/23/2023 23:00,2.514
2/24/2023 0:00,2.495
2/24/2023 1:00,2.475
2/24/2023 2:00,2.465
2/24/2023 3:00,2.455
2/24/2023 4:00,2.447
2/24/2023 5:00,2.431
2/24/2023 6:00,2.435
2/24/2023 7:00,2.439
2/24/2023 8:00,2.43
2/24/2023 9:00,2.427
2/24/2023 10:00,2.418
2/24/2023 11:00,2.395
2/24/2023 12:00,2.33
2/24/2023 13:00,2.236
2/24/2023 14:00,2.25
2/24/2023 15:00,2.28
2/24/2023 16:00,2.419
2/24/2023 17:00,2.491
2/24/2023 18:00,2.536
2/24/2023 19:00,2.556
2/24/2023 20:00,2.564
2/24/2023 21:00,2.565
2/24/2023 22:00,2.542
2/24/2023 23:00,2.518
2/25/2023 0:00,2.498
2/25/2023 1:00,2.474
2/25/2023 2:00,2.464
2/25/2023 3:00,2.451
2/25/2023 4:00,2.454
2/25/2023 5:00,2.444
2/25/2023 6:00,2.431
2/25/2023 7:00,2.417
2/25/2023 8:00,2.401
2/25/2023 9:00,2.391
2/25/2023 10:00,2.377
2/25/2023 11:00,2.354
2/25/2023 12:00,2.325
2/25/2023 13:00,2.352
2/25/2023 14:00,2.383
2/25/2023 15:00,2.414
2/25/2023 16:00,2.483
2/25/2023 17:00,2.548
2/25/2023 18:00,2.582
2/25/2023 19:00,2.585
2/25/2023 20:00,2.56
2/25/2023 21:00,2.528
2/25/2023 22:00,2.511
2/25/2023 23:00,2.494
2/26/2023 0:00,2.485
2/26/2023 1:00,2.477
2/26/2023 2:00,2.471
2/26/2023 3:00,2.453
2/26/2023 4:00,2.439
2/26/2023 5:00,2.429
2/26/2023 6:00,2.428
2/26/2023 7:00,2.412
2/26/2023 8:00,2.406
2/26/2023 9:00,2.394
2/26/2023 10:00,2.398
2/26/2023 11:00,2.409
2/26/2023 12:00,2.403
2/26/2023 13:00,2.378
2/26/2023 14:00,2.377
2/26/2023 15:00,2.424
2/26/2023 16:00,2.475
2/26/2023 17:00,2.518
2/26/2023 18:00,2.541
2/26/2023 19:00,2.539
2/26/2023 20:00,2.535
2/26/2023 21:00,2.53
2/26/2023 22:00,2.517
2/26/2023 23:00,2.505
2/27/2023 0:00,2.485
2/27/2023 1:00,2.477
2/27/2023 2:00,2.465
2/27/2023 3:00,2.455
2/27/2023 4:00,2.453
2/27/2023 5:00,2.45
2/27/2023 6:00,2.452
2/27/2023 7:00,2.445
2/27/2023 8:00,2.435
2/27/2023 9:00,2.424
2/27/2023 10:00,2.445
2/27/2023 11:00,2.445
2/27/2023 12:00,2.446
2/27/2023 13:00,2.451
2/27/2023 14:00,2.457
2/27/2023 15:00,2.469
2/27/2023 16:00,2.478
2/27/2023 17:00,2.478
2/27/2023 18:00,2.484
2/27/2023 19:00,2.48
2/27/2023 20:00,2.485
2/27/2023 21:00,2.476
2/27/2023 22:00,2.472
2/27/2023 23:00,2.459
2/28/2023 0:00,2.454
2/28/2023 1:00,2.437
2/28/2023 2:00,2.433
2/28/2023 3:00,2.419
2/28/2023 4:00,2.42
2/28/2023 5:00,2.421
2/28/2023 6:00,2.426
2/28/2023 7:00,2.418
2/28/2023 8:00,2.414
2/28/2023 9:00,2.426
2/28/2023 10:00,2.425
2/28/2023 11:00,2.436
2/28/2023 12:00,2.439
2/28/2023 13:00,2.434
2/28/2023 14:00,2.431
2/28/2023 15:00,2.446
2/28/2023 16:00,2.449
2/28/2023 17:00,2.456
2/28/2023 18:00,2.445
2/28/2023 19:00,2.441
2/28/2023 20:00,2.443
2/28/2023 21:00,2.422
2/28/2023 22:00,2.412
2/28/2023 23:00,2.402
3/1/2023 0:00,2.391
3/1/2023 1:00,2.381
3/1/2023 2:00,2.373
3/1/2023 3:00,2.372
3/1/2023 4:00,2.351
3/1/2023 5:00,2.312
3/1/2023 6:00,2.247
3/1/2023 7:00,2.256
3/1/2023 8:00,2.234
3/1/2023 9:00,2.188
3/1/2023 10:00,2.15
3/1/2023 11:00,2.14
3/1/2023 12:00,2.142
3/1/2023 13:00,2.143
3/1/2023 14:00,2.174
3/1/2023 15:00,2.249
3/1/2023 16:00,2.379
3/1/2023 17:00,2.483
3/1/2023 18:00,2.522
3/1/2023 19:00,2.552
3/1/2023 20:00,2.553
3/1/2023 21:00,2.533
3/1/2023 22:00,2.493
3/1/2023 23:00,2.456
3/2/2023 0:00,2.417
3/2/2023 1:00,2.404
3/2/2023 2:00,2.399
3/2/2023 3:00,2.399
3/2/2023 4:00,2.395
3/2/2023 5:00,2.399
3/2/2023 6:00,2.396
3/2/2023 7:00,2.398
3/2/2023 8:00,2.4
3/2/2023 9:00,2.395
3/2/2023 10:00,2.398
3/2/2023 11:00,2.405
3/2/2023 12:00,2.407
3/2/2023 13:00,2.421
3/2/2023 14:00,2.431
3/2/2023 15:00,2.44
3/2/2023 16:00,2.452
3/2/2023 17:00,2.475
3/2/2023 18:00,2.49
3/2/2023 19:00,2.481
3/2/2023 20:00,2.486
3/2/2023 21:00,2.474
3/2/2023 22:00,2.468
3/2/2023 23:00,2.465
3/3/2023 0:00,2.448
3/3/2023 1:00,2.437
3/3/2023 2:00,2.428
3/3/2023 3:00,2.419
3/3/2023 4:00,2.386
3/3/2023 5:00,2.384
3/3/2023 6:00,2.372
3/3/2023 7:00,2.369
3/3/2023 8:00,2.362
3/3/2023 9:00,2.375
3/3/2023 10:00,2.387
3/3/2023 11:00,2.378
3/3/2023 12:00,2.363
3/3/2023 13:00,2.336
3/3/2023 14:00,2.342
3/3/2023 15:00,2.39
3/3/2023 16:00,2.455
3/3/2023 17:00,2.504
3/3/2023 18:00,2.521
3/3/2023 19:00,2.526
3/3/2023 20:00,2.51
3/3/2023 21:00,2.472
3/3/2023 22:00,2.435
3/3/2023 23:00,2.437
3/4/2023 0:00,2.421
3/4/2023 1:00,2.408
3/4/2023 2:00,2.401
3/4/2023 3:00,2.395
3/4/2023 4:00,2.382
3/4/2023 5:00,2.373
3/4/2023 6:00,2.351
3/4/2023 7:00,2.341
3/4/2023 8:00,2.334
3/4/2023 9:00,2.334
3/4/2023 10:00,2.317
3/4/2023 11:00,2.278
3/4/2023 12:00,2.209
3/4/2023 13:00,2.201
3/4/2023 14:00,2.24
3/4/2023 15:00,2.347
3/4/2023 16:00,2.452
3/4/2023 17:00,2.502
3/4/2023 18:00,2.516
3/4/2023 19:00,2.522
3/4/2023 20:00,2.5
3/4/2023 21:00,2.47
3/4/2023 22:00,2.446
3/4/2023 23:00,2.439
3/5/2023 0:00,2.424
3/5/2023 1:00,2.427
3/5/2023 2:00,2.413
3/5/2023 3:00,2.413
3/5/2023 4:00,2.408
3/5/2023 5:00,2.4
3/5/2023 6:00,2.405
3/5/2023 7:00,2.396
3/5/2023 8:00,2.397
3/5/2023 9:00,2.395
3/5/2023 10:00,2.397
3/5/2023 11:00,2.392
3/5/2023 12:00,2.401
3/5/2023 13:00,2.399
3/5/2023 14:00,2.415
3/5/2023 15:00,2.424
3/5/2023 16:00,2.427
3/5/2023 17:00,2.437
3/5/2023 18:00,2.433
3/5/2023 19:00,2.434
3/5/2023 20:00,2.435
3/5/2023 21:00,2.428
3/5/2023 22:00,2.437
3/5/2023 23:00,2.421
3/6/2023 0:00,2.416
3/6/2023 1:00,2.41
3/6/2023 2:00,2.404
3/6/2023 3:00,2.392
3/6/2023 4:00,2.392
3/6/2023 5:00,2.388
3/6/2023 6:00,2.385
3/6/2023 7:00,2.385
3/6/2023 8:00,2.386
3/6/2023 9:00,2.379
3/6/2023 10:00,2.368
3/6/2023 11:00,2.366
3/6/2023 12:00,2.372
3/6/2023 13:00,2.385
3/6/2023 14:00,2.408
3/6/2023 15:00,2.43
3/6/2023 16:00,2.441
3/6/2023 17:00,2.447
3/6/2023 18:00,2.453
3/6/2023 19:00,2.45
3/6/2023 20:00,2.45
3/6/2023 21:00,2.439
3/6/2023 22:00,2.399
3/6/2023 23:00,2.379
3/7/2023 0:00,2.37
3/7/2023 1:00,2.365
3/7/2023 2:00,2.346
3/7/2023 3:00,2.319
3/7/2023 4:00,2.293
3/7/2023 5:00,2.253
3/7/2023 6:00,2.213
3/7/2023 7:00,2.193
3/7/2023 8:00,2.201
3/7/2023 9:00,2.223
3/7/2023 10:00,2.231
3/7/2023 11:00,2.234
3/7/2023 12:00,2.22
3/7/2023 13:00,2.235
3/7/2023 14:00,2.289
3/7/2023 15:00,2.419
3/7/2023 16:00,2.491
3/7/2023 17:00,2.519
3/7/2023 18:00,2.521
3/7/2023 19:00,2.493
3/7/2023 20:00,2.465
3/7/2023 21:00,2.429
3/7/2023 22:00,2.384
3/7/2023 23:00,2.388
3/8/2023 0:00,2.353
3/8/2023 1:00,2.324
3/8/2023 2:00,2.295
3/8/2023 3:00,2.254
3/8/2023 4:00,2.202
3/8/2023 5:00,2.202
3/8/2023 6:00,2.207
3/8/2023 7:00,2.209
3/8/2023 8:00,2.212
3/8/2023 9:00,2.206
3/8/2023 10:00,2.197
3/8/2023 11:00,2.193
3/8/2023 12:00,2.168
3/8/2023 13:00,2.175
3/8/2023 14:00,2.267
3/8/2023 15:00,2.405
3/8/2023 16:00,2.479
3/8/2023 17:00,2.493
3/8/2023 18:00,2.508
3/8/2023 19:00,2.486
3/8/2023 20:00,2.461
3/8/2023 21:00,2.414
3/8/2023 22:00,2.404
3/8/2023 23:00,2.393
3/9/2023 0:00,2.358
3/9/2023 1:00,2.354
3/9/2023 2:00,2.356
3/9/2023 3:00,2.342
3/9/2023 4:00,2.336
3/9/2023 5:00,2.325
3/9/2023 6:00,2.322
3/9/2023 7:00,2.319
3/9/2023 8:00,2.316
3/9/2023 9:00,2.307
3/9/2023 10:00,2.288
3/9/2023 11:00,2.273
3/9/2023 12:00,2.288
3/9/2023 13:00,2.329
3/9/2023 14:00,2.385
3/9/2023 15:00,2.426
3/9/2023 16:00,2.417
3/9/2023 17:00,2.41
3/9/2023 18:00,2.409
3/9/2023 19:00,2.409
3/9/2023 20:00,2.396
3/9/2023 21:00,2.395
3/9/2023 22:00,2.39
3/9/2023 23:00,2.381
3/10/2023 0:00,2.363
3/10/2023 1:00,2.32
3/10/2023 2:00,2.279
3/10/2023 3:00,2.249
3/10/2023 4:00,2.233
3/10/2023 5:00,2.228
3/10/2023 6:00,2.243
3/10/2023 7:00,2.267
3/10/2023 8:00,2.298
3/10/2023 9:00,2.311
3/10/2023 10:00,2.33
3/10/2023 11:00,2.335
3/10/2023 12:00,2.35
3/10/2023 13:00,2.362
3/10/2023 14:00,2.384
3/10/2023 15:00,2.412
3/10/2023 16:00,2.448
3/10/2023 17:00,2.459
3/10/2023 18:00,2.465
3/10/2023 19:00,2.439
3/10/2023 20:00,2.411
3/10/2023 21:00,2.403
3/10/2023 22:00,2.374
3/10/2023 23:00,2.36
3/11/2023 0:00,2.32
3/11/2023 1:00,2.327
3/11/2023 2:00,2.346
3/11/2023 3:00,2.343
3/11/2023 4:00,2.346
3/11/2023 5:00,2.344
3/11/2023 6:00,2.331
3/11/2023 7:00,2.336
3/11/2023 8:00,2.333
3/11/2023 9:00,2.331
3/11/2023 10:00,2.341
3/11/2023 11:00,2.342
3/11/2023 12:00,2.348
3/11/2023 13:00,2.361
3/11/2023 14:00,2.381
3/11/2023 15:00,2.384
3/11/2023 16:00,2.384
3/11/2023 17:00,2.387
3/11/2023 18:00,2.402
3/11/2023 19:00,2.405
3/11/2023 20:00,2.414
3/11/2023 21:00,2.412
3/11/2023 22:00,2.409
3/11/2023 23:00,2.398
3/12/2023 0:00,2.374
3/12/2023 1:00,2.353
3/12/2023 2:00,2.326
3/12/2023 3:00,2.31
3/12/2023 4:00,2.309
3/12/2023 5:00,2.312
3/12/2023 6:00,2.296
3/12/2023 7:00,2.283
3/12/2023 8:00,2.274
3/12/2023 9:00,2.271
3/12/2023 10:00,2.276
3/12/2023 11:00,2.273
3/12/2023 12:00,2.274
3/12/2023 13:00,2.298
3/12/2023 14:00,2.346
3/12/2023 15:00,2.4
3/12/2023 16:00,2.444
3/12/2023 17:00,2.445
3/12/2023 18:00,2.417
3/12/2023 19:00,2.413
3/12/2023 20:00,2.398
3/12/2023 21:00,2.407
3/12/2023 22:00,2.404
3/12/2023 23:00,2.398
3/13/2023 0:00,2.395
3/13/2023 1:00,2.385
3/13/2023 2:00,2.37
3/13/2023 3:00,2.345
3/13/2023 4:00,2.324
3/13/2023 5:00,2.312
3/13/2023 6:00,2.296
3/13/2023 7:00,2.293
3/13/2023 8:00,2.292
3/13/2023 9:00,2.283
3/13/2023 10:00,2.285
3/13/2023 11:00,2.293
3/13/2023 12:00,2.316
3/13/2023 13:00,2.354
3/13/2023 14:00,2.392
3/13/2023 15:00,2.394
3/13/2023 16:00,2.395
3/13/2023 17:00,2.419
3/13/2023 18:00,2.419
3/13/2023 19:00,2.433
3/13/2023 20:00,2.439
3/13/2023 21:00,2.43
3/13/2023 22:00,2.422
3/13/2023 23:00,2.4
3/14/2023 0:00,2.396
3/14/2023 1:00,2.384
3/14/2023 2:00,2.354
3/14/2023 3:00,2.366
3/14/2023 4:00,2.363
3/14/2023 5:00,2.347
3/14/2023 6:00,2.252
3/14/2023 7:00,2.212
3/14/2023 8:00,2.217
3/14/2023 9:00,2.214
3/14/2023 10:00,2.225
3/14/2023 11:00,2.261
3/14/2023 12:00,2.327
3/14/2023 13:00,2.4
3/14/2023 14:00,2.44
3/14/2023 15:00,2.447
3/14/2023 16:00,2.443
3/14/2023 17:00,2.439
3/14/2023 18:00,2.437
3/14/2023 19:00,2.43
3/14/2023 20:00,2.44
3/14/2023 21:00,2.438
3/14/2023 22:00,2.418
3/14/2023 23:00,2.402
3/15/2023 0:00,2.38
3/15/2023 1:00,2.358
3/15/2023 2:00,2.359
3/15/2023 3:00,2.343
3/15/2023 4:00,2.338
3/15/2023 5:00,2.329
3/15/2023 6:00,2.325
3/15/2023 7:00,2.318
3/15/2023 8:00,2.332
3/15/2023 9:00,2.302
3/15/2023 10:00,2.328
3/15/2023 11:00,2.351
3/15/2023 12:00,2.373
3/15/2023 13:00,2.389
3/15/2023 14:00,2.394
3/15/2023 15:00,2.434
3/15/2023 16:00,2.428
3/15/2023 17:00,2.444
3/15/2023 18:00,2.431
3/15/2023 19:00,2.466
3/15/2023 20:00,2.433
3/15/2023 21:00,2.435
3/15/2023 22:00,2.429
3/15/2023 23:00,2.429
3/16/2023 0:00,2.437
3/16/2023 1:00,2.428
3/16/2023 2:00,2.411
3/16/2023 3:00,2.405
3/16/2023 4:00,2.399
3/16/2023 5:00,2.382
3/16/2023 6:00,2.375
3/16/2023 7:00,2.355
3/16/2023 8:00,2.349
3/16/2023 9:00,2.33
3/16/2023 10:00,2.33
3/16/2023 11:00,2.342
3/16/2023 12:00,2.384
3/16/2023 13:00,2.415
3/16/2023 14:00,2.41
3/16/2023 15:00,2.402
3/16/2023 16:00,2.384
3/16/2023 17:00,2.375
3/16/2023 18:00,2.398
3/16/2023 19:00,2.392
3/16/2023 20:00,2.357
3/16/2023 21:00,2.349
3/16/2023 22:00,2.307
3/16/2023 23:00,2.257
3/17/2023 0:00,2.23
3/17/2023 1:00,2.206
3/17/2023 2:00,2.161
3/17/2023 3:00,2.137
3/17/2023 4:00,2.069
3/17/2023 5:00,1.981
3/17/2023 6:00,1.957
3/17/2023 7:00,1.966
3/17/2023 8:00,1.985
3/17/2023 9:00,1.993
3/17/2023 10:00,2.022
3/17/2023 11:00,2.098
3/17/2023 12:00,2.31
3/17/2023 13:00,2.36
3/17/2023 14:00,2.414
3/17/2023 15:00,2.468
3/17/2023 16:00,2.496
3/17/2023 17:00,2.455
3/17/2023 18:00,2.416
3/17/2023 19:00,2.403
3/17/2023 20:00,2.349
3/17/2023 21:00,2.309
3/17/2023 22:00,2.263
3/17/2023 23:00,2.134
3/18/2023 0:00,2.103
3/18/2023 1:00,2.071
3/18/2023 2:00,1.905
3/18/2023 3:00,1.86
3/18/2023 4:00,1.825
3/18/2023 5:00,1.869
3/18/2023 6:00,1.841
3/18/2023 7:00,1.851
3/18/2023 8:00,1.77
3/18/2023 9:00,1.705
3/18/2023 10:00,1.69
3/18/2023 11:00,1.726
3/18/2023 12:00,2.027
3/18/2023 13:00,2.239
3/18/2023 14:00,2.331
3/18/2023 15:00,2.424
3/18/2023 16:00,2.457
3/18/2023 17:00,2.441
3/18/2023 18:00,2.409
3/18/2023 19:00,2.358
3/18/2023 20:00,2.323
3/18/2023 21:00,2.289
3/18/2023 22:00,2.257
3/18/2023 23:00,2.226
3/19/2023 0:00,2.199
3/19/2023 1:00,2.166
3/19/2023 2:00,2.089
3/19/2023 3:00,2.033
3/19/2023 4:00,1.961
3/19/2023 5:00,1.914
3/19/2023 6:00,1.89
3/19/2023 7:00,1.908
3/19/2023 8:00,1.948
3/19/2023 9:00,1.941
3/19/2023 10:00,1.868
3/19/2023 11:00,1.999
3/19/2023 12:00,2.326
3/19/2023 13:00,2.421
3/19/2023 14:00,2.472
3/19/2023 15:00,2.567
3/19/2023 16:00,2.586
3/19/2023 17:00,2.551
3/19/2023 18:00,2.503
3/19/2023 19:00,2.468
3/19/2023 20:00,2.412
3/19/2023 21:00,2.393
3/19/2023 22:00,2.371
3/19/2023 23:00,2.349
3/20/2023 0:00,2.339
3/20/2023 1:00,2.331
3/20/2023 2:00,2.326
3/20/2023 3:00,2.307
3/20/2023 4:00,2.269
3/20/2023 5:00,2.212
3/20/2023 6:00,2.172
3/20/2023 7:00,2.128
3/20/2023 8:00,2.081
3/20/2023 9:00,2.04
3/20/2023 10:00,2.083
3/20/2023 11:00,2.362
3/20/2023 12:00,2.44
3/20/2023 13:00,2.394
3/20/2023 14:00,2.393
3/20/2023 15:00,2.348
3/20/2023 16:00,2.344
3/20/2023 17:00,2.328
3/20/2023 18:00,2.322
3/20/2023 19:00,2.311
3/20/2023 20:00,2.32
3/20/2023 21:00,2.314
3/20/2023 22:00,2.302
3/20/2023 23:00,2.299
3/21/2023 0:00,2.3
3/21/2023 1:00,2.304
3/21/2023 2:00,2.304
3/21/2023 3:00,2.302
3/21/2023 4:00,2.295
3/21/2023 5:00,2.296
3/21/2023 6:00,2.287
3/21/2023 7:00,2.271
3/21/2023 8:00,2.252
3/21/2023 9:00,2.251
3/21/2023 10:00,2.259
3/21/2023 11:00,2.291
3/21/2023 12:00,2.332
3/21/2023 13:00,2.331
3/21/2023 14:00,2.346
3/21/2023 15:00,2.327
3/21/2023 16:00,2.325
3/21/2023 17:00,2.333
3/21/2023 18:00,2.316
3/21/2023 19:00,2.312
3/21/2023 20:00,2.306
3/21/2023 21:00,2.337
3/21/2023 22:00,2.312
3/21/2023 23:00,2.313
3/22/2023 0:00,2.29
3/22/2023 1:00,2.315
3/22/2023 2:00,2.283
3/22/2023 3:00,2.313
3/22/2023 4:00,2.311
3/22/2023 5:00,2.296
3/22/2023 6:00,2.292
3/22/2023 7:00,2.286
3/22/2023 8:00,2.314
3/22/2023 9:00,2.304
3/22/2023 10:00,2.313
3/22/2023 11:00,2.313
3/22/2023 12:00,2.436
3/22/2023 13:00,2.471
3/22/2023 14:00,2.506
3/22/2023 15:00,2.528
3/22/2023 16:00,2.535
3/22/2023 17:00,2.536
3/22/2023 18:00,2.534
3/22/2023 19:00,2.542
3/22/2023 20:00,2.519
3/22/2023 21:00,2.512
3/22/2023 22:00,2.49
3/22/2023 23:00,2.48
3/23/2023 0:00,2.465
3/23/2023 1:00,2.435
3/23/2023 2:00,2.375
3/23/2023 3:00,2.332
3/23/2023 4:00,2.313
3/23/2023 5:00,2.282
3/23/2023 6:00,2.302
3/23/2023 7:00,2.32
3/23/2023 8:00,2.347
3/23/2023 9:00,2.371
3/23/2023 10:00,2.39
3/23/2023 11:00,2.51
3/23/2023 12:00,2.577
3/23/2023 13:00,2.635
3/23/2023 14:00,2.627
3/23/2023 15:00,2.572
3/23/2023 16:00,2.559
3/23/2023 17:00,2.554
3/23/2023 18:00,2.542
3/23/2023 19:00,2.541
3/23/2023 20:00,2.498
3/23/2023 21:00,2.467
3/23/2023 22:00,2.458
3/23/2023 23:00,2.43
3/24/2023 0:00,2.417
3/24/2023 1:00,2.403
3/24/2023 2:00,2.377
3/24/2023 3:00,2.366
3/24/2023 4:00,2.346
3/24/2023 5:00,2.396
3/24/2023 6:00,2.4
3/24/2023 7:00,2.398
3/24/2023 8:00,2.398
3/24/2023 9:00,2.399
3/24/2023 10:00,2.403
3/24/2023 11:00,2.452
3/24/2023 12:00,2.497
3/24/2023 13:00,2.52
3/24/2023 14:00,2.507
3/24/2023 15:00,2.503
3/24/2023 16:00,2.475
3/24/2023 17:00,2.462
3/24/2023 18:00,2.43
3/24/2023 19:00,2.399
3/24/2023 20:00,2.365
3/24/2023 21:00,2.313
3/24/2023 22:00,2.282
3/24/2023 23:00,2.23
3/25/2023 0:00,2.169
3/25/2023 1:00,2.215
3/25/2023 2:00,2.209
3/25/2023 3:00,2.186
3/25/2023 4:00,2.159
3/25/2023 5:00,2.139
3/25/2023 6:00,2.091
3/25/2023 7:00,2.056
3/25/2023 8:00,2.072
3/25/2023 9:00,2.125
3/25/2023 10:00,2.204
3/25/2023 11:00,2.206
3/25/2023 12:00,2.257
3/25/2023 13:00,2.281
3/25/2023 14:00,2.265
3/25/2023 15:00,2.194
3/25/2023 16:00,2.096
3/25/2023 17:00,2.065
3/25/2023 18:00,1.969
3/25/2023 19:00,1.915
3/25/2023 20:00,1.848
3/25/2023 21:00,1.776
3/25/2023 22:00,1.734
3/25/2023 23:00,1.685
3/26/2023 0:00,1.674
3/26/2023 1:00,1.635
3/26/2023 2:00,1.562
3/26/2023 3:00,1.57
3/26/2023 4:00,1.514
3/26/2023 5:00,1.63
3/26/2023 6:00,1.823
3/26/2023 7:00,2.079
3/26/2023 8:00,1.995
3/26/2023 9:00,2.118
3/26/2023 10:00,2.295
3/26/2023 11:00,2.435
3/26/2023 12:00,2.482
3/26/2023 13:00,2.576
3/26/2023 14:00,2.569
3/26/2023 15:00,2.387
3/26/2023 16:00,2.018
3/26/2023 17:00,1.857
3/26/2023 18:00,1.662
3/26/2023 19:00,1.465
3/26/2023 20:00,1.326
3/26/2023 21:00,1.181
3/26/2023 22:00,1.082
3/26/2023 23:00,0.996
3/27/2023 0:00,0.952
3/27/2023 1:00,0.901
3/27/2023 2:00,0.877
3/27/2023 3:00,0.867
3/27/2023 4:00,0.845
3/27/2023 5:00,1.037
3/27/2023 6:00,1.227
3/27/2023 7:00,1.391
3/27/2023 8:00,1.488
3/27/2023 9:00,1.579
3/27/2023 10:00,1.873
3/27/2023 11:00,1.912
3/27/2023 12:00,1.886
3/27/2023 13:00,1.672
3/27/2023 14:00,1.328
3/27/2023 15:00,1.078
3/27/2023 16:00,0.8
3/27/2023 17:00,0.691
3/27/2023 18:00,0.598
3/27/2023 19:00,0.559
3/27/2023 20:00,0.515
3/27/2023 21:00,0.486
3/27/2023 22:00,0.43
3/27/2023 23:00,0.392
3/28/2023 0:00,0.357
3/28/2023 1:00,0.409
3/28/2023 2:00,0.438
3/28/2023 3:00,0.715
3/28/2023 4:00,1.413
3/28/2023 5:00,1.663
3/28/2023 6:00,2.015
3/28/2023 7:00,2.38
3/28/2023 8:00,2.531
3/28/2023 9:00,1.893
3/28/2023 10:00,2.1
3/28/2023 11:00,2.198
3/28/2023 12:00,2.448
3/28/2023 13:00,2.393
3/28/2023 14:00,2.281
3/28/2023 15:00,2.183
3/28/2023 16:00,1.762
3/28/2023 17:00,1.373
3/28/2023 18:00,1.098
3/28/2023 19:00,0.787
3/28/2023 20:00,0.529
3/28/2023 21:00,0.433
3/28/2023 22:00,0.389
3/28/2023 23:00,0.354
3/29/2023 0:00,0.339
3/29/2023 1:00,8.324
3/29/2023 2:00,32.987
3/29/2023 3:00,39.619
3/29/2023 4:00,40.686
3/29/2023 5:00,40.392
3/29/2023 6:00,39.771
3/29/2023 7:00,39.366
3/29/2023 8:00,40.715
3/29/2023 9:00,35.037
3/29/2023 10:00,33.937
3/29/2023 11:00,33.016
3/29/2023 12:00,24.998
3/29/2023 13:00,0.431
3/29/2023 14:00,0.33
3/29/2023 15:00,0.321
3/29/2023 16:00,0.301
3/29/2023 17:00,0.298
3/29/2023 18:00,0.295
3/29/2023 19:00,0.291
3/29/2023 20:00,0.291
3/29/2023 21:00,0.269
3/29/2023 22:00,0.277
3/29/2023 23:00,0.275
3/30/2023 0:00,0.273
3/30/2023 1:00,0.735
3/30/2023 2:00,41.547
3/30/2023 3:00,41.543
3/30/2023 4:00,41.539
3/30/2023 5:00,41.54
3/30/2023 6:00,41.527
3/30/2023 7:00,41.526
3/30/2023 8:00,41.572
3/30/2023 9:00,41.334
3/30/2023 10:00,5.91
3/30/2023 11:00,5.457
3/30/2023 12:00,5.236
3/30/2023 13:00,5.081
3/30/2023 14:00,4.973
3/30/2023 15:00,4.936
3/30/2023 16:00,4.892
3/30/2023 17:00,4.932
3/30/2023 18:00,4.935
3/30/2023 19:00,4.937
3/30/2023 20:00,4.916
3/30/2023 21:00,4.909
3/30/2023 22:00,4.894
3/30/2023 23:00,5.871
3/31/2023 0:00,3.82
3/31/2023 1:00,3.538
3/31/2023 2:00,2.956
3/31/2023 3:00,2.742
3/31/2023 4:00,2.317
3/31/2023 5:00,1.728
3/31/2023 6:00,1.409
3/31/2023 7:00,0.639
3/31/2023 8:00,1.763
3/31/2023 9:00,3.892
3/31/2023 10:00,3.522
3/31/2023 11:00,3.862
3/31/2023 12:00,3.914
3/31/2023 13:00,4.613
3/31/2023 14:00,7.966
3/31/2023 15:00,6.437
3/31/2023 16:00,5.097
3/31/2023 17:00,4.934
3/31/2023 18:00,4.942
3/31/2023 19:00,5.085
3/31/2023 20:00,5.249
3/31/2023 21:00,2.891
3/31/2023 22:00,1.832
3/31/2023 23:00,1.561
4/1/2023 0:00,1.296
4/1/2023 1:00,1.332
4/1/2023 2:00,1.148
4/1/2023 3:00,0.758
4/1/2023 4:00,0.297
4/1/2023 5:00,-0.078
4/1/2023 6:00,0.443
4/1/2023 7:00,-0.233
4/1/2023 8:00,1.631
4/1/2023 9:00,5.378
4/1/2023 10:00,4.938
4/1/2023 11:00,4.947
4/1/2023 12:00,4.933
4/1/2023 13:00,4.904
4/1/2023 14:00,4.874
4/1/2023 15:00,4.891
4/1/2023 16:00,4.873
4/1/2023 17:00,4.854
4/1/2023 18:00,4.899
4/1/2023 19:00,4.918
4/1/2023 20:00,4.931
4/1/2023 21:00,4.964
4/1/2023 22:00,4.981
4/1/2023 23:00,4.982
4/2/2023 0:00,4.971
4/2/2023 1:00,4.972
4/2/2023 2:00,4.964
4/2/2023 3:00,4.957
4/2/2023 4:00,4.954
4/2/2023 5:00,4.959
4/2/2023 6:00,4.963
4/2/2023 7:00,4.957
4/2/2023 8:00,4.961
4/2/2023 9:00,4.914
4/2/2023 10:00,4.902
4/2/2023 11:00,4.876
4/2/2023 12:00,4.877
4/2/2023 13:00,4.857
4/2/2023 14:00,4.846
4/2/2023 15:00,4.839
4/2/2023 16:00,4.825
4/2/2023 17:00,4.818
4/2/2023 18:00,4.848
4/2/2023 19:00,4.863
4/2/2023 20:00,4.876
4/2/2023 21:00,4.898
4/2/2023 22:00,4.915
4/2/2023 23:00,4.924
4/3/2023 0:00,4.909
4/3/2023 1:00,4.931
4/3/2023 2:00,5.173
4/3/2023 3:00,5.447
4/3/2023 4:00,5.495
4/3/2023 5:00,5.494
4/3/2023 6:00,5.507
4/3/2023 7:00,5.515
4/3/2023 8:00,5.397
4/3/2023 9:00,4.912
4/3/2023 10:00,4.797
4/3/2023 11:00,4.671
4/3/2023 12:00,4.688
4/3/2023 13:00,4.665
4/3/2023 14:00,4.635
4/3/2023 15:00,4.598
4/3/2023 16:00,4.614
4/3/2023 17:00,4.626
4/3/2023 18:00,4.669
4/3/2023 19:00,4.698
4/3/2023 20:00,4.724
4/3/2023 21:00,4.733
4/3/2023 22:00,4.749
4/3/2023 23:00,4.75
4/4/2023 0:00,4.73
4/4/2023 1:00,4.744
4/4/2023 2:00,4.741
4/4/2023 3:00,4.73
4/4/2023 4:00,4.739
4/4/2023 5:00,4.726
4/4/2023 6:00,4.735
4/4/2023 7:00,4.738
4/4/2023 8:00,4.733
4/4/2023 9:00,4.728
4/4/2023 10:00,4.748
4/4/2023 11:00,4.755
4/4/2023 12:00,4.808
4/4/2023 13:00,4.783
4/4/2023 14:00,4.774
4/4/2023 15:00,4.764
4/4/2023 16:00,4.758
4/4/2023 17:00,4.771
4/4/2023 18:00,4.776
4/4/2023 19:00,4.783
4/4/2023 20:00,4.785
4/4/2023 21:00,4.793
4/4/2023 22:00,6.919
4/4/2023 23:00,7.088
4/5/2023 0:00,7.057
4/5/2023 1:00,6.997
4/5/2023 2:00,6.951
4/5/2023 3:00,6.907
4/5/2023 4:00,6.84
4/5/2023 5:00,6.59
4/5/2023 6:00,6.461
4/5/2023 7:00,6.454
4/5/2023 8:00,6.616
4/5/2023 9:00,6.551
4/5/2023 10:00,6.37
4/5/2023 11:00,5.167
4/5/2023 12:00,4.813
4/5/2023 13:00,4.821
4/5/2023 14:00,4.825
4/5/2023 15:00,4.823
4/5/2023 16:00,4.81
4/5/2023 17:00,4.803
4/5/2023 18:00,4.789
4/5/2023 19:00,4.855
4/5/2023 20:00,6.011
4/5/2023 21:00,5.648
4/5/2023 22:00,5.53
4/5/2023 23:00,5.391
4/6/2023 0:00,5.243
4/6/2023 1:00,5.034
4/6/2023 2:00,4.923
4/6/2023 3:00,4.886
4/6/2023 4:00,4.816
4/6/2023 5:00,4.841
4/6/2023 6:00,4.857
4/6/2023 7:00,4.852
4/6/2023 8:00,4.903
4/6/2023 9:00,5.184
4/6/2023 10:00,6.374
4/6/2023 11:00,5.606
4/6/2023 12:00,4.984
4/6/2023 13:00,4.816
4/6/2023 14:00,4.848
4/6/2023 15:00,4.789
4/6/2023 16:00,4.714
4/6/2023 17:00,4.729
4/6/2023 18:00,4.774
4/6/2023 19:00,4.802
4/6/2023 20:00,4.864
4/6/2023 21:00,4.875
4/6/2023 22:00,4.862
4/6/2023 23:00,4.759
4/7/2023 0:00,4.683
4/7/2023 1:00,4.614
4/7/2023 2:00,4.42
4/7/2023 3:00,4.316
4/7/2023 4:00,4.262
4/7/2023 5:00,4.189
4/7/2023 6:00,4.189
4/7/2023 7:00,4.159
4/7/2023 8:00,4.288
4/7/2023 9:00,6.113
4/7/2023 10:00,4.953
4/7/2023 11:00,4.867
4/7/2023 12:00,4.828
4/7/2023 13:00,4.76
4/7/2023 14:00,4.651
4/7/2023 15:00,4.67
4/7/2023 16:00,4.603
4/7/2023 17:00,4.614
4/7/2023 18:00,4.643
4/7/2023 19:00,4.712
4/7/2023 20:00,4.752
4/7/2023 21:00,4.83
4/7/2023 22:00,4.832
4/7/2023 23:00,4.831
4/8/2023 0:00,4.789
4/8/2023 1:00,4.692
4/8/2023 2:00,4.645
4/8/2023 3:00,4.611
4/8/2023 4:00,4.595
4/8/2023 5:00,4.636
4/8/2023 6:00,4.596
4/8/2023 7:00,4.538
4/8/2023 8:00,4.701
4/8/2023 9:00,5.838
4/8/2023 10:00,4.816
4/8/2023 11:00,4.777
4/8/2023 12:00,4.679
4/8/2023 13:00,4.674
4/8/2023 14:00,4.709
4/8/2023 15:00,4.698
4/8/2023 16:00,4.717
4/8/2023 17:00,4.665
4/8/2023 18:00,4.685
4/8/2023 19:00,4.718
4/8/2023 20:00,4.732
4/8/2023 21:00,4.739
4/8/2023 22:00,4.737
4/8/2023 23:00,4.811
4/9/2023 0:00,4.811
4/9/2023 1:00,4.814
4/9/2023 2:00,5.003
4/9/2023 3:00,5.154
4/9/2023 4:00,5.09
4/9/2023 5:00,4.998
4/9/2023 6:00,4.944
4/9/2023 7:00,4.87
4/9/2023 8:00,5.138
4/9/2023 9:00,6.124
4/9/2023 10:00,4.816
4/9/2023 11:00,4.73
4/9/2023 12:00,4.529
4/9/2023 13:00,4.608
4/9/2023 14:00,4.63
4/9/2023 15:00,4.604
4/9/2023 16:00,4.591
4/9/2023 17:00,4.59
4/9/2023 18:00,4.635
4/9/2023 19:00,4.707
4/9/2023 20:00,4.749
4/9/2023 21:00,4.788
4/9/2023 22:00,4.804
4/9/2023 23:00,4.819
4/10/2023 0:00,4.831
4/10/2023 1:00,4.831
4/10/2023 2:00,4.832
4/10/2023 3:00,4.829
4/10/2023 4:00,4.838
4/10/2023 5:00,4.994
4/10/2023 6:00,5.063
4/10/2023 7:00,5.136
4/10/2023 8:00,5.538
4/10/2023 9:00,5.599
4/10/2023 10:00,4.596
4/10/2023 11:00,4.529
4/10/2023 12:00,4.568
4/10/2023 13:00,4.651
4/10/2023 14:00,4.624
4/10/2023 15:00,4.612
4/10/2023 16:00,4.587
4/10/2023 17:00,4.601
4/10/2023 18:00,4.614
4/10/2023 19:00,4.615
4/10/2023 20:00,4.621
4/10/2023 21:00,4.641
4/10/2023 22:00,4.661
4/10/2023 23:00,4.699
4/11/2023 0:00,4.705
4/11/2023 1:00,4.709
4/11/2023 2:00,4.724
4/11/2023 3:00,4.707
4/11/2023 4:00,4.716
4/11/2023 5:00,4.705
4/11/2023 6:00,4.697
4/11/2023 7:00,4.699
4/11/2023 8:00,4.695
4/11/2023 9:00,4.686
4/11/2023 10:00,4.678
4/11/2023 11:00,4.735
4/11/2023 12:00,4.765
4/11/2023 13:00,4.781
4/11/2023 14:00,4.757
4/11/2023 15:00,4.737
4/11/2023 16:00,4.725
4/11/2023 17:00,4.744
4/11/2023 18:00,4.775
4/11/2023 19:00,4.778
4/11/2023 20:00,4.815
4/11/2023 21:00,4.855
4/11/2023 22:00,4.893
4/11/2023 23:00,4.908
4/12/2023 0:00,4.896
4/12/2023 1:00,4.9
4/12/2023 2:00,4.895
4/12/2023 3:00,4.876
4/12/2023 4:00,4.872
4/12/2023 5:00,4.89
4/12/2023 6:00,4.899
4/12/2023 7:00,4.906
4/12/2023 8:00,4.902
4/12/2023 9:00,4.889
4/12/2023 10:00,4.877
4/12/2023 11:00,4.897
4/12/2023 12:00,4.908
4/12/2023 13:00,4.889
4/12/2023 14:00,4.848
4/12/2023 15:00,4.826
4/12/2023 16:00,4.819
4/12/2023 17:00,4.846
4/12/2023 18:00,4.882
4/12/2023 19:00,4.952
4/12/2023 20:00,4.994
4/12/2023 21:00,5.033
4/12/2023 22:00,5.049
4/12/2023 23:00,5.092
4/13/2023 0:00,5.111
4/13/2023 1:00,5.15
4/13/2023 2:00,5.185
4/13/2023 3:00,5.19
4/13/2023 4:00,5.209
4/13/2023 5:00,5.219
4/13/2023 6:00,5.217
4/13/2023 7:00,5.204
4/13/2023 8:00,5.193
4/13/2023 9:00,5.178
4/13/2023 10:00,5.157
4/13/2023 11:00,5.129
4/13/2023 12:00,5.096
4/13/2023 13:00,5.087
4/13/2023 14:00,5.064
4/13/2023 15:00,5.062
4/13/2023 16:00,5.048
4/13/2023 17:00,5.08
4/13/2023 18:00,5.11
4/13/2023 19:00,5.135
4/13/2023 20:00,5.167
4/13/2023 21:00,5.178
4/13/2023 22:00,5.198
4/13/2023 23:00,5.225
4/14/2023 0:00,5.242
4/14/2023 1:00,5.259
4/14/2023 2:00,5.257
4/14/2023 3:00,5.261
4/14/2023 4:00,5.262
4/14/2023 5:00,5.251
4/14/2023 6:00,5.246
4/14/2023 7:00,5.247
4/14/2023 8:00,5.232
4/14/2023 9:00,5.234
4/14/2023 10:00,5.209
4/14/2023 11:00,5.194
4/14/2023 12:00,5.187
4/14/2023 13:00,5.16
4/14/2023 14:00,5.142
4/14/2023 15:00,5.162
4/14/2023 16:00,5.149
4/14/2023 17:00,5.132
4/14/2023 18:00,5.136
4/14/2023 19:00,5.136
4/14/2023 20:00,5.137
4/14/2023 21:00,5.143
4/14/2023 22:00,5.154
4/14/2023 23:00,5.155
4/15/2023 0:00,5.136
4/15/2023 1:00,5.14
4/15/2023 2:00,5.122
4/15/2023 3:00,5.122
4/15/2023 4:00,5.111
4/15/2023 5:00,5.107
4/15/2023 6:00,5.071
4/15/2023 7:00,5.049
4/15/2023 8:00,5.013
4/15/2023 9:00,4.999
4/15/2023 10:00,4.959
4/15/2023 11:00,4.946
4/15/2023 12:00,4.938
4/15/2023 13:00,4.935
4/15/2023 14:00,4.921
4/15/2023 15:00,4.913
4/15/2023 16:00,4.912
4/15/2023 17:00,4.95
4/15/2023 18:00,4.967
4/15/2023 19:00,4.993
4/15/2023 20:00,4.998
4/15/2023 21:00,5.026
4/15/2023 22:00,5.04
4/15/2023 23:00,5.042
4/16/2023 0:00,5.05
4/16/2023 1:00,5.047
4/16/2023 2:00,5.039
4/16/2023 3:00,5.008
4/16/2023 4:00,4.993
4/16/2023 5:00,4.964
4/16/2023 6:00,4.939
4/16/2023 7:00,4.914
4/16/2023 8:00,4.909
4/16/2023 9:00,4.945
4/16/2023 10:00,4.894
4/16/2023 11:00,4.84
4/16/2023 12:00,4.82
4/16/2023 13:00,4.815
4/16/2023 14:00,4.822
4/16/2023 15:00,4.792
4/16/2023 16:00,4.794
4/16/2023 17:00,4.826
4/16/2023 18:00,4.883
4/16/2023 19:00,4.937
4/16/2023 20:00,4.972
4/16/2023 21:00,5.006
4/16/2023 22:00,5.025
4/16/2023 23:00,5.062
4/17/2023 0:00,5.103
4/17/2023 1:00,5.13
4/17/2023 2:00,5.141
4/17/2023 3:00,5.136
4/17/2023 4:00,5.15
4/17/2023 5:00,5.132
4/17/2023 6:00,5.097
4/17/2023 7:00,5.069
4/17/2023 8:00,5.027
4/17/2023 9:00,4.982
4/17/2023 10:00,4.939
4/17/2023 11:00,4.925
4/17/2023 12:00,4.884
4/17/2023 13:00,4.843
4/17/2023 14:00,4.822
4/17/2023 15:00,4.822
4/17/2023 16:00,4.855
4/17/2023 17:00,4.899
4/17/2023 18:00,4.947
4/17/2023 19:00,4.995
4/17/2023 20:00,5.04
4/17/2023 21:00,5.09
4/17/2023 22:00,5.145
4/17/2023 23:00,5.186
4/18/2023 0:00,5.218
4/18/2023 1:00,5.236
4/18/2023 2:00,5.266
4/18/2023 3:00,5.275
4/18/2023 4:00,5.288
4/18/2023 5:00,5.295
4/18/2023 6:00,5.293
4/18/2023 7:00,5.296
4/18/2023 8:00,5.312
4/18/2023 9:00,5.292
4/18/2023 10:00,5.327
4/18/2023 11:00,5.232
4/18/2023 12:00,5.195
4/18/2023 13:00,5.165
4/18/2023 14:00,5.126
4/18/2023 15:00,5.092
4/18/2023 16:00,5.12
4/18/2023 17:00,5.15
4/18/2023 18:00,5.177
4/18/2023 19:00,5.199
4/18/2023 20:00,5.232
4/18/2023 21:00,5.269
4/18/2023 22:00,5.307
4/18/2023 23:00,5.333
4/19/2023 0:00,5.362
4/19/2023 1:00,5.391
4/19/2023 2:00,5.411
4/19/2023 3:00,5.428
4/19/2023 4:00,5.44
4/19/2023 5:00,5.444
4/19/2023 6:00,5.44
4/19/2023 7:00,5.443
4/19/2023 8:00,5.451
4/19/2023 9:00,5.43
4/19/2023 10:00,5.421
4/19/2023 11:00,5.407
4/19/2023 12:00,5.412
4/19/2023 13:00,5.404
4/19/2023 14:00,5.397
4/19/2023 15:00,5.398
4/19/2023 16:00,5.393
4/19/2023 17:00,5.383
4/19/2023 18:00,5.405
4/19/2023 19:00,5.396
4/19/2023 20:00,5.403
4/19/2023 21:00,5.411
4/19/2023 22:00,5.413
4/19/2023 23:00,5.414
4/20/2023 0:00,5.409
4/20/2023 1:00,5.412
4/20/2023 2:00,5.408
4/20/2023 3:00,5.403
4/20/2023 4:00,5.398
4/20/2023 5:00,5.379
4/20/2023 6:00,5.36
4/20/2023 7:00,5.352
4/20/2023 8:00,5.314
4/20/2023 9:00,5.274
4/20/2023 10:00,5.214
4/20/2023 11:00,5.196
4/20/2023 12:00,5.147
4/20/2023 13:00,5.13
4/20/2023 14:00,5.084
4/20/2023 15:00,5.071
4/20/2023 16:00,5.081
4/20/2023 17:00,5.084
4/20/2023 18:00,5.103
4/20/2023 19:00,5.133
4/20/2023 20:00,5.151
4/20/2023 21:00,5.163
4/20/2023 22:00,5.185
4/20/2023 23:00,5.191
4/21/2023 0:00,5.197
4/21/2023 1:00,5.195
4/21/2023 2:00,5.2
4/21/2023 3:00,5.18
4/21/2023 4:00,5.165
4/21/2023 5:00,5.125
4/21/2023 6:00,5.083
4/21/2023 7:00,5.042
4/21/2023 8:00,4.986
4/21/2023 9:00,4.95
4/21/2023 10:00,4.911
4/21/2023 11:00,4.897
4/21/2023 12:00,4.901
4/21/2023 13:00,4.876
4/21/2023 14:00,4.86
4/21/2023 15:00,4.852
4/21/2023 16:00,4.877
4/21/2023 17:00,4.927
4/21/2023 18:00,4.946
4/21/2023 19:00,4.968
4/21/2023 20:00,4.98
4/21/2023 21:00,4.994
4/21/2023 22:00,4.989
4/21/2023 23:00,4.976
4/22/2023 0:00,4.98
4/22/2023 1:00,4.977
4/22/2023 2:00,4.965
4/22/2023 3:00,4.962
4/22/2023 4:00,4.953
4/22/2023 5:00,4.94
4/22/2023 6:00,4.928
4/22/2023 7:00,4.911
4/22/2023 8:00,4.893
4/22/2023 9:00,4.867
4/22/2023 10:00,4.844
4/22/2023 11:00,4.831
4/22/2023 12:00,4.796
4/22/2023 13:00,4.752
4/22/2023 14:00,4.742
4/22/2023 15:00,4.731
4/22/2023 16:00,4.744
4/22/2023 17:00,4.755
4/22/2023 18:00,4.767
4/22/2023 19:00,4.783
4/22/2023 20:00,4.804
4/22/2023 21:00,4.816
4/22/2023 22:00,4.825
4/22/2023 23:00,4.84
4/23/2023 0:00,4.861
4/23/2023 1:00,4.863
4/23/2023 2:00,4.868
4/23/2023 3:00,4.868
4/23/2023 4:00,4.876
4/23/2023 5:00,4.868
4/23/2023 6:00,4.857
4/23/2023 7:00,4.837
4/23/2023 8:00,4.824
4/23/2023 9:00,4.804
4/23/2023 10:00,4.783
4/23/2023 11:00,4.754
4/23/2023 12:00,4.71
4/23/2023 13:00,4.66
4/23/2023 14:00,4.638
4/23/2023 15:00,4.596
4/23/2023 16:00,4.583
4/23/2023 17:00,4.61
4/23/2023 18:00,4.633
4/23/2023 19:00,4.663
4/23/2023 20:00,4.688
4/23/2023 21:00,4.728
4/23/2023 22:00,4.758
4/23/2023 23:00,4.813
4/24/2023 0:00,4.852
4/24/2023 1:00,4.877
4/24/2023 2:00,4.907
4/24/2023 3:00,4.925
4/24/2023 4:00,4.956
4/24/2023 5:00,4.968
4/24/2023 6:00,4.972
4/24/2023 7:00,4.97
4/24/2023 8:00,4.957
4/24/2023 9:00,4.945
4/24/2023 10:00,4.912
4/24/2023 11:00,4.88
4/24/2023 12:00,4.829
4/24/2023 13:00,4.789
4/24/2023 14:00,4.75
4/24/2023 15:00,4.699
4/24/2023 16:00,4.711
4/24/2023 17:00,4.733
4/24/2023 18:00,4.75
4/24/2023 19:00,4.765
4/24/2023 20:00,4.802
4/24/2023 21:00,4.837
4/24/2023 22:00,4.87
4/24/2023 23:00,4.925
4/25/2023 0:00,4.971
4/25/2023 1:00,5.034
4/25/2023 2:00,5.053
4/25/2023 3:00,5.077
4/25/2023 4:00,5.105
4/25/2023 5:00,5.129
4/25/2023 6:00,5.135
4/25/2023 7:00,5.157
4/25/2023 8:00,5.17
4/25/2023 9:00,5.154
4/25/2023 10:00,5.139
4/25/2023 11:00,5.127
4/25/2023 12:00,5.122
4/25/2023 13:00,5.075
4/25/2023 14:00,5.035
4/25/2023 15:00,5.012
4/25/2023 16:00,5.013
4/25/2023 17:00,4.994
4/25/2023 18:00,5.018
4/25/2023 19:00,5.032
4/25/2023 20:00,5.041
4/25/2023 21:00,5.068
4/25/2023 22:00,5.107
4/25/2023 23:00,5.131
4/26/2023 0:00,5.156
4/26/2023 1:00,5.17
4/26/2023 2:00,5.202
4/26/2023 3:00,5.21
4/26/2023 4:00,5.217
4/26/2023 5:00,5.237
4/26/2023 6:00,5.255
4/26/2023 7:00,5.264
4/26/2023 8:00,5.266
4/26/2023 9:00,5.257
4/26/2023 10:00,5.249
4/26/2023 11:00,5.217
4/26/2023 12:00,5.193
4/26/2023 13:00,5.164
4/26/2023 14:00,5.128
4/26/2023 15:00,5.093
4/26/2023 16:00,5.079
4/26/2023 17:00,5.06
4/26/2023 18:00,5.056
4/26/2023 19:00,5.063
4/26/2023 20:00,5.061
4/26/2023 21:00,5.093
4/26/2023 22:00,5.118
4/26/2023 23:00,5.145
4/27/2023 0:00,5.191
4/27/2023 1:00,5.235
4/27/2023 2:00,5.273
4/27/2023 3:00,5.317
4/27/2023 4:00,5.339
4/27/2023 5:00,5.356
4/27/2023 6:00,5.394
4/27/2023 7:00,5.414
4/27/2023 8:00,5.436
4/27/2023 9:00,5.435
4/27/2023 10:00,5.423
4/27/2023 11:00,5.411
4/27/2023 12:00,5.406
4/27/2023 13:00,5.391
4/27/2023 14:00,5.367
4/27/2023 15:00,5.363
4/27/2023 16:00,5.362
4/27/2023 17:00,5.359
4/27/2023 18:00,5.375
4/27/2023 19:00,5.38
4/27/2023 20:00,5.389
4/27/2023 21:00,5.408
4/27/2023 22:00,5.416
4/27/2023 23:00,5.432
4/28/2023 0:00,5.444
4/28/2023 1:00,5.488
4/28/2023 2:00,5.492
4/28/2023 3:00,5.512
4/28/2023 4:00,5.551
4/28/2023 5:00,5.561
4/28/2023 6:00,5.584
4/28/2023 7:00,5.588
4/28/2023 8:00,5.589
4/28/2023 9:00,5.583
4/28/2023 10:00,5.576
4/28/2023 11:00,5.549
4/28/2023 12:00,5.576
4/28/2023 13:00,5.54
4/28/2023 14:00,5.51
4/28/2023 15:00,5.487
4/28/2023 16:00,5.465
4/28/2023 17:00,5.462
4/28/2023 18:00,5.46
4/28/2023 19:00,5.471
4/28/2023 20:00,5.472
4/28/2023 21:00,5.477
4/28/2023 22:00,5.472
4/28/2023 23:00,5.467
4/29/2023 0:00,5.488
4/29/2023 1:00,5.511
4/29/2023 2:00,5.512
4/29/2023 3:00,5.532
4/29/2023 4:00,5.531
4/29/2023 5:00,5.539
4/29/2023 6:00,5.546
4/29/2023 7:00,5.55
4/29/2023 8:00,5.554
4/29/2023 9:00,5.545
4/29/2023 10:00,5.529
4/29/2023 11:00,5.509
4/29/2023 12:00,5.491
4/29/2023 13:00,5.464
4/29/2023 14:00,5.422
4/29/2023 15:00,5.391
4/29/2023 16:00,5.37
4/29/2023 17:00,5.359
4/29/2023 18:00,5.356
4/29/2023 19:00,5.382
4/29/2023 20:00,5.379
4/29/2023 21:00,5.368
4/29/2023 22:00,5.373
4/29/2023 23:00,5.371
4/30/2023 0:00,5.4
4/30/2023 1:00,5.415
4/30/2023 2:00,5.45
4/30/2023 3:00,5.46
4/30/2023 4:00,5.487
4/30/2023 5:00,5.507
4/30/2023 6:00,5.542
4/30/2023 7:00,5.546
4/30/2023 8:00,5.564
4/30/2023 9:00,5.568
4/30/2023 10:00,5.57
4/30/2023 11:00,5.57
4/30/2023 12:00,5.555
4/30/2023 13:00,5.554
4/30/2023 14:00,5.535
4/30/2023 15:00,5.529
4/30/2023 16:00,5.523
4/30/2023 17:00,5.501
4/30/2023 18:00,5.505
4/30/2023 19:00,5.517
4/30/2023 20:00,5.519
4/30/2023 21:00,5.525
4/30/2023 22:00,5.521
4/30/2023 23:00,5.527
5/1/2023 0:00,5.542
5/1/2023 1:00,5.592
5/1/2023 2:00,5.65
5/1/2023 3:00,5.711
5/1/2023 4:00,5.781
5/1/2023 5:00,5.845
5/1/2023 6:00,5.875
5/1/2023 7:00,5.929
5/1/2023 8:00,5.93
5/1/2023 9:00,5.93
5/1/2023 10:00,5.928
5/1/2023 11:00,5.902
5/1/2023 12:00,5.871
5/1/2023 13:00,5.847
5/1/2023 14:00,5.822
5/1/2023 15:00,5.828
5/1/2023 16:00,5.823
5/1/2023 17:00,5.791
5/1/2023 18:00,5.791
5/1/2023 19:00,5.798
5/1/2023 20:00,5.793
5/1/2023 21:00,5.803
5/1/2023 22:00,5.823
5/1/2023 23:00,5.836
5/2/2023 0:00,5.89
5/2/2023 1:00,5.908
5/2/2023 2:00,5.96
5/2/2023 3:00,6.016
5/2/2023 4:00,6.057
5/2/2023 5:00,6.051
5/2/2023 6:00,6.063
5/2/2023 7:00,6.077
5/2/2023 8:00,6.057
5/2/2023 9:00,6.044
5/2/2023 10:00,6.015
5/2/2023 11:00,5.976
5/2/2023 12:00,5.997
5/2/2023 13:00,5.983
5/2/2023 14:00,5.994
5/2/2023 15:00,6.075
5/2/2023 16:00,6.042
5/2/2023 17:00,6.34
5/2/2023 18:00,6.524
5/2/2023 19:00,6.59
5/2/2023 20:00,6.599
5/2/2023 21:00,6.597
5/2/2023 22:00,6.604
5/2/2023 23:00,6.648
5/3/2023 0:00,6.649
5/3/2023 1:00,6.702
5/3/2023 2:00,6.698
5/3/2023 3:00,6.734
5/3/2023 4:00,6.751
5/3/2023 5:00,6.742
5/3/2023 6:00,6.744
5/3/2023 7:00,6.737
5/3/2023 8:00,6.721
5/3/2023 9:00,6.732
5/3/2023 10:00,6.713
5/3/2023 11:00,6.675
5/3/2023 12:00,6.685
5/3/2023 13:00,6.652
5/3/2023 14:00,6.608
5/3/2023 15:00,6.594
5/3/2023 16:00,6.558
5/3/2023 17:00,6.54
5/3/2023 18:00,6.537
5/3/2023 19:00,6.519
5/3/2023 20:00,6.579
5/3/2023 21:00,6.612
5/3/2023 22:00,6.631
5/3/2023 23:00,6.673
5/4/2023 0:00,6.762
5/4/2023 1:00,6.81
5/4/2023 2:00,6.861
5/4/2023 3:00,6.975
5/4/2023 4:00,7.069
5/4/2023 5:00,7.122
5/4/2023 6:00,7.158
5/4/2023 7:00,7.167
5/4/2023 8:00,7.156
5/4/2023 9:00,7.18
5/4/2023 10:00,7.205
5/4/2023 11:00,7.229
5/4/2023 12:00,7.227
5/4/2023 13:00,7.214
5/4/2023 14:00,7.251
5/4/2023 15:00,7.311
5/4/2023 16:00,7.228
5/4/2023 17:00,7.25
5/4/2023 18:00,7.213
5/4/2023 19:00,7.171
5/4/2023 20:00,7.175
5/4/2023 21:00,7.197
5/4/2023 22:00,7.195
5/4/2023 23:00,7.238
5/5/2023 0:00,7.256
5/5/2023 1:00,7.258
5/5/2023 2:00,7.31
5/5/2023 3:00,7.328
5/5/2023 4:00,7.34
5/5/2023 5:00,7.358
5/5/2023 6:00,7.391
5/5/2023 7:00,7.376
5/5/2023 8:00,7.334
5/5/2023 9:00,7.308
5/5/2023 10:00,7.25
5/5/2023 11:00,7.196
5/5/2023 12:00,7.185
5/5/2023 13:00,7.109
5/5/2023 14:00,7.082
5/5/2023 15:00,7.107
5/5/2023 16:00,7.038
5/5/2023 17:00,7.042
5/5/2023 18:00,7.006
5/5/2023 19:00,6.986
5/5/2023 20:00,6.945
5/5/2023 21:00,6.979
5/5/2023 22:00,6.956
5/5/2023 23:00,6.948
5/6/2023 0:00,6.958
5/6/2023 1:00,6.973
5/6/2023 2:00,6.982
5/6/2023 3:00,6.982
5/6/2023 4:00,6.975
5/6/2023 5:00,7.001
5/6/2023 6:00,7.006
5/6/2023 7:00,6.996
5/6/2023 8:00,6.992
5/6/2023 9:00,6.942
5/6/2023 10:00,6.951
5/6/2023 11:00,6.926
5/6/2023 12:00,6.908
5/6/2023 13:00,6.858
5/6/2023 14:00,6.841
5/6/2023 15:00,6.779
5/6/2023 16:00,6.67
5/6/2023 17:00,6.614
5/6/2023 18:00,6.583
5/6/2023 19:00,6.62
5/6/2023 20:00,6.652
5/6/2023 21:00,6.7
5/6/2023 22:00,6.687
5/6/2023 23:00,6.704
5/7/2023 0:00,6.645
5/7/2023 1:00,6.69
5/7/2023 2:00,6.701
5/7/2023 3:00,6.724
5/7/2023 4:00,6.705
5/7/2023 5:00,6.694
5/7/2023 6:00,6.71
5/7/2023 7:00,6.685
5/7/2023 8:00,6.695
5/7/2023 9:00,6.718
5/7/2023 10:00,6.718
5/7/2023 11:00,6.712
5/7/2023 12:00,6.713
5/7/2023 13:00,6.683
5/7/2023 14:00,6.617
5/7/2023 15:00,6.592
5/7/2023 16:00,6.544
5/7/2023 17:00,6.432
5/7/2023 18:00,6.36
5/7/2023 19:00,6.408
5/7/2023 20:00,6.437
5/7/2023 21:00,6.453
5/7/2023 22:00,6.437
5/7/2023 23:00,6.413
5/8/2023 0:00,6.396
5/8/2023 1:00,6.4
5/8/2023 2:00,6.408
5/8/2023 3:00,6.434
5/8/2023 4:00,6.461
5/8/2023 5:00,6.48
5/8/2023 6:00,6.471
5/8/2023 7:00,6.477
5/8/2023 8:00,6.5
5/8/2023 9:00,6.46
5/8/2023 10:00,6.459
5/8/2023 11:00,6.423
5/8/2023 12:00,6.408
5/8/2023 13:00,6.4
5/8/2023 14:00,6.356
5/8/2023 15:00,6.344
5/8/2023 16:00,6.308
5/8/2023 17:00,6.251
5/8/2023 18:00,6.215
5/8/2023 19:00,6.212
5/8/2023 20:00,6.213
5/8/2023 21:00,6.21
5/8/2023 22:00,6.216
5/8/2023 23:00,6.215
5/9/2023 0:00,6.224
5/9/2023 1:00,6.258
5/9/2023 2:00,6.304
5/9/2023 3:00,6.338
5/9/2023 4:00,6.375
5/9/2023 5:00,6.441
5/9/2023 6:00,6.456
5/9/2023 7:00,6.485
5/9/2023 8:00,6.507
5/9/2023 9:00,6.539
5/9/2023 10:00,6.536
5/9/2023 11:00,6.514
5/9/2023 12:00,6.417
5/9/2023 13:00,6.215
5/9/2023 14:00,6.302
5/9/2023 15:00,6.272
5/9/2023 16:00,6.213
5/9/2023 17:00,6.3
5/9/2023 18:00,6.381
5/9/2023 19:00,6.519
5/9/2023 20:00,6.598
5/9/2023 21:00,6.627
5/9/2023 22:00,6.627
5/9/2023 23:00,6.651
5/10/2023 0:00,6.663
5/10/2023 1:00,6.721
5/10/2023 2:00,6.741
5/10/2023 3:00,6.754
5/10/2023 4:00,6.791
5/10/2023 5:00,6.831
5/10/2023 6:00,6.89
5/10/2023 7:00,6.923
5/10/2023 8:00,7.04
5/10/2023 9:00,7.121
5/10/2023 10:00,7.142
5/10/2023 11:00,7.158
5/10/2023 12:00,7.073
5/10/2023 13:00,6.994
5/10/2023 14:00,6.988
5/10/2023 15:00,6.902
5/10/2023 16:00,6.922
5/10/2023 17:00,6.954
5/10/2023 18:00,6.919
5/10/2023 19:00,6.926
5/10/2023 20:00,6.887
5/10/2023 21:00,6.924
5/10/2023 22:00,6.973
5/10/2023 23:00,7.015
5/11/2023 0:00,7.065
5/11/2023 1:00,7.175
5/11/2023 2:00,7.264
5/11/2023 3:00,7.279
5/11/2023 4:00,7.325
5/11/2023 5:00,7.398
5/11/2023 6:00,7.476
5/11/2023 7:00,7.538
5/11/2023 8:00,7.497
5/11/2023 9:00,7.549
5/11/2023 10:00,7.574
5/11/2023 11:00,7.508
5/11/2023 12:00,7.517
5/11/2023 13:00,7.465
5/11/2023 14:00,7.437
5/11/2023 15:00,7.462
5/11/2023 16:00,7.427
5/11/2023 17:00,7.382
5/11/2023 18:00,7.418
5/11/2023 19:00,7.473
5/11/2023 20:00,7.529
5/11/2023 21:00,7.567
5/11/2023 22:00,7.587
5/11/2023 23:00,7.579
5/12/2023 0:00,7.562
5/12/2023 1:00,7.595
5/12/2023 2:00,7.593
5/12/2023 3:00,7.598
5/12/2023 4:00,7.622
5/12/2023 5:00,7.624
5/12/2023 6:00,7.619
5/12/2023 7:00,7.648
5/12/2023 8:00,7.629
5/12/2023 9:00,7.683
5/12/2023 10:00,7.663
5/12/2023 11:00,7.663
5/12/2023 12:00,7.614
5/12/2023 13:00,7.613
5/12/2023 14:00,7.508
5/12/2023 15:00,7.524
5/12/2023 16:00,7.534
5/12/2023 17:00,7.499
5/12/2023 18:00,7.427
5/12/2023 19:00,7.456
5/12/2023 20:00,7.434
5/12/2023 21:00,7.425
5/12/2023 22:00,7.464
5/12/2023 23:00,7.44
5/13/2023 0:00,7.441
5/13/2023 1:00,7.47
5/13/2023 2:00,7.506
5/13/2023 3:00,7.45
5/13/2023 4:00,7.526
5/13/2023 5:00,7.501
5/13/2023 6:00,7.464
5/13/2023 7:00,7.496
5/13/2023 8:00,7.475
5/13/2023 9:00,7.445
5/13/2023 10:00,7.408
5/13/2023 11:00,7.363
5/13/2023 12:00,7.352
5/13/2023 13:00,7.352
5/13/2023 14:00,7.284
5/13/2023 15:00,7.246
5/13/2023 16:00,7.265
5/13/2023 17:00,7.164
5/13/2023 18:00,7.062
5/13/2023 19:00,7.041
5/13/2023 20:00,6.898
5/13/2023 21:00,6.949
5/13/2023 22:00,6.972
5/13/2023 23:00,6.998
5/14/2023 0:00,7.045
5/14/2023 1:00,7.046
5/14/2023 2:00,7.068
5/14/2023 3:00,7.093
5/14/2023 4:00,7.149
5/14/2023 5:00,7.175
5/14/2023 6:00,7.164
5/14/2023 7:00,7.189
5/14/2023 8:00,7.208
5/14/2023 9:00,7.171
5/14/2023 10:00,7.215
5/14/2023 11:00,7.192
5/14/2023 12:00,7.169
5/14/2023 13:00,7.146
5/14/2023 14:00,7.076
5/14/2023 15:00,7.008
5/14/2023 16:00,6.984
5/14/2023 17:00,6.938
5/14/2023 18:00,6.929
5/14/2023 19:00,6.9
5/14/2023 20:00,6.875
5/14/2023 21:00,6.845
5/14/2023 22:00,6.898
5/14/2023 23:00,6.921
5/15/2023 0:00,6.956
5/15/2023 1:00,6.999
5/15/2023 2:00,6.995
5/15/2023 3:00,7.033
5/15/2023 4:00,7.048
5/15/2023 5:00,7.097
5/15/2023 6:00,7.14
5/15/2023 7:00,7.188
5/15/2023 8:00,7.188
5/15/2023 9:00,7.175
5/15/2023 10:00,7.222
5/15/2023 11:00,7.167
5/15/2023 12:00,7.14
5/15/2023 13:00,7.123
5/15/2023 14:00,7.053
5/15/2023 15:00,6.974
5/15/2023 16:00,6.917
5/15/2023 17:00,6.875
5/15/2023 18:00,6.834
5/15/2023 19:00,6.841
5/15/2023 20:00,6.826
5/15/2023 21:00,6.867
5/15/2023 22:00,6.877
5/15/2023 23:00,6.892
5/16/2023 0:00,6.934
5/16/2023 1:00,7.001
5/16/2023 2:00,7.043
5/16/2023 3:00,7.081
5/16/2023 4:00,7.061
5/16/2023 5:00,7.037
5/16/2023 6:00,7.026
5/16/2023 7:00,7.027
5/16/2023 8:00,7.002
5/16/2023 9:00,7.018
5/16/2023 10:00,6.957
5/16/2023 11:00,6.983
5/16/2023 12:00,6.975
5/16/2023 13:00,6.942
5/16/2023 14:00,6.923
5/16/2023 15:00,6.87
5/16/2023 16:00,6.853
5/16/2023 17:00,6.829
5/16/2023 18:00,6.808
5/16/2023 19:00,6.796
5/16/2023 20:00,6.801
5/16/2023 21:00,6.785
5/16/2023 22:00,6.828
5/16/2023 23:00,6.845
5/17/2023 0:00,6.871
5/17/2023 1:00,6.892
5/17/2023 2:00,6.921
5/17/2023 3:00,6.961
5/17/2023 4:00,6.999
5/17/2023 5:00,7.022
5/17/2023 6:00,7.038
5/17/2023 7:00,7.043
5/17/2023 8:00,7.042
5/17/2023 9:00,7.027
5/17/2023 10:00,7.025
5/17/2023 11:00,7.016
5/17/2023 12:00,6.962
5/17/2023 13:00,6.965
5/17/2023 14:00,6.917
5/17/2023 15:00,6.905
5/17/2023 16:00,6.865
5/17/2023 17:00,6.866
5/17/2023 18:00,6.871
5/17/2023 19:00,6.853
5/17/2023 20:00,6.853
5/17/2023 21:00,6.886
5/17/2023 22:00,6.883
5/17/2023 23:00,6.918
5/18/2023 0:00,6.922
5/18/2023 1:00,7.009
5/18/2023 2:00,7.067
5/18/2023 3:00,7.105
5/18/2023 4:00,7.098
5/18/2023 5:00,7.132
5/18/2023 6:00,7.1
5/18/2023 7:00,7.071
5/18/2023 8:00,7.05
5/18/2023 9:00,7.078
5/18/2023 10:00,7.078
5/18/2023 11:00,7.088
5/18/2023 12:00,7.013
5/18/2023 13:00,7.042
5/18/2023 14:00,6.99
5/18/2023 15:00,6.989
5/18/2023 16:00,6.951
5/18/2023 17:00,6.93
5/18/2023 18:00,6.873
5/18/2023 19:00,6.849
5/18/2023 20:00,6.901
5/18/2023 21:00,6.95
5/18/2023 22:00,6.943
5/18/2023 23:00,6.903
5/19/2023 0:00,6.873
5/19/2023 1:00,6.872
5/19/2023 2:00,6.932
5/19/2023 3:00,7.059
5/19/2023 4:00,7.097
5/19/2023 5:00,7.18
5/19/2023 6:00,7.23
5/19/2023 7:00,7.325
5/19/2023 8:00,7.348
5/19/2023 9:00,7.224
5/19/2023 10:00,7.143
5/19/2023 11:00,7.067
5/19/2023 12:00,7.043
5/19/2023 13:00,6.99
5/19/2023 14:00,6.953
5/19/2023 15:00,6.952
5/19/2023 16:00,6.94
5/19/2023 17:00,6.95
5/19/2023 18:00,6.932
5/19/2023 19:00,6.919
5/19/2023 20:00,6.924
5/19/2023 21:00,6.902
5/19/2023 22:00,6.918
5/19/2023 23:00,6.945
5/20/2023 0:00,7.003
5/20/2023 1:00,6.987
5/20/2023 2:00,7.044
5/20/2023 3:00,7.072
5/20/2023 4:00,7.112
5/20/2023 5:00,7.106
5/20/2023 6:00,7.151
5/20/2023 7:00,7.137
5/20/2023 8:00,7.14
5/20/2023 9:00,7.165
5/20/2023 10:00,7.166
5/20/2023 11:00,7.145
5/20/2023 12:00,7.045
5/20/2023 13:00,6.979
5/20/2023 14:00,6.959
5/20/2023 15:00,6.908
5/20/2023 16:00,6.84
5/20/2023 17:00,6.857
5/20/2023 18:00,6.813
5/20/2023 19:00,6.894
5/20/2023 20:00,6.941
5/20/2023 21:00,6.92
5/20/2023 22:00,6.936
5/20/2023 23:00,7.018
5/21/2023 0:00,7.005
5/21/2023 1:00,7.062
5/21/2023 2:00,7.051
5/21/2023 3:00,7.092
5/21/2023 4:00,7.134
5/21/2023 5:00,7.212
5/21/2023 6:00,7.161
5/21/2023 7:00,7.171
5/21/2023 8:00,7.172
5/21/2023 9:00,7.107
5/21/2023 10:00,7.057
5/21/2023 11:00,7.04
5/21/2023 12:00,6.941
5/21/2023 13:00,6.942
5/21/2023 14:00,6.81
5/21/2023 15:00,6.776
5/21/2023 16:00,6.704
5/21/2023 17:00,6.623
5/21/2023 18:00,6.584
5/21/2023 19:00,6.555
5/21/2023 20:00,6.521
5/21/2023 21:00,6.514
5/21/2023 22:00,6.491
5/21/2023 23:00,6.522
5/22/2023 0:00,6.529
5/22/2023 1:00,6.587
5/22/2023 2:00,6.636
5/22/2023 3:00,6.704
5/22/2023 4:00,6.703
5/22/2023 5:00,6.757
5/22/2023 6:00,6.789
5/22/2023 7:00,6.789
5/22/2023 8:00,6.847
5/22/2023 9:00,6.887
5/22/2023 10:00,6.906
5/22/2023 11:00,6.903
5/22/2023 12:00,6.918
5/22/2023 13:00,6.91
5/22/2023 14:00,6.869
5/22/2023 15:00,6.872
5/22/2023 16:00,6.849
5/22/2023 17:00,6.813
5/22/2023 18:00,6.869
5/22/2023 19:00,6.902
5/22/2023 20:00,6.803
5/22/2023 21:00,6.792
5/22/2023 22:00,6.822
5/22/2023 23:00,6.837
5/23/2023 0:00,6.812
5/23/2023 1:00,6.867
5/23/2023 2:00,6.869
5/23/2023 3:00,6.898
5/23/2023 4:00,6.951
5/23/2023 5:00,6.97
5/23/2023 6:00,6.988
5/23/2023 7:00,7.031
5/23/2023 8:00,6.997
5/23/2023 9:00,7.007
5/23/2023 10:00,7.002
5/23/2023 11:00,6.948
5/23/2023 12:00,6.928
5/23/2023 13:00,6.828
5/23/2023 14:00,6.78
5/23/2023 15:00,6.734
5/23/2023 16:00,6.705
5/23/2023 17:00,6.685
5/23/2023 18:00,6.625
5/23/2023 19:00,6.568
5/23/2023 20:00,6.512
5/23/2023 21:00,6.579
5/23/2023 22:00,6.589
5/23/2023 23:00,6.683
5/24/2023 0:00,6.755
5/24/2023 1:00,6.783
5/24/2023 2:00,6.839
5/24/2023 3:00,6.858
5/24/2023 4:00,6.953
5/24/2023 5:00,6.96
5/24/2023 6:00,6.967
5/24/2023 7:00,7.051
5/24/2023 8:00,7.08
5/24/2023 9:00,7.081
5/24/2023 10:00,7.043
5/24/2023 11:00,7.036
5/24/2023 12:00,7.016
5/24/2023 13:00,6.934
5/24/2023 14:00,6.911
5/24/2023 15:00,6.876
5/24/2023 16:00,6.813
5/24/2023 17:00,6.795
5/24/2023 18:00,6.805
5/24/2023 19:00,6.835
5/24/2023 20:00,6.833
5/24/2023 21:00,6.816
5/24/2023 22:00,6.773
5/24/2023 23:00,6.778
5/25/2023 0:00,6.748
5/25/2023 1:00,6.78
5/25/2023 2:00,6.745
5/25/2023 3:00,6.757
5/25/2023 4:00,6.793
5/25/2023 5:00,6.779
5/25/2023 6:00,6.815
5/25/2023 7:00,6.86
5/25/2023 8:00,6.858
5/25/2023 9:00,6.9
5/25/2023 10:00,6.92
5/25/2023 11:00,6.839
5/25/2023 12:00,6.77
5/25/2023 13:00,6.68
5/25/2023 14:00,6.589
5/25/2023 15:00,6.622
5/25/2023 16:00,6.612
5/25/2023 17:00,6.555
5/25/2023 18:00,6.523
5/25/2023 19:00,6.514
5/25/2023 20:00,6.483
5/25/2023 21:00,6.484
5/25/2023 22:00,6.487
5/25/2023 23:00,6.475
5/26/2023 0:00,6.517
5/26/2023 1:00,6.514
5/26/2023 2:00,6.58
5/26/2023 3:00,6.629
5/26/2023 4:00,6.697
5/26/2023 5:00,6.782
5/26/2023 6:00,6.794
5/26/2023 7:00,6.866
5/26/2023 8:00,6.865
5/26/2023 9:00,6.905
5/26/2023 10:00,6.926
5/26/2023 11:00,6.865
5/26/2023 12:00,6.807
5/26/2023 13:00,6.767
5/26/2023 14:00,6.731
5/26/2023 15:00,6.731
5/26/2023 16:00,6.653
5/26/2023 17:00,6.679
5/26/2023 18:00,6.61
5/26/2023 19:00,6.624
5/26/2023 20:00,6.591
5/26/2023 21:00,6.599
5/26/2023 22:00,6.574
5/26/2023 23:00,6.556
5/27/2023 0:00,6.546
5/27/2023 1:00,6.514
5/27/2023 2:00,6.537
5/27/2023 3:00,6.568
5/27/2023 4:00,6.657
5/27/2023 5:00,6.69
5/27/2023 6:00,6.694
5/27/2023 7:00,6.652
5/27/2023 8:00,6.76
5/27/2023 9:00,6.749
5/27/2023 10:00,6.743
5/27/2023 11:00,6.754
5/27/2023 12:00,6.734
5/27/2023 13:00,6.716
5/27/2023 14:00,6.665
5/27/2023 15:00,6.649
5/27/2023 16:00,6.603
5/27/2023 17:00,6.557
5/27/2023 18:00,6.477
5/27/2023 19:00,6.523
5/27/2023 20:00,6.535
5/27/2023 21:00,6.471
5/27/2023 22:00,6.446
5/27/2023 23:00,6.432
5/28/2023 0:00,6.401
5/28/2023 1:00,6.363
5/28/2023 2:00,6.405
5/28/2023 3:00,6.406
5/28/2023 4:00,6.439
5/28/2023 5:00,6.486
5/28/2023 6:00,6.53
5/28/2023 7:00,6.545
5/28/2023 8:00,6.561
5/28/2023 9:00,6.558
5/28/2023 10:00,6.554
5/28/2023 11:00,6.516
5/28/2023 12:00,6.517
5/28/2023 13:00,6.485
5/28/2023 14:00,6.449
5/28/2023 15:00,6.45
5/28/2023 16:00,6.412
5/28/2023 17:00,6.385
5/28/2023 18:00,6.373
5/28/2023 19:00,6.322
5/28/2023 20:00,6.285
5/28/2023 21:00,6.271
5/28/2023 22:00,6.269
5/28/2023 23:00,6.263
5/29/2023 0:00,6.3
5/29/2023 1:00,6.279
5/29/2023 2:00,6.3
5/29/2023 3:00,6.305
5/29/2023 4:00,6.299
5/29/2023 5:00,6.373
5/29/2023 6:00,6.456
5/29/2023 7:00,6.439
5/29/2023 8:00,6.43
5/29/2023 9:00,6.447
5/29/2023 10:00,6.418
5/29/2023 11:00,6.375
5/29/2023 12:00,6.346
5/29/2023 13:00,6.319
5/29/2023 14:00,6.275
5/29/2023 15:00,6.259
5/29/2023 16:00,6.237
5/29/2023 17:00,6.202
5/29/2023 18:00,6.151
5/29/2023 19:00,6.155
5/29/2023 20:00,6.158
5/29/2023 21:00,6.176
5/29/2023 22:00,6.148
5/29/2023 23:00,6.165
5/30/2023 0:00,6.165
5/30/2023 1:00,6.2
5/30/2023 2:00,6.226
5/30/2023 3:00,6.265
5/30/2023 4:00,6.305
5/30/2023 5:00,6.336
5/30/2023 6:00,6.39
5/30/2023 7:00,6.409
5/30/2023 8:00,6.469
5/30/2023 9:00,6.447
5/30/2023 10:00,6.437
5/30/2023 11:00,6.435
5/30/2023 12:00,6.381
5/30/2023 13:00,6.369
5/30/2023 14:00,6.33
5/30/2023 15:00,6.287
5/30/2023 16:00,6.222
5/30/2023 17:00,6.184
5/30/2023 18:00,6.143
5/30/2023 19:00,6.122
5/30/2023 20:00,6.117
5/30/2023 21:00,6.1
5/30/2023 22:00,6.105
5/30/2023 23:00,6.075
5/31/2023 0:00,6.116
5/31/2023 1:00,6.132
5/31/2023 2:00,6.123
5/31/2023 3:00,6.145
5/31/2023 4:00,6.167
5/31/2023 5:00,6.205
5/31/2023 6:00,6.196
5/31/2023 7:00,6.237
5/31/2023 8:00,6.245
5/31/2023 9:00,6.234
5/31/2023 10:00,6.209
5/31/2023 11:00,6.193
5/31/2023 12:00,6.172
5/31/2023 13:00,6.168
5/31/2023 14:00,6.166
5/31/2023 15:00,6.181
5/31/2023 16:00,6.132
5/31/2023 17:00,6.113
5/31/2023 18:00,6.082
5/31/2023 19:00,6.073
5/31/2023 20:00,6.088
5/31/2023 21:00,6.058
5/31/2023 22:00,6.077
5/31/2023 23:00,6.087
6/1/2023 0:00,6.094
6/1/2023 1:00,6.105
6/1/2023 2:00,6.121
6/1/2023 3:00,6.132
6/1/2023 4:00,6.139
6/1/2023 5:00,6.144
6/1/2023 6:00,6.175
6/1/2023 7:00,6.19
6/1/2023 8:00,6.322
6/1/2023 9:00,6.419
6/1/2023 10:00,5.925
6/1/2023 11:00,6.071
6/1/2023 12:00,6.12
6/1/2023 13:00,6.113
6/1/2023 14:00,6.099
6/1/2023 15:00,6.109
6/1/2023 16:00,6.147
6/1/2023 17:00,6.128
6/1/2023 18:00,6.091
6/1/2023 19:00,6.083
6/1/2023 20:00,6.092
6/1/2023 21:00,6.055
6/1/2023 22:00,6.054
6/1/2023 23:00,6.053
6/2/2023 0:00,6.031
6/2/2023 1:00,6.027
6/2/2023 2:00,6.073
6/2/2023 3:00,6.08
6/2/2023 4:00,6.13
6/2/2023 5:00,6.165
6/2/2023 6:00,6.209
6/2/2023 7:00,6.243
6/2/2023 8:00,6.276
6/2/2023 9:00,6.298
6/2/2023 10:00,6.289
6/2/2023 11:00,6.297
6/2/2023 12:00,6.287
6/2/2023 13:00,6.256
6/2/2023 14:00,6.244
6/2/2023 15:00,6.176
6/2/2023 16:00,6.183
6/2/2023 17:00,6.172
6/2/2023 18:00,6.159
6/2/2023 19:00,6.202
6/2/2023 20:00,6.186
6/2/2023 21:00,6.197
6/2/2023 22:00,6.269
6/2/2023 23:00,6.276
6/3/2023 0:00,6.304
6/3/2023 1:00,6.286
6/3/2023 2:00,6.334
6/3/2023 3:00,6.338
6/3/2023 4:00,6.328
6/3/2023 5:00,6.344
6/3/2023 6:00,6.371
6/3/2023 7:00,6.341
6/3/2023 8:00,6.333
6/3/2023 9:00,6.263
6/3/2023 10:00,6.244
6/3/2023 11:00,6.179
6/3/2023 12:00,6.176
6/3/2023 13:00,6.154
6/3/2023 14:00,6.13
6/3/2023 15:00,6.114
6/3/2023 16:00,6.08
6/3/2023 17:00,6.066
6/3/2023 18:00,6.075
6/3/2023 19:00,6.045
6/3/2023 20:00,6.056
6/3/2023 21:00,6.04
6/3/2023 22:00,6.032
6/3/2023 23:00,6.031
6/4/2023 0:00,6.046
6/4/2023 1:00,6.026
6/4/2023 2:00,6.051
6/4/2023 3:00,6.038
6/4/2023 4:00,6.079
6/4/2023 5:00,6.08
6/4/2023 6:00,6.096
6/4/2023 7:00,6.13
6/4/2023 8:00,6.123
6/4/2023 9:00,6.131
6/4/2023 10:00,6.141
6/4/2023 11:00,6.156
6/4/2023 12:00,6.153
6/4/2023 13:00,6.17
6/4/2023 14:00,6.181
6/4/2023 15:00,6.184
6/4/2023 16:00,6.177
6/4/2023 17:00,6.157
6/4/2023 18:00,6.158
6/4/2023 19:00,6.149
6/4/2023 20:00,6.133
6/4/2023 21:00,6.121
6/4/2023 22:00,6.133
6/4/2023 23:00,6.135
6/5/2023 0:00,6.136
6/5/2023 1:00,6.169
6/5/2023 2:00,6.138
6/5/2023 3:00,6.147
6/5/2023 4:00,6.188
6/5/2023 5:00,6.162
6/5/2023 6:00,6.191
6/5/2023 7:00,6.18
6/5/2023 8:00,6.168
6/5/2023 9:00,6.15
6/5/2023 10:00,6.13
6/5/2023 11:00,6.101
6/5/2023 12:00,6.068
6/5/2023 13:00,6.061
6/5/2023 14:00,6.019
6/5/2023 15:00,6.024
6/5/2023 16:00,6.034
6/5/2023 17:00,6.002
6/5/2023 18:00,5.992
6/5/2023 19:00,5.98
6/5/2023 20:00,5.971
6/5/2023 21:00,5.967
6/5/2023 22:00,5.985
6/5/2023 23:00,5.982
6/6/2023 0:00,5.984
6/6/2023 1:00,5.982
6/6/2023 2:00,5.985
6/6/2023 3:00,6.023
6/6/2023 4:00,6.041
6/6/2023 5:00,6.045
6/6/2023 6:00,6.06
6/6/2023 7:00,6.071
6/6/2023 8:00,6.076
6/6/2023 9:00,6.088
6/6/2023 10:00,6.064
6/6/2023 11:00,6.041
6/6/2023 12:00,6.028
6/6/2023 13:00,5.993
6/6/2023 14:00,5.97
6/6/2023 15:00,5.963
6/6/2023 16:00,5.968
6/6/2023 17:00,5.878
6/6/2023 18:00,5.865
6/6/2023 19:00,5.869
6/6/2023 20:00,5.876
6/6/2023 21:00,5.882
6/6/2023 22:00,5.891
6/6/2023 23:00,5.89
6/7/2023 0:00,5.926
6/7/2023 1:00,5.977
6/7/2023 2:00,5.953
6/7/2023 3:00,6.013
6/7/2023 4:00,6.049
6/7/2023 5:00,6.094
6/7/2023 6:00,6.151
6/7/2023 7:00,6.161
6/7/2023 8:00,6.191
6/7/2023 9:00,6.203
6/7/2023 10:00,6.146
6/7/2023 11:00,6.145
6/7/2023 12:00,6.128
6/7/2023 13:00,6.109
6/7/2023 14:00,6.143
6/7/2023 15:00,6.091
6/7/2023 16:00,6.112
6/7/2023 17:00,6.128
6/7/2023 18:00,6.122
6/7/2023 19:00,6.153
6/7/2023 20:00,6.185
6/7/2023 21:00,6.203
6/7/2023 22:00,6.3
6/7/2023 23:00,6.314
6/8/2023 0:00,6.355
6/8/2023 1:00,6.436
6/8/2023 2:00,6.457
6/8/2023 3:00,6.531
6/8/2023 4:00,6.654
6/8/2023 5:00,6.754
6/8/2023 6:00,6.832
6/8/2023 7:00,6.898
6/8/2023 8:00,7.008
6/8/2023 9:00,7.045
6/8/2023 10:00,7.112
6/8/2023 11:00,7.127
6/8/2023 12:00,7.101
6/8/2023 13:00,7.085
6/8/2023 14:00,7.086
6/8/2023 15:00,7.01
6/8/2023 16:00,6.999
6/8/2023 17:00,6.932
6/8/2023 18:00,6.868
6/8/2023 19:00,6.842
6/8/2023 20:00,6.835
6/8/2023 21:00,6.838
6/8/2023 22:00,6.848
6/8/2023 23:00,6.787
6/9/2023 0:00,6.782
6/9/2023 1:00,6.739
6/9/2023 2:00,6.836
6/9/2023 3:00,6.834
6/9/2023 4:00,6.842
6/9/2023 5:00,6.899
6/9/2023 6:00,6.92
6/9/2023 7:00,6.964
6/9/2023 8:00,6.963
6/9/2023 9:00,6.985
6/9/2023 10:00,7.004
6/9/2023 11:00,6.954
6/9/2023 12:00,6.932
6/9/2023 13:00,6.911
6/9/2023 14:00,6.916
6/9/2023 15:00,6.84
6/9/2023 16:00,6.841
6/9/2023 17:00,6.814
6/9/2023 18:00,6.831
6/9/2023 19:00,6.757
6/9/2023 20:00,6.712
6/9/2023 21:00,6.72
6/9/2023 22:00,6.722
6/9/2023 23:00,6.707
6/10/2023 0:00,6.682
6/10/2023 1:00,6.735
6/10/2023 2:00,6.733
6/10/2023 3:00,6.73
6/10/2023 4:00,6.744
6/10/2023 5:00,6.803
6/10/2023 6:00,6.819
6/10/2023 7:00,6.845
6/10/2023 8:00,6.832
6/10/2023 9:00,6.808
6/10/2023 10:00,6.778
6/10/2023 11:00,6.807
6/10/2023 12:00,6.766
6/10/2023 13:00,6.752
6/10/2023 14:00,6.694
6/10/2023 15:00,6.714
6/10/2023 16:00,6.666
6/10/2023 17:00,6.651
6/10/2023 18:00,6.645
6/10/2023 19:00,6.653
6/10/2023 20:00,6.658
6/10/2023 21:00,6.638
6/10/2023 22:00,6.658
6/10/2023 23:00,6.722
6/11/2023 0:00,6.72
6/11/2023 1:00,6.712
6/11/2023 2:00,6.683
6/11/2023 3:00,6.715
6/11/2023 4:00,6.758
6/11/2023 5:00,6.738
6/11/2023 6:00,6.787
6/11/2023 7:00,6.803
6/11/2023 8:00,6.777
6/11/2023 9:00,6.783
6/11/2023 10:00,6.752
6/11/2023 11:00,6.749
6/11/2023 12:00,6.714
6/11/2023 13:00,6.667
6/11/2023 14:00,6.64
6/11/2023 15:00,6.63
6/11/2023 16:00,6.532
6/11/2023 17:00,6.575
6/11/2023 18:00,6.596
6/11/2023 19:00,6.512
6/11/2023 20:00,6.534
6/11/2023 21:00,6.51
6/11/2023 22:00,6.491
6/11/2023 23:00,6.494
6/12/2023 0:00,6.508
6/12/2023 1:00,6.549
6/12/2023 2:00,6.6
6/12/2023 3:00,6.69
6/12/2023 4:00,6.683
6/12/2023 5:00,6.77
6/12/2023 6:00,6.769
6/12/2023 7:00,6.81
6/12/2023 8:00,6.805
6/12/2023 9:00,6.794
6/12/2023 10:00,6.828
6/12/2023 11:00,6.801
6/12/2023 12:00,6.793
6/12/2023 13:00,6.76
6/12/2023 14:00,6.88
6/12/2023 15:00,6.857
6/12/2023 16:00,6.802
6/12/2023 17:00,6.728
6/12/2023 18:00,6.718
6/12/2023 19:00,6.729
6/12/2023 20:00,6.712
6/12/2023 21:00,6.714
6/12/2023 22:00,6.654
6/12/2023 23:00,6.603
6/13/2023 0:00,6.647
6/13/2023 1:00,6.826
6/13/2023 2:00,7.009
6/13/2023 3:00,7.098
6/13/2023 4:00,7.102
6/13/2023 5:00,7.095
6/13/2023 6:00,7.152
6/13/2023 7:00,7.095
6/13/2023 8:00,7.135
6/13/2023 9:00,7.129
6/13/2023 10:00,7.123
6/13/2023 11:00,7.123
6/13/2023 12:00,7.128
6/13/2023 13:00,7.11
6/13/2023 14:00,7.046
6/13/2023 15:00,7.038
6/13/2023 16:00,7.024
6/13/2023 17:00,7.021
6/13/2023 18:00,7.12
6/13/2023 19:00,7.231
6/13/2023 20:00,7.195
6/13/2023 21:00,7.187
6/13/2023 22:00,7.179
6/13/2023 23:00,7.199
6/14/2023 0:00,7.213
6/14/2023 1:00,7.219
6/14/2023 2:00,7.262
6/14/2023 3:00,7.298
6/14/2023 4:00,7.357
6/14/2023 5:00,7.355
6/14/2023 6:00,7.392
6/14/2023 7:00,7.377
6/14/2023 8:00,7.389
6/14/2023 9:00,7.352
6/14/2023 10:00,7.319
6/14/2023 11:00,7.283
6/14/2023 12:00,7.23
6/14/2023 13:00,7.225
6/14/2023 14:00,7.171
6/14/2023 15:00,7.146
6/14/2023 16:00,7.149
6/14/2023 17:00,7.105
6/14/2023 18:00,7.138
6/14/2023 19:00,7.124
6/14/2023 20:00,7.113
6/14/2023 21:00,7.092
6/14/2023 22:00,7.128
6/14/2023 23:00,7.112
6/15/2023 0:00,7.106
6/15/2023 1:00,7.116
6/15/2023 2:00,7.139
6/15/2023 3:00,7.194
6/15/2023 4:00,7.202
6/15/2023 5:00,7.24
6/15/2023 6:00,7.302
6/15/2023 7:00,7.265
6/15/2023 8:00,7.321
6/15/2023 9:00,7.3
6/15/2023 10:00,7.31
6/15/2023 11:00,7.291
6/15/2023 12:00,7.321
6/15/2023 13:00,7.305
6/15/2023 14:00,7.367
6/15/2023 15:00,7.305
6/15/2023 16:00,7.285
6/15/2023 17:00,7.3
6/15/2023 18:00,7.257
6/15/2023 19:00,7.267
6/15/2023 20:00,7.272
6/15/2023 21:00,7.27
6/15/2023 22:00,7.313
6/15/2023 23:00,7.3
6/16/2023 0:00,7.324
6/16/2023 1:00,7.357
6/16/2023 2:00,7.355
6/16/2023 3:00,7.375
6/16/2023 4:00,7.418
6/16/2023 5:00,7.41
6/16/2023 6:00,7.375
6/16/2023 7:00,7.457
6/16/2023 8:00,7.447
6/16/2023 9:00,7.437
6/16/2023 10:00,7.475
6/16/2023 11:00,7.553
6/16/2023 12:00,7.481
6/16/2023 13:00,7.506
6/16/2023 14:00,7.496
6/16/2023 15:00,7.407
6/16/2023 16:00,7.525
6/16/2023 17:00,7.62
6/16/2023 18:00,7.673
6/16/2023 19:00,7.671
6/16/2023 20:00,7.706
6/16/2023 21:00,7.666
6/16/2023 22:00,7.681
6/16/2023 23:00,7.628
6/17/2023 0:00,7.699
6/17/2023 1:00,7.721
6/17/2023 2:00,7.74
6/17/2023 3:00,7.772
6/17/2023 4:00,7.741
6/17/2023 5:00,7.773
6/17/2023 6:00,7.768
6/17/2023 7:00,7.864
6/17/2023 8:00,7.853
6/17/2023 9:00,7.86
6/17/2023 10:00,7.836
6/17/2023 11:00,7.831
6/17/2023 12:00,7.813
6/17/2023 13:00,7.789
6/17/2023 14:00,7.773
6/17/2023 15:00,7.783
6/17/2023 16:00,7.756
6/17/2023 17:00,7.779
6/17/2023 18:00,7.784
6/17/2023 19:00,7.787
6/17/2023 20:00,7.838
6/17/2023 21:00,7.836
6/17/2023 22:00,7.795
6/17/2023 23:00,7.788
6/18/2023 0:00,7.775
6/18/2023 1:00,7.789
6/18/2023 2:00,7.784
6/18/2023 3:00,7.74
6/18/2023 4:00,7.74
6/18/2023 5:00,7.744
6/18/2023 6:00,7.743
6/18/2023 7:00,7.715
6/18/2023 8:00,7.696
6/18/2023 9:00,7.7
6/18/2023 10:00,7.692
6/18/2023 11:00,7.611
6/18/2023 12:00,7.592
6/18/2023 13:00,7.558
6/18/2023 14:00,7.532
6/18/2023 15:00,7.402
6/18/2023 16:00,7.239
6/18/2023 17:00,7.148
6/18/2023 18:00,7.134
6/18/2023 19:00,7.094
6/18/2023 20:00,7.11
6/18/2023 21:00,7.11
6/18/2023 22:00,7.113
6/18/2023 23:00,7.197
6/19/2023 0:00,7.185
6/19/2023 1:00,7.207
6/19/2023 2:00,7.2
6/19/2023 3:00,7.196
6/19/2023 4:00,7.221
6/19/2023 5:00,7.249
6/19/2023 6:00,7.293
6/19/2023 7:00,7.305
6/19/2023 8:00,7.313
6/19/2023 9:00,7.268
6/19/2023 10:00,7.287
6/19/2023 11:00,7.275
6/19/2023 12:00,7.253
6/19/2023 13:00,7.214
6/19/2023 14:00,7.19
6/19/2023 15:00,7.162
6/19/2023 16:00,7.137
6/19/2023 17:00,7.082
6/19/2023 18:00,7.075
6/19/2023 19:00,7.089
6/19/2023 20:00,7.083
6/19/2023 21:00,7.093
6/19/2023 22:00,7.135
6/19/2023 23:00,7.143
6/20/2023 0:00,7.118
6/20/2023 1:00,7.175
6/20/2023 2:00,7.205
6/20/2023 3:00,7.242
6/20/2023 4:00,7.279
6/20/2023 5:00,7.344
6/20/2023 6:00,7.36
6/20/2023 7:00,7.381
6/20/2023 8:00,7.37
6/20/2023 9:00,7.391
6/20/2023 10:00,7.39
6/20/2023 11:00,7.378
6/20/2023 12:00,7.333
6/20/2023 13:00,7.343
6/20/2023 14:00,7.387
6/20/2023 15:00,7.394
6/20/2023 16:00,7.522
6/20/2023 17:00,7.661
6/20/2023 18:00,7.777
6/20/2023 19:00,7.858
6/20/2023 20:00,7.951
6/20/2023 21:00,8.001
6/20/2023 22:00,8.04
6/20/2023 23:00,8.042
6/21/2023 0:00,8.084
6/21/2023 1:00,8.065
6/21/2023 2:00,8.049
6/21/2023 3:00,8.071
6/21/2023 4:00,8.064
6/21/2023 5:00,8.088
6/21/2023 6:00,8.122
6/21/2023 7:00,8.116
6/21/2023 8:00,8.176
6/21/2023 9:00,8.172
6/21/2023 10:00,8.175
6/21/2023 11:00,8.092
6/21/2023 12:00,8.073
6/21/2023 13:00,8.036
6/21/2023 14:00,7.996
6/21/2023 15:00,8.004
6/21/2023 16:00,8.061
6/21/2023 17:00,7.958
6/21/2023 18:00,7.948
6/21/2023 19:00,7.935
6/21/2023 20:00,7.911
6/21/2023 21:00,7.968
6/21/2023 22:00,7.976
6/21/2023 23:00,7.976
6/22/2023 0:00,8.023
6/22/2023 1:00,7.998
6/22/2023 2:00,8.072
6/22/2023 3:00,8.088
6/22/2023 4:00,8.149
6/22/2023 5:00,8.155
6/22/2023 6:00,8.132
6/22/2023 7:00,8.146
6/22/2023 8:00,8.149
6/22/2023 9:00,8.114
6/22/2023 10:00,8.128
6/22/2023 11:00,8.091
6/22/2023 12:00,8.094
6/22/2023 13:00,8.032
6/22/2023 14:00,7.996
6/22/2023 15:00,8.043
6/22/2023 16:00,8.003
6/22/2023 17:00,8.092
6/22/2023 18:00,8.099
6/22/2023 19:00,8.127
6/22/2023 20:00,8.172
6/22/2023 21:00,8.262
6/22/2023 22:00,8.312
6/22/2023 23:00,8.397
6/23/2023 0:00,8.586
6/23/2023 1:00,8.61
6/23/2023 2:00,8.669
6/23/2023 3:00,8.619
6/23/2023 4:00,8.629
6/23/2023 5:00,8.568
6/23/2023 6:00,8.605
6/23/2023 7:00,8.613
6/23/2023 8:00,8.57
6/23/2023 9:00,8.563
6/23/2023 10:00,8.631
6/23/2023 11:00,8.576
6/23/2023 12:00,8.574
6/23/2023 13:00,8.516
6/23/2023 14:00,8.501
6/23/2023 15:00,8.516
6/23/2023 16:00,8.49
6/23/2023 17:00,8.506
6/23/2023 18:00,8.494
6/23/2023 19:00,8.482
6/23/2023 20:00,8.523
6/23/2023 21:00,8.514
6/23/2023 22:00,8.541
6/23/2023 23:00,8.562
6/24/2023 0:00,8.577
6/24/2023 1:00,8.593
6/24/2023 2:00,8.631
6/24/2023 3:00,8.576
6/24/2023 4:00,8.666
6/24/2023 5:00,8.651
6/24/2023 6:00,8.689
6/24/2023 7:00,8.681
6/24/2023 8:00,8.698
6/24/2023 9:00,8.694
6/24/2023 10:00,8.727
6/24/2023 11:00,8.698
6/24/2023 12:00,8.683
6/24/2023 13:00,8.629
6/24/2023 14:00,8.478
6/24/2023 15:00,8.439
6/24/2023 16:00,8.396
6/24/2023 17:00,8.34
6/24/2023 18:00,8.323
6/24/2023 19:00,8.297
6/24/2023 20:00,8.353
6/24/2023 21:00,8.316
6/24/2023 22:00,8.382
6/24/2023 23:00,8.35
6/25/2023 0:00,8.401
6/25/2023 1:00,8.365
6/25/2023 2:00,8.378
6/25/2023 3:00,8.387
6/25/2023 4:00,8.416
6/25/2023 5:00,8.445
6/25/2023 6:00,8.436
6/25/2023 7:00,8.428
6/25/2023 8:00,8.442
6/25/2023 9:00,8.435
6/25/2023 10:00,8.403
6/25/2023 11:00,8.406
6/25/2023 12:00,8.339
6/25/2023 13:00,8.228
6/25/2023 14:00,8.27
6/25/2023 15:00,8.227
6/25/2023 16:00,8.134
6/25/2023 17:00,8.031
6/25/2023 18:00,8.015
6/25/2023 19:00,8.055
6/25/2023 20:00,8.031
6/25/2023 21:00,8.082
6/25/2023 22:00,8.123
6/25/2023 23:00,8.125
6/26/2023 0:00,8.093
6/26/2023 1:00,8.083
6/26/2023 2:00,8.11
6/26/2023 3:00,8.094
6/26/2023 4:00,8.135
6/26/2023 5:00,8.148
6/26/2023 6:00,8.206
6/26/2023 7:00,8.193
6/26/2023 8:00,8.178
6/26/2023 9:00,8.203
6/26/2023 10:00,8.193
6/26/2023 11:00,8.11
6/26/2023 12:00,8.002
6/26/2023 13:00,7.911
6/26/2023 14:00,7.782
6/26/2023 15:00,7.74
6/26/2023 16:00,7.677
6/26/2023 17:00,7.631
6/26/2023 18:00,7.564
6/26/2023 19:00,7.574
6/26/2023 20:00,7.48
6/26/2023 21:00,7.485
6/26/2023 22:00,7.408
6/26/2023 23:00,7.377
6/27/2023 0:00,7.345
6/27/2023 1:00,7.368
6/27/2023 2:00,7.291
6/27/2023 3:00,7.289
6/27/2023 4:00,7.224
6/27/2023 5:00,7.249
6/27/2023 6:00,7.182
6/27/2023 7:00,7.201
6/27/2023 8:00,7.171
6/27/2023 9:00,7.174
6/27/2023 10:00,7.188
6/27/2023 11:00,7.183
6/27/2023 12:00,7.137
6/27/2023 13:00,7.083
6/27/2023 14:00,7.119
6/27/2023 15:00,7.055
6/27/2023 16:00,7.033
6/27/2023 17:00,7.022
6/27/2023 18:00,7.013
6/27/2023 19:00,6.983
6/27/2023 20:00,7.05
6/27/2023 21:00,7.029
6/27/2023 22:00,7.026
6/27/2023 23:00,7.032
6/28/2023 0:00,7.05
6/28/2023 1:00,7.071
6/28/2023 2:00,7.068
6/28/2023 3:00,7.09
6/28/2023 4:00,7.094
6/28/2023 5:00,7.135
6/28/2023 6:00,7.142
6/28/2023 7:00,7.146
6/28/2023 8:00,7.148
6/28/2023 9:00,7.143
6/28/2023 10:00,7.159
6/28/2023 11:00,7.18
6/28/2023 12:00,7.145
6/28/2023 13:00,7.054
6/28/2023 14:00,7.062
6/28/2023 15:00,7.037
6/28/2023 16:00,6.962
6/28/2023 17:00,6.953
6/28/2023 18:00,6.947
6/28/2023 19:00,6.968
6/28/2023 20:00,6.969
6/28/2023 21:00,7.007
6/28/2023 22:00,7.017
6/28/2023 23:00,6.991
6/29/2023 0:00,7
6/29/2023 1:00,6.993
6/29/2023 2:00,7.019
6/29/2023 3:00,7.011
6/29/2023 4:00,7.032
6/29/2023 5:00,7.061
6/29/2023 6:00,7.064
6/29/2023 7:00,7.085
6/29/2023 8:00,7.11
6/29/2023 9:00,7.111
6/29/2023 10:00,7.071
6/29/2023 11:00,7.047
6/29/2023 12:00,7.034
6/29/2023 13:00,7.011
6/29/2023 14:00,7.003
6/29/2023 15:00,7.109
6/29/2023 16:00,7.182
6/29/2023 17:00,7.226
6/29/2023 18:00,7.186
6/29/2023 19:00,7.11
6/29/2023 20:00,7.191
6/29/2023 21:00,7.303
6/29/2023 22:00,7.315
6/29/2023 23:00,7.305
6/30/2023 0:00,7.317
6/30/2023 1:00,7.357
6/30/2023 2:00,7.36
6/30/2023 3:00,7.325
6/30/2023 4:00,7.354
6/30/2023 5:00,7.368
6/30/2023 6:00,7.372
6/30/2023 7:00,7.402
6/30/2023 8:00,7.368
6/30/2023 9:00,7.398
6/30/2023 10:00,7.399
6/30/2023 11:00,7.385
6/30/2023 12:00,7.345
6/30/2023 13:00,7.322
6/30/2023 14:00,7.32
6/30/2023 15:00,7.359
6/30/2023 16:00,7.38
6/30/2023 17:00,7.34
6/30/2023 18:00,7.356
6/30/2023 19:00,7.353
6/30/2023 20:00,7.354
6/30/2023 21:00,7.316
6/30/2023 22:00,7.333
6/30/2023 23:00,7.358
7/1/2023 0:00,7.348
7/1/2023 1:00,7.375
7/1/2023 2:00,7.384
7/1/2023 3:00,7.364
7/1/2023 4:00,7.399
7/1/2023 5:00,7.395
7/1/2023 6:00,7.436
7/1/2023 7:00,7.414
7/1/2023 8:00,7.432
7/1/2023 9:00,7.418
7/1/2023 10:00,7.374
7/1/2023 11:00,7.367
7/1/2023 12:00,7.372
7/1/2023 13:00,7.322
7/1/2023 14:00,7.275
7/1/2023 15:00,7.311
7/1/2023 16:00,7.261
7/1/2023 17:00,7.245
7/1/2023 18:00,7.224
7/1/2023 19:00,7.253
7/1/2023 20:00,7.227
7/1/2023 21:00,7.269
7/1/2023 22:00,7.302
7/1/2023 23:00,7.289
7/2/2023 0:00,7.3
7/2/2023 1:00,7.302
7/2/2023 2:00,7.322
7/2/2023 3:00,7.284
7/2/2023 4:00,7.307
7/2/2023 5:00,7.316
7/2/2023 6:00,7.345
7/2/2023 7:00,7.375
7/2/2023 8:00,7.35
7/2/2023 9:00,7.32
7/2/2023 10:00,7.305
7/2/2023 11:00,7.305
7/2/2023 12:00,7.278
7/2/2023 13:00,7.272
7/2/2023 14:00,7.252
7/2/2023 15:00,7.244
7/2/2023 16:00,7.214
7/2/2023 17:00,7.204
7/2/2023 18:00,7.152
7/2/2023 19:00,7.148
7/2/2023 20:00,7.153
7/2/2023 21:00,7.195
7/2/2023 22:00,7.206
7/2/2023 23:00,7.197
7/3/2023 0:00,7.177
7/3/2023 1:00,7.198
7/3/2023 2:00,7.171
7/3/2023 3:00,7.217
7/3/2023 4:00,7.221
7/3/2023 5:00,7.256
7/3/2023 6:00,7.244
7/3/2023 7:00,7.286
7/3/2023 8:00,7.266
7/3/2023 9:00,7.256
7/3/2023 10:00,7.202
7/3/2023 11:00,7.228
7/3/2023 12:00,7.218
7/3/2023 13:00,7.105
7/3/2023 14:00,7.019
7/3/2023 15:00,6.965
7/3/2023 16:00,6.872
7/3/2023 17:00,6.795
7/3/2023 18:00,6.764
7/3/2023 19:00,6.729
7/3/2023 20:00,6.737
7/3/2023 21:00,6.719
7/3/2023 22:00,6.747
7/3/2023 23:00,6.779
7/4/2023 0:00,6.792
7/4/2023 1:00,6.792
7/4/2023 2:00,6.803
7/4/2023 3:00,6.806
7/4/2023 4:00,6.839
7/4/2023 5:00,6.845
7/4/2023 6:00,6.806
7/4/2023 7:00,6.835
7/4/2023 8:00,6.813
7/4/2023 9:00,6.819
7/4/2023 10:00,6.812
7/4/2023 11:00,6.789
7/4/2023 12:00,6.73
7/4/2023 13:00,6.642
7/4/2023 14:00,6.618
7/4/2023 15:00,6.515
7/4/2023 16:00,6.437
7/4/2023 17:00,6.396
7/4/2023 18:00,6.372
7/4/2023 19:00,6.368
7/4/2023 20:00,6.392
7/4/2023 21:00,6.383
7/4/2023 22:00,6.379
7/4/2023 23:00,6.403
7/5/2023 0:00,6.396
7/5/2023 1:00,6.406
7/5/2023 2:00,6.411
7/5/2023 3:00,6.412
7/5/2023 4:00,6.446
7/5/2023 5:00,6.462
7/5/2023 6:00,6.497
7/5/2023 7:00,6.527
7/5/2023 8:00,6.548
7/5/2023 9:00,6.501
7/5/2023 10:00,6.536
7/5/2023 11:00,6.492
7/5/2023 12:00,6.46
7/5/2023 13:00,6.341
7/5/2023 14:00,6.323
7/5/2023 15:00,6.284
7/5/2023 16:00,6.309
7/5/2023 17:00,6.317
7/5/2023 18:00,6.343
7/5/2023 19:00,6.352
7/5/2023 20:00,6.384
7/5/2023 21:00,6.373
7/5/2023 22:00,6.347
7/5/2023 23:00,6.326
7/6/2023 0:00,6.326
7/6/2023 1:00,6.289
7/6/2023 2:00,6.24
7/6/2023 3:00,6.17
7/6/2023 4:00,6.137
7/6/2023 5:00,6.131
7/6/2023 6:00,6.126
7/6/2023 7:00,6.113
7/6/2023 8:00,6.088
7/6/2023 9:00,6.081
7/6/2023 10:00,6.064
7/6/2023 11:00,6.069
7/6/2023 12:00,6.133
7/6/2023 13:00,6.142
7/6/2023 14:00,6.119
7/6/2023 15:00,6.115
7/6/2023 16:00,6.105
7/6/2023 17:00,6.072
7/6/2023 18:00,6.024
7/6/2023 19:00,6.044
7/6/2023 20:00,6.019
7/6/2023 21:00,6.017
7/6/2023 22:00,6.008
7/6/2023 23:00,5.998
7/7/2023 0:00,6.004
7/7/2023 1:00,6.017
7/7/2023 2:00,6.008
7/7/2023 3:00,6.014
7/7/2023 4:00,6.011
7/7/2023 5:00,6.038
7/7/2023 6:00,6.05
7/7/2023 7:00,6.06
7/7/2023 8:00,6.052
7/7/2023 9:00,6.05
7/7/2023 10:00,6.04
7/7/2023 11:00,6.022
7/7/2023 12:00,5.995
7/7/2023 13:00,5.996
7/7/2023 14:00,5.947
7/7/2023 15:00,5.932
7/7/2023 16:00,5.905
7/7/2023 17:00,5.9
7/7/2023 18:00,5.89
7/7/2023 19:00,5.948
7/7/2023 20:00,5.997
7/7/2023 21:00,6.039
7/7/2023 22:00,6.073
7/7/2023 23:00,6.103
7/8/2023 0:00,6.125
7/8/2023 1:00,6.137
7/8/2023 2:00,6.154
7/8/2023 3:00,6.154
7/8/2023 4:00,6.167
7/8/2023 5:00,6.193
7/8/2023 6:00,6.241
7/8/2023 7:00,6.2
7/8/2023 8:00,6.219
7/8/2023 9:00,6.209
7/8/2023 10:00,6.156
7/8/2023 11:00,6.141
7/8/2023 12:00,6.114
7/8/2023 13:00,6.08
7/8/2023 14:00,6.065
7/8/2023 15:00,6.055
7/8/2023 16:00,6.043
7/8/2023 17:00,6.058
7/8/2023 18:00,6.031
7/8/2023 19:00,6.048
7/8/2023 20:00,6.042
7/8/2023 21:00,6.04
7/8/2023 22:00,6.061
7/8/2023 23:00,6.037
7/9/2023 0:00,6.071
7/9/2023 1:00,6.073
7/9/2023 2:00,6.099
7/9/2023 3:00,6.109
7/9/2023 4:00,6.12
7/9/2023 5:00,6.12
7/9/2023 6:00,6.115
7/9/2023 7:00,6.097
7/9/2023 8:00,6.093
7/9/2023 9:00,6.078
7/9/2023 10:00,6.07
7/9/2023 11:00,6.066
7/9/2023 12:00,6.021
7/9/2023 13:00,6.003
7/9/2023 14:00,5.982
7/9/2023 15:00,5.964
7/9/2023 16:00,5.951
7/9/2023 17:00,5.995
7/9/2023 18:00,6.042
7/9/2023 19:00,6.066
7/9/2023 20:00,6.083
7/9/2023 21:00,6.102
7/9/2023 22:00,6.106
7/9/2023 23:00,6.119
7/10/2023 0:00,6.123
7/10/2023 1:00,6.159
7/10/2023 2:00,6.164
7/10/2023 3:00,6.153
7/10/2023 4:00,6.147
7/10/2023 5:00,6.13
7/10/2023 6:00,6.145
7/10/2023 7:00,6.157
7/10/2023 8:00,6.161
7/10/2023 9:00,6.179
7/10/2023 10:00,6.17
7/10/2023 11:00,6.132
7/10/2023 12:00,6.145
7/10/2023 13:00,6.121
7/10/2023 14:00,6.112
7/10/2023 15:00,6.07
7/10/2023 16:00,6.068
7/10/2023 17:00,6.02
7/10/2023 18:00,6.033
7/10/2023 19:00,6.054
7/10/2023 20:00,6.071
7/10/2023 21:00,6.079
7/10/2023 22:00,6.095
7/10/2023 23:00,6.115
7/11/2023 0:00,6.109
7/11/2023 1:00,6.113
7/11/2023 2:00,6.156
7/11/2023 3:00,6.155
7/11/2023 4:00,6.152
7/11/2023 5:00,6.158
7/11/2023 6:00,6.165
7/11/2023 7:00,6.196
7/11/2023 8:00,6.184
7/11/2023 9:00,6.18
7/11/2023 10:00,6.186
7/11/2023 11:00,6.18
7/11/2023 12:00,6.136
7/11/2023 13:00,6.095
7/11/2023 14:00,6.046
7/11/2023 15:00,6.025
7/11/2023 16:00,5.978
7/11/2023 17:00,6.001
7/11/2023 18:00,5.989
7/11/2023 19:00,5.966
7/11/2023 20:00,5.962
7/11/2023 21:00,5.965
7/11/2023 22:00,5.969
7/11/2023 23:00,5.983
7/12/2023 0:00,5.984
7/12/2023 1:00,5.996
7/12/2023 2:00,6.017
7/12/2023 3:00,6.02
7/12/2023 4:00,6.034
7/12/2023 5:00,6.059
7/12/2023 6:00,6.058
7/12/2023 7:00,6.095
7/12/2023 8:00,6.088
7/12/2023 9:00,6.079
7/12/2023 10:00,6.068
7/12/2023 11:00,6.055
7/12/2023 12:00,6.056
7/12/2023 13:00,6.048
7/12/2023 14:00,6.018
7/12/2023 15:00,6.021
7/12/2023 16:00,6.007
7/12/2023 17:00,5.97
7/12/2023 18:00,5.958
7/12/2023 19:00,5.973
7/12/2023 20:00,5.969
7/12/2023 21:00,5.982
7/12/2023 22:00,5.992
7/12/2023 23:00,5.976
7/13/2023 0:00,5.978
7/13/2023 1:00,5.993
7/13/2023 2:00,6.007
7/13/2023 3:00,6.017
7/13/2023 4:00,6.036
7/13/2023 5:00,6.072
7/13/2023 6:00,6.061
7/13/2023 7:00,6.096
7/13/2023 8:00,6.084
7/13/2023 9:00,6.078
7/13/2023 10:00,6.073
7/13/2023 11:00,6.07
7/13/2023 12:00,6.041
7/13/2023 13:00,6.023
7/13/2023 14:00,6.029
7/13/2023 15:00,5.993
7/13/2023 16:00,6.026
7/13/2023 17:00,5.959
7/13/2023 18:00,5.917
7/13/2023 19:00,5.906
7/13/2023 20:00,5.909
7/13/2023 21:00,5.906
7/13/2023 22:00,5.919
7/13/2023 23:00,5.903
7/14/2023 0:00,5.92
7/14/2023 1:00,5.932
7/14/2023 2:00,5.95
7/14/2023 3:00,5.95
7/14/2023 4:00,5.963
7/14/2023 5:00,5.97
7/14/2023 6:00,5.982
7/14/2023 7:00,5.988
7/14/2023 8:00,5.998
7/14/2023 9:00,6.007
7/14/2023 10:00,5.99
7/14/2023 11:00,5.928
7/14/2023 12:00,5.888
7/14/2023 13:00,5.854
7/14/2023 14:00,5.756
7/14/2023 15:00,5.705
7/14/2023 16:00,5.689
7/14/2023 17:00,5.649
7/14/2023 18:00,5.631
7/14/2023 19:00,5.645
7/14/2023 20:00,5.626
7/14/2023 21:00,5.628
7/14/2023 22:00,5.63
7/14/2023 23:00,5.64
7/15/2023 0:00,5.64
7/15/2023 1:00,5.578
7/15/2023 2:00,5.576
7/15/2023 3:00,5.56
7/15/2023 4:00,5.51
7/15/2023 5:00,5.509
7/15/2023 6:00,5.518
7/15/2023 7:00,5.506
7/15/2023 8:00,5.511
7/15/2023 9:00,5.48
7/15/2023 10:00,5.478
7/15/2023 11:00,5.456
7/15/2023 12:00,5.43
7/15/2023 13:00,5.391
7/15/2023 14:00,5.388
7/15/2023 15:00,5.363
7/15/2023 16:00,5.318
7/15/2023 17:00,5.267
7/15/2023 18:00,5.27
7/15/2023 19:00,5.239
7/15/2023 20:00,5.209
7/15/2023 21:00,5.198
7/15/2023 22:00,5.163
7/15/2023 23:00,5.144
7/16/2023 0:00,5.128
7/16/2023 1:00,5.104
7/16/2023 2:00,5.09
7/16/2023 3:00,5.1
7/16/2023 4:00,5.101
7/16/2023 5:00,5.108
7/16/2023 6:00,5.11
7/16/2023 7:00,5.123
7/16/2023 8:00,5.12
7/16/2023 9:00,5.105
7/16/2023 10:00,5.087
7/16/2023 11:00,5.062
7/16/2023 12:00,5.054
7/16/2023 13:00,5.046
7/16/2023 14:00,5.02
7/16/2023 15:00,5.015
7/16/2023 16:00,5
7/16/2023 17:00,4.978
7/16/2023 18:00,4.966
7/16/2023 19:00,4.983
7/16/2023 20:00,5.008
7/16/2023 21:00,5.024
7/16/2023 22:00,5.025
7/16/2023 23:00,5.015
7/17/2023 0:00,5.005
7/17/2023 1:00,5
7/17/2023 2:00,4.991
7/17/2023 3:00,5.006
7/17/2023 4:00,5.018
7/17/2023 5:00,5.023
7/17/2023 6:00,5.035
7/17/2023 7:00,5.039
7/17/2023 8:00,5.036
7/17/2023 9:00,5.034
7/17/2023 10:00,5.006
7/17/2023 11:00,4.972
7/17/2023 12:00,4.966
7/17/2023 13:00,4.943
7/17/2023 14:00,4.919
7/17/2023 15:00,4.914
7/17/2023 16:00,4.591
7/17/2023 17:00,4.532
7/17/2023 18:00,4.754
7/17/2023 19:00,4.807
7/17/2023 20:00,4.802
7/17/2023 21:00,4.794
7/17/2023 22:00,4.755
7/17/2023 23:00,4.727
7/18/2023 0:00,4.72
7/18/2023 1:00,4.711
7/18/2023 2:00,4.702
7/18/2023 3:00,4.713
7/18/2023 4:00,4.711
7/18/2023 5:00,4.72
7/18/2023 6:00,4.733
7/18/2023 7:00,4.735
7/18/2023 8:00,4.728
7/18/2023 9:00,4.705
7/18/2023 10:00,4.753
7/18/2023 11:00,4.65
7/18/2023 12:00,4.535
7/18/2023 13:00,4.561
7/18/2023 14:00,4.541
7/18/2023 15:00,4.56
7/18/2023 16:00,4.581
7/18/2023 17:00,4.583
7/18/2023 18:00,4.601
7/18/2023 19:00,4.604
7/18/2023 20:00,4.602
7/18/2023 21:00,4.609
7/18/2023 22:00,4.606
7/18/2023 23:00,4.595
7/19/2023 0:00,4.594
7/19/2023 1:00,4.586
7/19/2023 2:00,4.578
7/19/2023 3:00,4.573
7/19/2023 4:00,4.556
7/19/2023 5:00,4.571
7/19/2023 6:00,4.579
7/19/2023 7:00,4.578
7/19/2023 8:00,4.565
7/19/2023 9:00,4.516
7/19/2023 10:00,4.498
7/19/2023 11:00,4.473
7/19/2023 12:00,4.432
7/19/2023 13:00,4.517
7/19/2023 14:00,4.683
7/19/2023 15:00,4.754
7/19/2023 16:00,4.75
7/19/2023 17:00,4.678
7/19/2023 18:00,4.636
7/19/2023 19:00,4.623
7/19/2023 20:00,4.578
7/19/2023 21:00,4.552
7/19/2023 22:00,4.562
7/19/2023 23:00,4.559
7/20/2023 0:00,4.545
7/20/2023 1:00,4.545
7/20/2023 2:00,4.571
7/20/2023 3:00,4.596
7/20/2023 4:00,4.595
7/20/2023 5:00,4.613
7/20/2023 6:00,4.618
7/20/2023 7:00,4.644
7/20/2023 8:00,4.637
7/20/2023 9:00,4.832
7/20/2023 10:00,4.942
7/20/2023 11:00,4.848
7/20/2023 12:00,4.857
7/20/2023 13:00,4.776
7/20/2023 14:00,5.002
7/20/2023 15:00,5.023
7/20/2023 16:00,4.991
7/20/2023 17:00,4.998
7/20/2023 18:00,4.97
7/20/2023 19:00,4.959
7/20/2023 20:00,4.953
7/20/2023 21:00,4.969
7/20/2023 22:00,4.943
7/20/2023 23:00,4.85
7/21/2023 0:00,4.876
7/21/2023 1:00,4.874
7/21/2023 2:00,4.792
7/21/2023 3:00,4.773
7/21/2023 4:00,4.814
7/21/2023 5:00,4.838
7/21/2023 6:00,4.819
7/21/2023 7:00,4.812
7/21/2023 8:00,4.83
7/21/2023 9:00,4.812
7/21/2023 10:00,5.113
7/21/2023 11:00,5.062
7/21/2023 12:00,4.903
7/21/2023 13:00,4.826
7/21/2023 14:00,4.744
7/21/2023 15:00,4.731
7/21/2023 16:00,4.669
7/21/2023 17:00,4.746
7/21/2023 18:00,4.796
7/21/2023 19:00,4.793
7/21/2023 20:00,4.739
7/21/2023 21:00,4.736
7/21/2023 22:00,4.723
7/21/2023 23:00,4.66
7/22/2023 0:00,4.671
7/22/2023 1:00,4.715
7/22/2023 2:00,4.732
7/22/2023 3:00,4.741
7/22/2023 4:00,4.732
7/22/2023 5:00,4.722
7/22/2023 6:00,4.74
7/22/2023 7:00,4.752
7/22/2023 8:00,4.754
7/22/2023 9:00,4.751
7/22/2023 10:00,4.717
7/22/2023 11:00,4.679
7/22/2023 12:00,4.638
7/22/2023 13:00,4.615
7/22/2023 14:00,4.577
7/22/2023 15:00,4.59
7/22/2023 16:00,4.566
7/22/2023 17:00,4.526
7/22/2023 18:00,4.522
7/22/2023 19:00,4.521
7/22/2023 20:00,4.538
7/22/2023 21:00,4.56
7/22/2023 22:00,4.551
7/22/2023 23:00,4.549
7/23/2023 0:00,4.558
7/23/2023 1:00,4.568
7/23/2023 2:00,4.581
7/23/2023 3:00,4.605
7/23/2023 4:00,4.619
7/23/2023 5:00,4.629
7/23/2023 6:00,4.651
7/23/2023 7:00,4.675
7/23/2023 8:00,4.677
7/23/2023 9:00,4.663
7/23/2023 10:00,4.647
7/23/2023 11:00,4.597
7/23/2023 12:00,4.564
7/23/2023 13:00,4.519
7/23/2023 14:00,4.461
7/23/2023 15:00,4.456
7/23/2023 16:00,4.459
7/23/2023 17:00,4.487
7/23/2023 18:00,4.495
7/23/2023 19:00,4.493
7/23/2023 20:00,4.506
7/23/2023 21:00,4.517
7/23/2023 22:00,4.527
7/23/2023 23:00,4.535
7/24/2023 0:00,4.545
7/24/2023 1:00,4.544
7/24/2023 2:00,4.551
7/24/2023 3:00,4.571
7/24/2023 4:00,4.581
7/24/2023 5:00,4.598
7/24/2023 6:00,4.619
7/24/2023 7:00,4.637
7/24/2023 8:00,4.64
7/24/2023 9:00,4.627
7/24/2023 10:00,4.592
7/24/2023 11:00,4.554
7/24/2023 12:00,4.532
7/24/2023 13:00,4.508
7/24/2023 14:00,4.452
7/24/2023 15:00,4.415
7/24/2023 16:00,4.479
7/24/2023 17:00,4.627
7/24/2023 18:00,4.62
7/24/2023 19:00,4.42
7/24/2023 20:00,4.427
7/24/2023 21:00,4.429
7/24/2023 22:00,4.455
7/24/2023 23:00,4.461
7/25/2023 0:00,4.473
7/25/2023 1:00,4.496
7/25/2023 2:00,4.51
7/25/2023 3:00,4.529
7/25/2023 4:00,4.545
7/25/2023 5:00,4.565
7/25/2023 6:00,4.575
7/25/2023 7:00,4.608
7/25/2023 8:00,4.621
7/25/2023 9:00,4.711
7/25/2023 10:00,4.724
7/25/2023 11:00,4.668
7/25/2023 12:00,4.607
7/25/2023 13:00,4.546
7/25/2023 14:00,4.606
7/25/2023 15:00,4.607
7/25/2023 16:00,4.591
7/25/2023 16:27,
7/25/2023 16:27,
7/25/2023 16:28,
