dateTime,Water_Level_NoIce_ft
11/2/2022 11:00,-3.638
11/2/2022 12:00,-3.645
11/2/2022 13:00,-3.601
11/2/2022 14:00,-3.645
11/2/2022 15:00,-3.674
11/2/2022 16:00,-3.688
11/2/2022 17:00,-3.682
11/2/2022 18:00,-3.683
11/2/2022 19:00,-3.686
11/2/2022 20:00,-3.678
11/2/2022 21:00,-3.693
11/2/2022 22:00,-3.695
11/2/2022 23:00,-3.697
11/3/2022 0:00,-3.679
11/3/2022 1:00,-3.675
11/3/2022 2:00,-3.666
11/3/2022 3:00,-3.658
11/3/2022 4:00,-3.648
11/3/2022 5:00,-3.645
11/3/2022 6:00,-3.639
11/3/2022 7:00,-3.638
11/3/2022 8:00,-3.648
11/3/2022 9:00,-3.652
11/3/2022 10:00,-3.654
11/3/2022 11:00,-3.65
11/3/2022 12:00,-3.664
11/3/2022 13:00,-3.669
11/3/2022 14:00,-3.67
11/3/2022 15:00,-3.685
11/3/2022 16:00,-3.677
11/3/2022 17:00,-3.687
11/3/2022 18:00,-3.679
11/3/2022 19:00,-3.682
11/3/2022 20:00,-3.673
11/3/2022 21:00,-3.669
11/3/2022 22:00,-3.681
11/3/2022 23:00,-3.678
11/4/2022 0:00,-3.669
11/4/2022 1:00,-3.657
11/4/2022 2:00,-3.64
11/4/2022 3:00,-3.618
11/4/2022 4:00,-3.616
11/4/2022 5:00,-3.621
11/4/2022 6:00,-3.625
11/4/2022 7:00,-3.626
11/4/2022 8:00,-3.643
11/4/2022 9:00,-3.654
11/4/2022 10:00,-3.656
11/4/2022 11:00,-3.673
11/4/2022 12:00,-3.685
11/4/2022 13:00,-3.678
11/4/2022 14:00,-3.679
11/4/2022 15:00,-3.685
11/4/2022 16:00,-3.695
11/4/2022 17:00,-3.695
11/4/2022 18:00,-3.708
11/4/2022 19:00,-3.712
11/4/2022 20:00,-3.705
11/4/2022 21:00,-3.708
11/4/2022 22:00,-3.712
11/4/2022 23:00,-3.721
11/5/2022 0:00,-3.723
11/5/2022 1:00,-3.719
11/5/2022 2:00,-3.715
11/5/2022 3:00,-3.714
11/5/2022 4:00,-3.71
11/5/2022 5:00,-3.719
11/5/2022 6:00,-3.728
11/5/2022 7:00,-3.724
11/5/2022 8:00,-3.72
11/5/2022 9:00,-3.714
11/5/2022 10:00,-3.72
11/5/2022 11:00,-3.725
11/5/2022 12:00,-3.729
11/5/2022 13:00,-3.723
11/5/2022 14:00,-3.718
11/5/2022 15:00,-3.719
11/5/2022 16:00,-3.705
11/5/2022 17:00,-3.714
11/5/2022 18:00,-3.717
11/5/2022 19:00,-3.708
11/5/2022 20:00,-3.708
11/5/2022 21:00,-3.705
11/5/2022 22:00,-3.71
11/5/2022 23:00,-3.709
11/6/2022 0:00,-3.71
11/6/2022 1:00,-3.712
11/6/2022 2:00,-3.711
11/6/2022 3:00,-3.705
11/6/2022 4:00,-3.713
11/6/2022 5:00,-3.711
11/6/2022 6:00,-3.708
11/6/2022 7:00,-3.706
11/6/2022 8:00,-3.703
11/6/2022 9:00,-3.697
11/6/2022 10:00,-3.696
11/6/2022 11:00,-3.703
11/6/2022 12:00,-3.696
11/6/2022 13:00,-3.693
11/6/2022 14:00,-3.704
11/6/2022 15:00,-3.703
11/6/2022 16:00,-3.711
11/6/2022 17:00,-3.709
11/6/2022 18:00,-3.707
11/6/2022 19:00,-3.705
11/6/2022 20:00,-3.705
11/6/2022 21:00,-3.716
11/6/2022 22:00,-3.714
11/6/2022 23:00,-3.717
11/7/2022 0:00,-3.713
11/7/2022 1:00,-3.711
11/7/2022 2:00,-3.713
11/7/2022 3:00,-3.708
11/7/2022 4:00,-3.713
11/7/2022 5:00,-3.715
11/7/2022 6:00,-3.72
11/7/2022 7:00,-3.729
11/7/2022 8:00,-3.749
11/7/2022 9:00,-3.758
11/7/2022 10:00,-3.763
11/7/2022 11:00,-3.758
11/7/2022 12:00,-3.731
11/7/2022 13:00,-3.727
11/7/2022 14:00,-3.723
11/7/2022 15:00,-3.707
11/7/2022 16:00,-3.715
11/7/2022 17:00,-3.717
11/7/2022 18:00,-3.72
11/7/2022 19:00,-3.733
11/7/2022 20:00,-3.708
11/7/2022 21:00,-3.696
11/7/2022 22:00,-3.706
11/7/2022 23:00,-3.726
11/8/2022 0:00,-3.73
11/8/2022 1:00,-3.681
11/8/2022 2:00,-3.665
11/8/2022 3:00,-3.659
11/8/2022 4:00,-3.651
11/8/2022 5:00,-3.653
11/8/2022 6:00,-3.651
11/8/2022 7:00,-3.655
11/8/2022 8:00,-3.652
11/8/2022 9:00,-3.666
11/8/2022 10:00,-3.685
11/8/2022 11:00,-3.704
11/8/2022 12:00,-3.711
11/8/2022 13:00,-3.684
11/8/2022 14:00,-3.71
11/8/2022 15:00,-3.701
11/8/2022 16:00,-3.718
11/8/2022 17:00,-3.727
11/8/2022 18:00,-3.73
11/8/2022 19:00,-3.728
11/8/2022 20:00,-3.734
11/8/2022 21:00,-3.73
11/8/2022 22:00,-3.719
11/8/2022 23:00,-3.725
11/9/2022 0:00,-3.7
11/9/2022 1:00,-3.669
11/9/2022 2:00,-3.65
11/9/2022 3:00,-3.655
11/9/2022 4:00,-3.655
11/9/2022 5:00,-3.659
11/9/2022 6:00,-3.656
11/9/2022 7:00,-3.681
11/9/2022 8:00,-3.689
11/9/2022 9:00,-3.716
11/9/2022 10:00,-3.727
11/9/2022 11:00,-3.725
11/9/2022 12:00,-3.71
11/9/2022 13:00,-3.704
11/9/2022 14:00,-3.7
11/9/2022 15:00,-3.703
11/9/2022 16:00,-3.706
11/9/2022 17:00,-3.721
11/9/2022 18:00,-3.733
11/9/2022 19:00,-3.746
11/9/2022 20:00,-3.736
11/9/2022 21:00,-3.712
11/9/2022 22:00,-3.706
11/9/2022 23:00,-3.724
11/10/2022 0:00,-3.692
11/10/2022 1:00,-3.664
11/10/2022 2:00,-3.653
11/10/2022 3:00,-3.656
11/10/2022 4:00,-3.651
11/10/2022 5:00,-3.647
11/10/2022 6:00,-3.642
11/10/2022 7:00,-3.647
11/10/2022 8:00,-3.668
11/10/2022 9:00,-3.702
11/10/2022 10:00,-3.696
11/10/2022 11:00,-3.712
11/10/2022 12:00,-3.717
11/10/2022 13:00,-3.701
11/10/2022 14:00,-3.689
11/10/2022 15:00,-3.694
11/10/2022 16:00,-3.694
11/10/2022 17:00,-3.699
11/10/2022 18:00,-3.712
11/10/2022 19:00,-3.724
11/10/2022 20:00,-3.733
11/10/2022 21:00,-3.737
11/10/2022 22:00,-3.737
11/10/2022 23:00,-3.733
11/11/2022 0:00,-3.735
11/11/2022 1:00,-3.716
11/11/2022 2:00,-3.716
11/11/2022 3:00,-3.718
11/11/2022 4:00,-3.725
11/11/2022 5:00,-3.738
11/11/2022 6:00,-3.738
11/11/2022 7:00,-3.733
11/11/2022 8:00,-3.718
11/11/2022 9:00,-3.718
11/11/2022 10:00,-3.722
11/11/2022 11:00,-3.72
11/11/2022 12:00,-3.691
11/11/2022 13:00,-3.746
11/11/2022 14:00,-3.748
11/11/2022 15:00,-3.744
11/11/2022 16:00,-3.746
11/11/2022 17:00,-3.75
11/11/2022 18:00,-3.746
11/11/2022 19:00,-3.734
11/11/2022 20:00,-3.719
11/11/2022 21:00,-3.693
11/11/2022 22:00,-3.701
11/11/2022 23:00,-3.737
11/12/2022 0:00,-3.777
11/12/2022 1:00,-3.806
11/12/2022 2:00,-3.813
11/12/2022 3:00,-3.821
11/12/2022 4:00,-3.813
11/12/2022 5:00,-3.81
11/12/2022 6:00,-3.818
11/12/2022 7:00,-3.819
11/12/2022 8:00,-3.817
11/12/2022 9:00,-3.806
11/12/2022 10:00,-3.8
11/12/2022 11:00,-3.789
11/12/2022 12:00,-3.724
11/12/2022 13:00,-3.629
11/12/2022 14:00,-3.71
11/12/2022 15:00,-3.745
11/12/2022 16:00,-3.753
11/12/2022 17:00,-3.748
11/12/2022 18:00,-3.756
11/12/2022 19:00,-3.76
11/12/2022 20:00,-3.769
11/12/2022 21:00,-3.786
11/12/2022 22:00,-3.796
11/12/2022 23:00,-3.799
11/13/2022 0:00,-3.788
11/13/2022 1:00,-3.791
11/13/2022 2:00,-3.806
11/13/2022 3:00,-3.81
11/13/2022 4:00,-3.801
11/13/2022 5:00,-3.817
11/13/2022 6:00,-3.821
11/13/2022 7:00,-3.812
11/13/2022 8:00,-3.803
11/13/2022 9:00,-3.783
11/13/2022 10:00,-3.793
11/13/2022 11:00,-3.764
11/13/2022 12:00,-3.705
11/13/2022 13:00,-3.562
11/13/2022 14:00,-3.588
11/13/2022 15:00,-3.634
11/13/2022 16:00,-3.653
11/13/2022 17:00,-3.65
11/13/2022 18:00,-3.669
11/13/2022 19:00,-3.697
11/13/2022 20:00,-3.707
11/13/2022 21:00,-3.716
11/13/2022 22:00,-3.739
11/13/2022 23:00,-3.722
11/14/2022 0:00,-3.701
11/14/2022 1:00,-3.699
11/14/2022 2:00,-3.707
11/14/2022 3:00,-3.711
11/14/2022 4:00,-3.712
11/14/2022 5:00,-3.71
11/14/2022 6:00,-3.714
11/14/2022 7:00,-3.713
11/14/2022 8:00,-3.709
11/14/2022 9:00,-3.715
11/14/2022 10:00,-3.717
11/14/2022 11:00,-3.666
11/14/2022 12:00,-3.717
11/14/2022 13:00,-3.72
11/14/2022 14:00,-3.72
11/14/2022 15:00,-3.728
11/14/2022 16:00,-3.728
11/14/2022 17:00,-3.733
11/14/2022 18:00,-3.718
11/14/2022 19:00,-3.717
11/14/2022 20:00,-3.726
11/14/2022 21:00,-3.714
11/14/2022 22:00,-3.719
11/14/2022 23:00,-3.731
11/15/2022 0:00,-3.744
11/15/2022 1:00,-3.742
11/15/2022 2:00,-3.725
11/15/2022 3:00,-3.729
11/15/2022 4:00,-3.717
11/15/2022 5:00,-3.722
11/15/2022 6:00,-3.723
11/15/2022 7:00,-3.716
11/15/2022 8:00,-3.708
11/15/2022 9:00,-3.702
11/15/2022 10:00,-3.697
11/15/2022 11:00,-3.682
11/15/2022 12:00,-3.666
11/15/2022 13:00,-3.698
11/15/2022 14:00,-3.715
11/15/2022 15:00,-3.711
11/15/2022 16:00,-3.714
11/15/2022 17:00,-3.731
11/15/2022 18:00,-3.732
11/15/2022 19:00,-3.75
11/15/2022 20:00,-3.751
11/15/2022 21:00,-3.752
11/15/2022 22:00,-3.772
11/15/2022 23:00,-3.759
11/16/2022 0:00,-3.749
11/16/2022 1:00,-3.752
11/16/2022 2:00,-3.706
11/16/2022 3:00,-3.408
11/16/2022 4:00,-3.225
11/16/2022 5:00,-3.074
11/16/2022 6:00,-2.83
11/16/2022 7:00,-2.766
11/16/2022 8:00,-2.527
11/16/2022 9:00,-2.517
11/16/2022 10:00,-2.383
11/16/2022 11:00,-2.032
11/16/2022 12:00,-1.934
11/16/2022 13:00,-1.843
11/16/2022 14:00,-1.848
11/16/2022 15:00,-1.845
11/16/2022 16:00,-1.867
11/16/2022 17:00,-1.923
11/16/2022 18:00,-2.017
11/16/2022 19:00,-2.079
11/16/2022 20:00,-2.167
11/16/2022 21:00,-2.241
11/16/2022 22:00,-2.301
11/16/2022 23:00,-2.342
11/17/2022 0:00,-2.356
11/17/2022 1:00,-2.349
11/17/2022 2:00,-2.354
11/17/2022 3:00,-2.351
11/17/2022 4:00,-2.316
11/17/2022 5:00,-2.297
11/17/2022 6:00,-2.256
11/17/2022 7:00,-2.22
11/17/2022 8:00,-2.203
11/17/2022 9:00,-2.188
11/17/2022 10:00,-2.186
11/17/2022 11:00,-2.15
11/17/2022 12:00,-2.072
11/17/2022 13:00,-1.959
11/17/2022 14:00,-1.894
11/17/2022 15:00,-1.909
11/17/2022 16:00,-1.941
11/17/2022 17:00,-1.981
11/17/2022 18:00,-2.031
11/17/2022 19:00,-2.056
11/17/2022 20:00,-2.108
11/17/2022 21:00,-2.12
11/17/2022 22:00,-2.132
11/17/2022 23:00,-2.149
11/18/2022 0:00,-2.169
11/18/2022 1:00,-2.165
11/18/2022 2:00,-2.151
11/18/2022 3:00,-2.122
11/18/2022 4:00,-2.099
11/18/2022 5:00,-2.09
11/18/2022 6:00,-2.083
11/18/2022 7:00,-2.087
11/18/2022 8:00,-2.103
11/18/2022 9:00,-2.122
11/18/2022 10:00,-2.161
11/18/2022 11:00,-2.146
11/18/2022 12:00,-2.087
11/18/2022 13:00,-1.959
11/18/2022 14:00,-1.863
11/18/2022 15:00,-1.905
11/18/2022 16:00,-1.938
11/18/2022 17:00,-1.996
11/18/2022 18:00,-2.04
11/18/2022 19:00,-2.086
11/18/2022 20:00,-2.121
11/18/2022 21:00,-2.175
11/18/2022 22:00,-2.233
11/18/2022 23:00,-2.277
11/19/2022 0:00,-2.33
11/19/2022 1:00,-2.321
11/19/2022 2:00,-2.309
11/19/2022 3:00,-2.284
11/19/2022 4:00,-2.203
11/19/2022 5:00,-2.215
11/19/2022 6:00,-2.256
11/19/2022 7:00,-2.167
11/19/2022 8:00,-2.034
11/19/2022 9:00,-1.835
11/19/2022 10:00,-1.874
11/19/2022 11:00,-1.831
11/19/2022 12:00,-1.918
11/19/2022 13:00,-1.639
11/19/2022 14:00,-1.542
11/19/2022 15:00,-1.623
11/19/2022 16:00,-1.624
11/19/2022 17:00,-1.678
11/19/2022 18:00,-1.772
11/19/2022 19:00,-1.914
11/19/2022 20:00,-2.034
11/19/2022 21:00,-2.15
11/19/2022 22:00,-2.218
11/19/2022 23:00,-2.246
11/20/2022 0:00,-2.258
11/20/2022 1:00,-2.224
11/20/2022 2:00,-2.178
11/20/2022 3:00,-2.075
11/20/2022 4:00,-1.873
11/20/2022 5:00,-1.852
11/20/2022 6:00,-1.69
11/20/2022 7:00,-1.557
11/20/2022 8:00,-1.464
11/20/2022 9:00,-1.392
11/20/2022 10:00,-1.354
11/20/2022 11:00,-1.363
11/20/2022 12:00,-1.554
11/20/2022 13:00,-1.865
11/20/2022 14:00,-1.962
11/20/2022 15:00,-1.986
11/20/2022 16:00,-1.936
11/20/2022 17:00,-1.992
11/20/2022 18:00,-2.071
11/20/2022 19:00,-2.228
11/20/2022 20:00,-2.361
11/20/2022 21:00,-2.467
11/20/2022 22:00,-2.53
11/20/2022 23:00,-2.558
11/21/2022 0:00,-2.553
11/21/2022 1:00,-2.565
11/21/2022 2:00,-2.547
11/21/2022 3:00,-2.507
11/21/2022 4:00,-2.452
11/21/2022 5:00,-2.42
11/21/2022 6:00,-2.322
11/21/2022 7:00,-2.244
11/21/2022 8:00,-2.219
11/21/2022 9:00,-2.121
11/21/2022 10:00,-2.003
11/21/2022 11:00,-1.985
11/21/2022 12:00,-2.034
11/21/2022 13:00,-2.033
11/21/2022 14:00,-1.826
11/21/2022 15:00,-1.779
11/21/2022 16:00,-1.78
11/21/2022 17:00,-1.817
11/21/2022 18:00,-1.94
11/21/2022 19:00,-2.136
11/21/2022 20:00,-2.273
11/21/2022 21:00,-2.379
11/21/2022 22:00,-2.438
11/21/2022 23:00,-2.478
11/22/2022 0:00,-2.51
11/22/2022 1:00,-2.532
11/22/2022 2:00,-2.519
11/22/2022 3:00,-2.494
11/22/2022 4:00,-2.456
11/22/2022 5:00,-2.44
11/22/2022 6:00,-2.395
11/22/2022 7:00,-2.349
11/22/2022 8:00,-2.297
11/22/2022 9:00,-2.293
11/22/2022 10:00,-2.33
11/22/2022 11:00,-2.564
11/22/2022 12:00,-2.522
11/22/2022 13:00,-2.233
11/22/2022 14:00,-2.035
11/22/2022 15:00,-1.868
11/22/2022 16:00,-1.85
11/22/2022 17:00,-1.891
11/22/2022 18:00,-1.988
11/22/2022 19:00,-2.154
11/22/2022 20:00,-2.297
11/22/2022 21:00,-2.37
11/22/2022 22:00,-2.422
11/22/2022 23:00,-2.479
11/23/2022 0:00,-2.505
11/23/2022 1:00,-2.527
11/23/2022 2:00,-2.525
11/23/2022 3:00,-2.544
11/23/2022 4:00,-2.587
11/23/2022 5:00,-2.557
11/23/2022 6:00,-2.592
11/23/2022 7:00,-2.572
11/23/2022 8:00,-2.564
11/23/2022 9:00,-2.54
11/23/2022 10:00,-2.695
11/23/2022 11:00,-2.66
11/23/2022 12:00,-2.509
11/23/2022 13:00,-2.249
11/23/2022 14:00,-1.973
11/23/2022 15:00,-1.967
11/23/2022 16:00,-1.888
11/23/2022 17:00,-1.842
11/23/2022 18:00,-1.925
11/23/2022 19:00,-2.091
11/23/2022 20:00,-2.268
11/23/2022 21:00,-2.386
11/23/2022 22:00,-2.446
11/23/2022 23:00,-2.424
11/24/2022 0:00,-2.383
11/24/2022 1:00,-2.405
11/24/2022 2:00,-2.493
11/24/2022 3:00,-2.511
11/24/2022 4:00,-2.525
11/24/2022 5:00,-2.53
11/24/2022 6:00,-2.547
11/24/2022 7:00,-2.586
11/24/2022 8:00,-2.642
11/24/2022 9:00,-2.642
11/24/2022 10:00,-2.575
11/24/2022 11:00,-2.468
11/24/2022 12:00,-2.287
11/24/2022 13:00,-2.142
11/24/2022 14:00,-1.939
11/24/2022 15:00,-1.876
11/24/2022 16:00,-1.922
11/24/2022 17:00,-2.033
11/24/2022 18:00,-2.109
11/24/2022 19:00,-2.197
11/24/2022 20:00,-2.285
11/24/2022 21:00,-2.358
11/24/2022 22:00,-2.405
11/24/2022 23:00,-2.435
11/25/2022 0:00,-2.459
11/25/2022 1:00,-2.496
11/25/2022 2:00,-2.54
11/25/2022 3:00,-2.531
11/25/2022 4:00,-2.559
11/25/2022 5:00,-2.583
11/25/2022 6:00,-2.644
11/25/2022 7:00,-2.657
11/25/2022 8:00,-2.665
11/25/2022 9:00,-2.662
11/25/2022 10:00,-2.638
11/25/2022 11:00,-2.557
11/25/2022 12:00,-2.362
11/25/2022 13:00,-2.189
11/25/2022 14:00,-2
11/25/2022 15:00,-1.863
11/25/2022 16:00,-1.798
11/25/2022 17:00,-1.925
11/25/2022 18:00,-2.072
11/25/2022 19:00,-2.161
11/25/2022 20:00,-2.249
11/25/2022 21:00,-2.346
11/25/2022 22:00,-2.405
11/25/2022 23:00,-2.436
11/26/2022 0:00,-2.45
11/26/2022 1:00,-2.477
11/26/2022 2:00,-2.496
11/26/2022 3:00,-2.507
11/26/2022 4:00,-2.559
11/26/2022 5:00,-2.599
11/26/2022 6:00,-2.626
11/26/2022 7:00,-2.654
11/26/2022 8:00,-2.691
11/26/2022 9:00,-2.702
11/26/2022 10:00,-2.636
11/26/2022 11:00,-2.552
11/26/2022 12:00,-2.343
11/26/2022 13:00,-2.167
11/26/2022 14:00,-1.954
11/26/2022 15:00,-1.837
11/26/2022 16:00,-1.889
11/26/2022 17:00,-2.041
11/26/2022 18:00,-2.133
11/26/2022 19:00,-2.193
11/26/2022 20:00,-2.229
11/26/2022 21:00,-2.242
11/26/2022 22:00,-2.272
11/26/2022 23:00,-2.279
11/27/2022 0:00,-2.298
11/27/2022 1:00,-2.301
11/27/2022 2:00,-2.305
11/27/2022 3:00,-2.288
11/27/2022 4:00,-2.288
11/27/2022 5:00,-2.279
11/27/2022 6:00,-2.27
11/27/2022 7:00,-2.261
11/27/2022 8:00,-2.265
11/27/2022 9:00,-2.28
11/27/2022 10:00,-2.25
11/27/2022 11:00,-2.192
11/27/2022 12:00,-2.165
11/27/2022 13:00,-2.181
11/27/2022 14:00,-2.195
11/27/2022 15:00,-2.231
11/27/2022 16:00,-2.276
11/27/2022 17:00,-2.322
11/27/2022 18:00,-2.305
11/27/2022 19:00,-2.301
11/27/2022 20:00,-2.336
11/27/2022 21:00,-2.368
11/27/2022 22:00,-2.408
11/27/2022 23:00,-2.395
11/28/2022 0:00,-2.389
11/28/2022 1:00,-2.371
11/28/2022 2:00,-2.396
11/28/2022 3:00,-2.442
11/28/2022 4:00,-2.465
11/28/2022 5:00,-2.413
11/28/2022 6:00,-2.38
11/28/2022 7:00,-2.367
11/28/2022 8:00,-2.338
11/28/2022 9:00,-2.326
11/28/2022 10:00,-2.324
11/28/2022 11:00,-2.254
11/28/2022 12:00,-2.238
11/28/2022 13:00,-2.202
11/28/2022 14:00,-2.165
11/28/2022 15:00,-2.137
11/28/2022 16:00,-2.129
11/28/2022 17:00,-2.123
11/28/2022 18:00,-2.175
11/28/2022 19:00,-2.217
11/28/2022 20:00,-2.239
11/28/2022 21:00,-2.266
11/28/2022 22:00,-2.269
11/28/2022 23:00,-2.27
11/29/2022 0:00,-2.26
11/29/2022 1:00,-2.275
11/29/2022 2:00,-2.278
11/29/2022 3:00,-2.303
11/29/2022 4:00,-2.322
11/29/2022 5:00,-2.354
11/29/2022 6:00,-2.338
11/29/2022 7:00,-2.358
11/29/2022 8:00,-2.379
11/29/2022 9:00,-2.38
11/29/2022 10:00,-2.381
11/29/2022 11:00,-2.35
11/29/2022 12:00,-2.28
11/29/2022 13:00,-2.217
11/29/2022 14:00,-2.181
11/29/2022 15:00,-2.175
11/29/2022 16:00,-2.176
11/29/2022 17:00,-2.181
11/29/2022 18:00,-2.192
11/29/2022 19:00,-2.216
11/29/2022 20:00,-2.262
11/29/2022 21:00,-2.341
11/29/2022 22:00,-2.373
11/29/2022 23:00,-2.353
11/30/2022 0:00,-2.354
11/30/2022 1:00,-2.347
11/30/2022 2:00,-2.386
11/30/2022 3:00,-2.364
11/30/2022 4:00,-2.382
11/30/2022 5:00,-2.418
11/30/2022 6:00,-2.507
11/30/2022 7:00,-2.594
11/30/2022 8:00,-2.633
11/30/2022 9:00,-2.565
11/30/2022 10:00,-2.455
11/30/2022 11:00,-2.363
11/30/2022 12:00,-2.257
11/30/2022 13:00,-2.197
11/30/2022 14:00,-2.066
11/30/2022 15:00,-1.976
11/30/2022 16:00,-1.885
11/30/2022 17:00,-1.883
11/30/2022 18:00,-1.97
11/30/2022 19:00,-2.08
11/30/2022 20:00,-2.169
11/30/2022 21:00,-2.25
11/30/2022 22:00,-2.338
11/30/2022 23:00,-2.418
12/1/2022 0:00,-2.458
12/1/2022 1:00,-2.449
12/1/2022 2:00,-2.51
12/1/2022 3:00,-2.524
12/1/2022 4:00,-2.558
12/1/2022 5:00,-2.578
12/1/2022 6:00,-2.476
12/1/2022 7:00,-2.406
12/1/2022 8:00,-2.37
12/1/2022 9:00,-2.35
12/1/2022 10:00,-2.243
12/1/2022 11:00,-2.242
12/1/2022 12:00,-2.174
12/1/2022 13:00,-2.088
12/1/2022 14:00,-1.923
12/1/2022 15:00,-1.866
12/1/2022 16:00,-1.904
12/1/2022 17:00,-1.971
12/1/2022 18:00,-2.03
12/1/2022 19:00,-2.105
12/1/2022 20:00,-2.151
12/1/2022 21:00,-2.174
12/1/2022 22:00,-2.207
12/1/2022 23:00,-2.202
12/2/2022 0:00,-2.192
12/2/2022 1:00,-2.173
12/2/2022 2:00,-2.16
12/2/2022 3:00,-2.159
12/2/2022 4:00,-2.164
12/2/2022 5:00,-2.17
12/2/2022 6:00,-2.166
12/2/2022 7:00,-2.159
12/2/2022 8:00,-2.159
12/2/2022 9:00,-2.155
12/2/2022 10:00,-2.161
12/2/2022 11:00,-2.225
12/2/2022 12:00,-2.143
12/2/2022 13:00,-2.128
12/2/2022 14:00,-2.142
12/2/2022 15:00,-2.172
12/2/2022 16:00,-2.328
12/2/2022 17:00,-2.299
12/2/2022 18:00,-2.23
12/2/2022 19:00,-2.226
12/2/2022 20:00,-2.297
12/2/2022 21:00,-2.36
12/2/2022 22:00,-2.377
12/2/2022 23:00,-2.427
12/3/2022 0:00,-2.5
12/3/2022 1:00,-2.565
12/3/2022 2:00,-2.628
12/3/2022 3:00,-2.671
12/3/2022 4:00,-2.651
12/3/2022 5:00,-2.611
12/3/2022 6:00,-2.601
12/3/2022 7:00,-2.617
12/3/2022 8:00,-2.652
12/3/2022 9:00,-2.671
12/3/2022 10:00,-2.642
12/3/2022 11:00,-2.535
12/3/2022 12:00,-2.425
12/3/2022 13:00,-2.258
12/3/2022 14:00,-2.246
12/3/2022 15:00,-2.218
12/3/2022 16:00,-2.185
12/3/2022 17:00,-2.134
12/3/2022 18:00,-2.079
12/3/2022 19:00,-2.075
12/3/2022 20:00,-2.104
12/3/2022 21:00,-2.142
12/3/2022 22:00,-2.149
12/3/2022 23:00,-2.187
12/4/2022 0:00,-2.204
12/4/2022 1:00,-2.205
12/4/2022 2:00,-2.192
12/4/2022 3:00,-2.188
12/4/2022 4:00,-2.18
12/4/2022 5:00,-2.16
12/4/2022 6:00,-2.143
12/4/2022 7:00,-2.138
12/4/2022 8:00,-2.137
12/4/2022 9:00,-2.141
12/4/2022 10:00,-2.139
12/4/2022 11:00,-2.133
12/4/2022 12:00,-2.075
12/4/2022 13:00,-2.044
12/4/2022 14:00,-2.031
12/4/2022 15:00,-2.006
12/4/2022 16:00,-2.016
12/4/2022 17:00,-2.038
12/4/2022 18:00,-2.079
12/4/2022 19:00,-2.11
12/4/2022 20:00,-2.13
12/4/2022 21:00,-2.148
12/4/2022 22:00,-2.151
12/4/2022 23:00,-2.149
12/5/2022 0:00,-2.149
12/5/2022 1:00,-2.146
12/5/2022 2:00,-2.144
12/5/2022 3:00,-2.14
12/5/2022 4:00,-2.15
12/5/2022 5:00,-2.142
12/5/2022 6:00,-2.141
12/5/2022 7:00,-2.141
12/5/2022 8:00,-2.129
12/5/2022 9:00,-2.142
12/5/2022 10:00,-2.14
12/5/2022 11:00,-2.137
12/5/2022 12:00,-2.124
12/5/2022 13:00,-2.144
12/5/2022 14:00,-2.146
12/5/2022 15:00,-2.153
12/5/2022 16:00,-2.173
12/5/2022 17:00,-2.178
12/5/2022 18:00,-2.222
12/5/2022 19:00,-2.211
12/5/2022 20:00,-2.198
12/5/2022 21:00,-2.21
12/5/2022 22:00,-2.213
12/5/2022 23:00,-2.209
12/6/2022 0:00,-2.201
12/6/2022 1:00,-2.192
12/6/2022 2:00,-2.189
12/6/2022 3:00,-2.168
12/6/2022 4:00,-2.184
12/6/2022 5:00,-2.156
12/6/2022 6:00,-2.159
12/6/2022 7:00,-2.143
12/6/2022 8:00,-2.143
12/6/2022 9:00,-2.136
12/6/2022 10:00,-2.146
12/6/2022 11:00,-2.145
12/6/2022 12:00,-2.111
12/6/2022 13:00,-2.088
12/6/2022 14:00,-2.129
12/6/2022 15:00,-2.155
12/6/2022 16:00,-2.158
12/6/2022 17:00,-2.13
12/6/2022 18:00,-2.171
12/6/2022 19:00,-2.169
12/6/2022 20:00,-2.175
12/6/2022 21:00,-2.19
12/6/2022 22:00,-2.209
12/6/2022 23:00,-2.226
12/7/2022 0:00,-2.245
12/7/2022 1:00,-2.285
12/7/2022 2:00,-2.37
12/7/2022 3:00,-2.451
12/7/2022 4:00,-2.483
12/7/2022 5:00,-2.519
12/7/2022 6:00,-2.549
12/7/2022 7:00,-2.466
12/7/2022 8:00,-2.407
12/7/2022 9:00,-2.274
12/7/2022 10:00,-2.262
12/7/2022 11:00,-2.279
12/7/2022 12:00,-2.233
12/7/2022 13:00,-2.169
12/7/2022 14:00,-2.035
12/7/2022 15:00,-1.941
12/7/2022 16:00,-1.925
12/7/2022 17:00,-2.01
12/7/2022 18:00,-2.082
12/7/2022 19:00,-2.098
12/7/2022 20:00,-2.145
12/7/2022 21:00,-2.172
12/7/2022 22:00,-2.214
12/7/2022 23:00,-2.289
12/8/2022 0:00,-2.303
12/8/2022 1:00,-2.309
12/8/2022 2:00,-2.299
12/8/2022 3:00,-2.286
12/8/2022 4:00,-2.277
12/8/2022 5:00,-2.323
12/8/2022 6:00,-2.29
12/8/2022 7:00,-2.218
12/8/2022 8:00,-2.219
12/8/2022 9:00,-2.306
12/8/2022 10:00,-2.298
12/8/2022 11:00,-2.168
12/8/2022 12:00,-2.174
12/8/2022 13:00,-2.097
12/8/2022 14:00,-2.051
12/8/2022 15:00,-2.008
12/8/2022 16:00,-1.95
12/8/2022 17:00,-1.962
12/8/2022 18:00,-2.011
12/8/2022 19:00,-2.076
12/8/2022 20:00,-2.116
12/8/2022 21:00,-2.163
12/8/2022 22:00,-2.232
12/8/2022 23:00,-2.295
12/9/2022 0:00,-2.347
12/9/2022 1:00,-2.398
12/9/2022 2:00,-2.426
12/9/2022 3:00,-2.418
12/9/2022 4:00,-2.345
12/9/2022 5:00,-2.317
12/9/2022 6:00,-2.419
12/9/2022 7:00,-2.455
12/9/2022 8:00,-2.43
12/9/2022 9:00,-2.358
12/9/2022 10:00,-2.325
12/9/2022 11:00,-2.354
12/9/2022 12:00,-2.277
12/9/2022 13:00,-2.154
12/9/2022 14:00,-2.091
12/9/2022 15:00,-2.034
12/9/2022 16:00,-1.975
12/9/2022 17:00,-1.91
12/9/2022 18:00,-1.949
12/9/2022 19:00,-2.017
12/9/2022 20:00,-2.1
12/9/2022 21:00,-2.165
12/9/2022 22:00,-2.249
12/9/2022 23:00,-2.299
12/10/2022 0:00,-2.347
12/10/2022 1:00,-2.414
12/10/2022 2:00,-2.46
12/10/2022 3:00,-2.446
12/10/2022 4:00,-2.391
12/10/2022 5:00,-2.468
12/10/2022 6:00,-2.514
12/10/2022 7:00,-2.539
12/10/2022 8:00,-2.587
12/10/2022 9:00,-2.652
12/10/2022 10:00,-2.671
12/10/2022 11:00,-2.636
12/10/2022 12:00,-2.477
12/10/2022 13:00,-2.28
12/10/2022 14:00,-2.158
12/10/2022 15:00,-2.089
12/10/2022 16:00,-2.028
12/10/2022 17:00,-1.961
12/10/2022 18:00,-1.957
12/10/2022 19:00,-2.074
12/10/2022 20:00,-2.164
12/10/2022 21:00,-2.263
12/10/2022 22:00,-2.368
12/10/2022 23:00,-2.451
12/11/2022 0:00,-2.524
12/11/2022 1:00,-2.56
12/11/2022 2:00,-2.56
12/11/2022 3:00,-2.587
12/11/2022 4:00,-2.64
12/11/2022 5:00,-2.716
12/11/2022 6:00,-2.772
12/11/2022 7:00,-2.808
12/11/2022 8:00,-2.751
12/11/2022 9:00,-2.758
12/11/2022 10:00,-2.763
12/11/2022 11:00,-2.71
12/11/2022 12:00,-2.553
12/11/2022 13:00,-2.339
12/11/2022 14:00,-2.211
12/11/2022 15:00,-2.174
12/11/2022 16:00,-2.072
12/11/2022 17:00,-2.007
12/11/2022 18:00,-1.994
12/11/2022 19:00,-2.018
12/11/2022 20:00,-2.109
12/11/2022 21:00,-2.188
12/11/2022 22:00,-2.28
12/11/2022 23:00,-2.39
12/12/2022 0:00,-2.452
12/12/2022 1:00,-2.487
12/12/2022 2:00,-2.476
12/12/2022 3:00,-2.473
12/12/2022 4:00,-2.463
12/12/2022 5:00,-2.477
12/12/2022 6:00,-2.455
12/12/2022 7:00,-2.523
12/12/2022 8:00,-2.547
12/12/2022 9:00,-2.412
12/12/2022 10:00,-2.512
12/12/2022 11:00,-2.515
12/12/2022 12:00,-2.363
12/12/2022 13:00,-2.273
12/12/2022 14:00,-2.219
12/12/2022 15:00,-2.154
12/12/2022 16:00,-2.101
12/12/2022 17:00,-2.086
12/12/2022 18:00,-2.103
12/12/2022 19:00,-2.19
12/12/2022 20:00,-2.287
12/12/2022 21:00,-2.269
12/12/2022 22:00,-2.313
12/12/2022 23:00,-2.31
12/13/2022 0:00,-2.327
12/13/2022 1:00,-2.367
12/13/2022 2:00,-2.378
12/13/2022 3:00,-2.316
12/13/2022 4:00,-2.295
12/13/2022 5:00,-2.302
12/13/2022 6:00,-2.306
12/13/2022 7:00,-2.315
12/13/2022 8:00,-2.363
12/13/2022 9:00,-2.379
12/13/2022 10:00,-2.393
12/13/2022 11:00,-2.385
12/13/2022 12:00,-2.415
12/13/2022 13:00,-2.375
12/13/2022 14:00,-2.429
12/13/2022 15:00,-2.385
12/13/2022 16:00,-2.291
12/13/2022 17:00,-2.24
12/13/2022 18:00,-2.229
12/13/2022 19:00,-2.213
12/13/2022 20:00,-2.234
12/13/2022 21:00,-2.271
12/13/2022 22:00,-2.283
12/13/2022 23:00,-2.297
12/14/2022 0:00,-2.281
12/14/2022 1:00,-2.273
12/14/2022 2:00,-2.265
12/14/2022 3:00,-2.245
12/14/2022 4:00,-2.274
12/14/2022 5:00,-2.289
12/14/2022 6:00,-2.31
12/14/2022 7:00,-2.347
12/14/2022 8:00,-2.389
12/14/2022 9:00,-2.393
12/14/2022 10:00,-2.427
12/14/2022 11:00,-2.459
12/14/2022 12:00,-2.493
12/14/2022 13:00,-2.446
12/14/2022 14:00,-2.345
12/14/2022 15:00,-2.236
12/14/2022 16:00,-2.214
12/14/2022 17:00,-2.201
12/14/2022 18:00,-2.169
12/14/2022 19:00,-2.141
12/14/2022 20:00,-2.152
12/14/2022 21:00,-2.177
12/14/2022 22:00,-2.198
12/14/2022 23:00,-2.216
12/15/2022 0:00,-2.246
12/15/2022 1:00,-2.261
12/15/2022 2:00,-2.272
12/15/2022 3:00,-2.29
12/15/2022 4:00,-2.312
12/15/2022 5:00,-2.351
12/15/2022 6:00,-2.391
12/15/2022 7:00,-2.435
12/15/2022 8:00,-2.462
12/15/2022 9:00,-2.47
12/15/2022 10:00,-2.453
12/15/2022 11:00,-2.423
12/15/2022 12:00,-2.373
12/15/2022 13:00,-2.355
12/15/2022 14:00,-2.321
12/15/2022 15:00,-2.226
12/15/2022 16:00,-2.217
12/15/2022 17:00,-2.213
12/15/2022 18:00,-2.2
12/15/2022 19:00,-2.183
12/15/2022 20:00,-2.185
12/15/2022 21:00,-2.203
12/15/2022 22:00,-2.238
12/15/2022 23:00,-2.263
12/16/2022 0:00,-2.291
12/16/2022 1:00,-2.323
12/16/2022 2:00,-2.337
12/16/2022 3:00,-2.382
12/16/2022 4:00,-2.391
12/16/2022 5:00,-2.407
12/16/2022 6:00,-2.438
12/16/2022 7:00,-2.463
12/16/2022 8:00,-2.492
12/16/2022 9:00,-2.558
12/16/2022 10:00,-2.588
12/16/2022 11:00,-2.598
12/16/2022 12:00,-2.545
12/16/2022 13:00,-2.472
12/16/2022 14:00,-2.435
12/16/2022 15:00,-2.33
12/16/2022 16:00,-2.263
12/16/2022 17:00,-2.253
12/16/2022 18:00,-2.246
12/16/2022 19:00,-2.255
12/16/2022 20:00,-2.267
12/16/2022 21:00,-2.287
12/16/2022 22:00,-2.323
12/16/2022 23:00,-2.343
12/17/2022 0:00,-2.409
12/17/2022 1:00,-2.51
12/17/2022 2:00,-2.592
12/17/2022 3:00,-2.653
12/17/2022 4:00,-2.682
12/17/2022 5:00,-2.695
12/17/2022 6:00,-2.704
12/17/2022 7:00,-2.733
12/17/2022 8:00,-2.742
12/17/2022 9:00,-2.725
12/17/2022 10:00,-2.716
12/17/2022 11:00,-2.682
12/17/2022 12:00,-2.571
12/17/2022 13:00,-2.417
12/17/2022 14:00,-2.294
12/17/2022 15:00,-2.279
12/17/2022 16:00,-2.257
12/17/2022 17:00,-2.241
12/17/2022 18:00,-2.239
12/17/2022 19:00,-2.251
12/17/2022 20:00,-2.272
12/17/2022 21:00,-2.307
12/17/2022 22:00,-2.33
12/17/2022 23:00,-2.358
12/18/2022 0:00,-2.378
12/18/2022 1:00,-2.39
12/18/2022 2:00,-2.427
12/18/2022 3:00,-2.493
12/18/2022 4:00,-2.542
12/18/2022 5:00,-2.55
12/18/2022 6:00,-2.534
12/18/2022 7:00,-2.526
12/18/2022 8:00,-2.523
12/18/2022 9:00,-2.519
12/18/2022 10:00,-2.531
12/18/2022 11:00,-2.506
12/18/2022 12:00,-2.469
12/18/2022 13:00,-2.419
12/18/2022 14:00,-2.347
12/18/2022 15:00,-2.344
12/18/2022 16:00,-2.311
12/18/2022 17:00,-2.282
12/18/2022 18:00,-2.288
12/18/2022 19:00,-2.301
12/18/2022 20:00,-2.322
12/18/2022 21:00,-2.341
12/18/2022 22:00,-2.357
12/18/2022 23:00,-2.381
12/19/2022 0:00,-2.394
12/19/2022 1:00,-2.406
12/19/2022 2:00,-2.422
12/19/2022 3:00,-2.439
12/19/2022 4:00,-2.468
12/19/2022 5:00,-2.489
12/19/2022 6:00,-2.517
12/19/2022 7:00,-2.534
12/19/2022 8:00,-2.551
12/19/2022 9:00,-2.569
12/19/2022 10:00,-2.605
12/19/2022 11:00,-2.58
12/19/2022 12:00,-2.582
12/19/2022 13:00,-2.541
12/19/2022 14:00,-2.475
12/19/2022 15:00,-2.391
12/19/2022 16:00,-2.35
12/19/2022 17:00,-2.337
12/19/2022 18:00,-2.332
12/19/2022 19:00,-2.339
12/19/2022 20:00,-2.352
12/19/2022 21:00,-2.371
12/19/2022 22:00,-2.378
12/19/2022 23:00,-2.404
12/20/2022 0:00,-2.409
12/20/2022 1:00,-2.398
12/20/2022 2:00,-2.386
12/20/2022 3:00,-2.397
12/20/2022 4:00,-2.405
12/20/2022 5:00,-2.408
12/20/2022 6:00,-2.424
12/20/2022 7:00,-2.432
12/20/2022 8:00,-2.436
12/20/2022 9:00,-2.445
12/20/2022 10:00,-2.441
12/20/2022 11:00,-2.43
12/20/2022 12:00,-2.421
12/20/2022 13:00,-2.382
12/20/2022 14:00,-2.366
12/20/2022 15:00,-2.348
12/20/2022 16:00,-2.345
12/20/2022 17:00,-2.349
12/20/2022 18:00,-2.343
12/20/2022 19:00,-2.344
12/20/2022 20:00,-2.344
12/20/2022 21:00,-2.345
12/20/2022 22:00,-2.349
12/20/2022 23:00,-2.34
12/21/2022 0:00,-2.339
12/21/2022 1:00,-2.348
12/21/2022 2:00,-2.356
12/21/2022 3:00,-2.363
12/21/2022 4:00,-2.37
12/21/2022 5:00,-2.374
12/21/2022 6:00,-2.374
12/21/2022 7:00,-2.381
12/21/2022 8:00,-2.384
12/21/2022 9:00,-2.375
12/21/2022 10:00,-2.379
12/21/2022 11:00,-2.376
12/21/2022 12:00,-2.367
12/21/2022 13:00,-2.361
12/21/2022 14:00,-2.353
12/21/2022 15:00,-2.346
12/21/2022 16:00,-2.345
12/21/2022 17:00,-2.338
12/21/2022 18:00,-2.348
12/21/2022 19:00,-2.356
12/21/2022 20:00,-2.363
12/21/2022 21:00,-2.354
12/21/2022 22:00,-2.342
12/21/2022 23:00,-2.349
12/22/2022 0:00,-2.347
12/22/2022 1:00,-2.366
12/22/2022 2:00,-2.375
12/22/2022 3:00,-2.369
12/22/2022 4:00,-2.367
12/22/2022 5:00,-2.379
12/22/2022 6:00,-2.382
12/22/2022 7:00,-2.402
12/22/2022 8:00,-2.401
12/22/2022 9:00,-2.384
12/22/2022 10:00,-2.382
12/22/2022 11:00,-2.392
12/22/2022 12:00,-2.403
12/22/2022 13:00,-2.394
12/22/2022 14:00,-2.37
12/22/2022 15:00,-2.361
12/22/2022 16:00,-2.349
12/22/2022 17:00,-2.35
12/22/2022 18:00,-2.355
12/22/2022 19:00,-2.366
12/22/2022 20:00,-2.369
12/22/2022 21:00,-2.379
12/22/2022 22:00,-2.39
12/22/2022 23:00,-2.377
12/23/2022 0:00,-2.39
12/23/2022 1:00,-2.394
12/23/2022 2:00,-2.39
12/23/2022 3:00,-2.391
12/23/2022 4:00,-2.4
12/23/2022 5:00,-2.392
12/23/2022 6:00,-2.402
12/23/2022 7:00,-2.402
12/23/2022 8:00,-2.414
12/23/2022 9:00,-2.43
12/23/2022 10:00,-2.431
12/23/2022 11:00,-2.42
12/23/2022 12:00,-2.418
12/23/2022 13:00,-2.385
12/23/2022 14:00,-2.358
12/23/2022 15:00,-2.341
12/23/2022 16:00,-2.333
12/23/2022 17:00,-2.322
12/23/2022 18:00,-2.323
12/23/2022 19:00,-2.32
12/23/2022 20:00,-2.324
12/23/2022 21:00,-2.34
12/23/2022 22:00,-2.329
12/23/2022 23:00,-2.338
12/24/2022 0:00,-2.335
12/24/2022 1:00,-2.344
12/24/2022 2:00,-2.341
12/24/2022 3:00,-2.343
12/24/2022 4:00,-2.349
12/24/2022 5:00,-2.353
12/24/2022 6:00,-2.35
12/24/2022 7:00,-2.365
12/24/2022 8:00,-2.358
12/24/2022 9:00,-2.36
12/24/2022 10:00,-2.367
12/24/2022 11:00,-2.367
12/24/2022 12:00,-2.356
12/24/2022 13:00,-2.364
12/24/2022 14:00,-2.363
12/24/2022 15:00,-2.361
12/24/2022 16:00,-2.354
12/24/2022 17:00,-2.349
12/24/2022 18:00,-2.347
12/24/2022 19:00,-2.344
12/24/2022 20:00,-2.343
12/24/2022 21:00,-2.348
12/24/2022 22:00,-2.349
12/24/2022 23:00,-2.352
12/25/2022 0:00,-2.355
12/25/2022 1:00,-2.353
12/25/2022 2:00,-2.356
12/25/2022 3:00,-2.36
12/25/2022 4:00,-2.364
12/25/2022 5:00,-2.364
12/25/2022 6:00,-2.365
12/25/2022 7:00,-2.361
12/25/2022 8:00,-2.355
12/25/2022 9:00,-2.358
12/25/2022 10:00,-2.363
12/25/2022 11:00,-2.361
12/25/2022 12:00,-2.354
12/25/2022 13:00,-2.356
12/25/2022 14:00,-2.361
12/25/2022 15:00,-2.348
12/25/2022 16:00,-2.353
12/25/2022 17:00,-2.345
12/25/2022 18:00,-2.353
12/25/2022 19:00,-2.355
12/25/2022 20:00,-2.359
12/25/2022 21:00,-2.35
12/25/2022 22:00,-2.362
12/25/2022 23:00,-2.357
12/26/2022 0:00,-2.358
12/26/2022 1:00,-2.358
12/26/2022 2:00,-2.358
12/26/2022 3:00,-2.364
12/26/2022 4:00,-2.365
12/26/2022 5:00,-2.373
12/26/2022 6:00,-2.374
12/26/2022 7:00,-2.366
12/26/2022 8:00,-2.37
12/26/2022 9:00,-2.377
12/26/2022 10:00,-2.371
12/26/2022 11:00,-2.378
12/26/2022 12:00,-2.381
12/26/2022 13:00,-2.383
12/26/2022 14:00,-2.376
12/26/2022 15:00,-2.358
12/26/2022 16:00,-2.365
12/26/2022 17:00,-2.357
12/26/2022 18:00,-2.354
12/26/2022 19:00,-2.363
12/26/2022 20:00,-2.364
12/26/2022 21:00,-2.367
12/26/2022 22:00,-2.371
12/26/2022 23:00,-2.374
12/27/2022 0:00,-2.373
12/27/2022 1:00,-2.377
12/27/2022 2:00,-2.384
12/27/2022 3:00,-2.387
12/27/2022 4:00,-2.38
12/27/2022 5:00,-2.396
12/27/2022 6:00,-2.398
12/27/2022 7:00,-2.401
12/27/2022 8:00,-2.417
12/27/2022 9:00,-2.435
12/27/2022 10:00,-2.427
12/27/2022 11:00,-2.424
12/27/2022 12:00,-2.43
12/27/2022 13:00,-2.407
12/27/2022 14:00,-2.392
12/27/2022 15:00,-2.379
12/27/2022 16:00,-2.374
12/27/2022 17:00,-2.356
12/27/2022 18:00,-2.357
12/27/2022 19:00,-2.356
12/27/2022 20:00,-2.37
12/27/2022 21:00,-2.376
12/27/2022 22:00,-2.384
12/27/2022 23:00,-2.379
12/28/2022 0:00,-2.379
12/28/2022 1:00,-2.387
12/28/2022 2:00,-2.378
12/28/2022 3:00,-2.364
12/28/2022 4:00,-2.37
12/28/2022 5:00,-2.369
12/28/2022 6:00,-2.374
12/28/2022 7:00,-2.374
12/28/2022 8:00,-2.384
12/28/2022 9:00,-2.388
12/28/2022 10:00,-2.395
12/28/2022 11:00,-2.397
12/28/2022 12:00,-2.389
12/28/2022 13:00,-2.384
12/28/2022 14:00,-2.386
12/28/2022 15:00,-2.392
12/28/2022 16:00,-2.376
12/28/2022 17:00,-2.371
12/28/2022 18:00,-2.378
12/28/2022 19:00,-2.381
12/28/2022 20:00,-2.384
12/28/2022 21:00,-2.383
12/28/2022 22:00,-2.382
12/28/2022 23:00,-2.39
12/29/2022 0:00,-2.384
12/29/2022 1:00,-2.384
12/29/2022 2:00,-2.387
12/29/2022 3:00,-2.396
12/29/2022 4:00,-2.392
12/29/2022 5:00,-2.389
12/29/2022 6:00,-2.391
12/29/2022 7:00,-2.4
12/29/2022 8:00,-2.42
12/29/2022 9:00,-2.428
12/29/2022 10:00,-2.432
12/29/2022 11:00,-2.424
12/29/2022 12:00,-2.426
12/29/2022 13:00,-2.425
12/29/2022 14:00,-2.425
12/29/2022 15:00,-2.415
12/29/2022 16:00,-2.411
12/29/2022 17:00,-2.401
12/29/2022 18:00,-2.393
12/29/2022 19:00,-2.383
12/29/2022 20:00,-2.397
12/29/2022 21:00,-2.407
12/29/2022 22:00,-2.411
12/29/2022 23:00,-2.425
12/30/2022 0:00,-2.44
12/30/2022 1:00,-2.438
12/30/2022 2:00,-2.433
12/30/2022 3:00,-2.44
12/30/2022 4:00,-2.44
12/30/2022 5:00,-2.455
12/30/2022 6:00,-2.504
12/30/2022 7:00,-2.524
12/30/2022 8:00,-2.512
12/30/2022 9:00,-2.54
12/30/2022 10:00,-2.518
12/30/2022 11:00,-2.576
12/30/2022 12:00,-2.622
12/30/2022 13:00,-2.56
12/30/2022 14:00,-2.527
12/30/2022 15:00,-2.471
12/30/2022 16:00,-2.425
12/30/2022 17:00,-2.401
12/30/2022 18:00,-2.368
12/30/2022 19:00,-2.357
12/30/2022 20:00,-2.343
12/30/2022 21:00,-2.348
12/30/2022 22:00,-2.36
12/30/2022 23:00,-2.382
12/31/2022 0:00,-2.4
12/31/2022 1:00,-2.404
12/31/2022 2:00,-2.411
12/31/2022 3:00,-2.415
12/31/2022 4:00,-2.418
12/31/2022 5:00,-2.414
12/31/2022 6:00,-2.426
12/31/2022 7:00,-2.42
12/31/2022 8:00,-2.412
12/31/2022 9:00,-2.422
12/31/2022 10:00,-2.404
12/31/2022 11:00,-2.412
12/31/2022 12:00,-2.41
12/31/2022 13:00,-2.413
12/31/2022 14:00,-2.404
12/31/2022 15:00,-2.402
12/31/2022 16:00,-2.399
12/31/2022 17:00,-2.391
12/31/2022 18:00,-2.383
12/31/2022 19:00,-2.377
12/31/2022 20:00,-2.397
12/31/2022 21:00,-2.396
12/31/2022 22:00,-2.4
12/31/2022 23:00,-2.407
1/1/2023 0:00,-2.45
1/1/2023 1:00,-2.379
1/1/2023 2:00,-2.382
1/1/2023 3:00,-2.383
1/1/2023 4:00,-2.379
1/1/2023 5:00,-2.384
1/1/2023 6:00,-2.375
1/1/2023 7:00,-2.384
1/1/2023 8:00,-2.385
1/1/2023 9:00,-2.382
1/1/2023 10:00,-2.384
1/1/2023 11:00,-2.413
1/1/2023 12:00,-2.397
1/1/2023 13:00,-2.361
1/1/2023 14:00,-2.353
1/1/2023 15:00,-2.349
1/1/2023 16:00,-2.362
1/1/2023 17:00,-2.355
1/1/2023 18:00,-2.359
1/1/2023 19:00,-2.37
1/1/2023 20:00,-2.354
1/1/2023 21:00,-2.358
1/1/2023 22:00,-2.36
1/1/2023 23:00,-2.356
1/2/2023 0:00,-2.357
1/2/2023 1:00,-2.352
1/2/2023 2:00,-2.353
1/2/2023 3:00,-2.354
1/2/2023 4:00,-2.352
1/2/2023 5:00,-2.358
1/2/2023 6:00,-2.36
1/2/2023 7:00,-2.353
1/2/2023 8:00,-2.365
1/2/2023 9:00,-2.357
1/2/2023 10:00,-2.354
1/2/2023 11:00,-2.35
1/2/2023 12:00,-2.349
1/2/2023 13:00,-2.347
1/2/2023 14:00,-2.346
1/2/2023 15:00,-2.342
1/2/2023 16:00,-2.343
1/2/2023 17:00,-2.341
1/2/2023 18:00,-2.343
1/2/2023 19:00,-2.352
1/2/2023 20:00,-2.355
1/2/2023 21:00,-2.365
1/2/2023 22:00,-2.361
1/2/2023 23:00,-2.367
1/3/2023 0:00,-2.372
1/3/2023 1:00,-2.367
1/3/2023 2:00,-2.371
1/3/2023 3:00,-2.375
1/3/2023 4:00,-2.376
1/3/2023 5:00,-2.377
1/3/2023 6:00,-2.382
1/3/2023 7:00,-2.383
1/3/2023 8:00,-2.387
1/3/2023 9:00,-2.382
1/3/2023 10:00,-2.39
1/3/2023 11:00,-2.391
1/3/2023 12:00,-2.39
1/3/2023 13:00,-2.377
1/3/2023 14:00,-2.376
1/3/2023 15:00,-2.36
1/3/2023 16:00,-2.359
1/3/2023 17:00,-2.367
1/3/2023 18:00,-2.373
1/3/2023 19:00,-2.367
1/3/2023 20:00,-2.378
1/3/2023 21:00,-2.385
1/3/2023 22:00,-2.395
1/3/2023 23:00,-2.414
1/4/2023 0:00,-2.42
1/4/2023 1:00,-2.439
1/4/2023 2:00,-2.42
1/4/2023 3:00,-2.394
1/4/2023 4:00,-2.401
1/4/2023 5:00,-2.449
1/4/2023 6:00,-2.446
1/4/2023 7:00,-2.414
1/4/2023 8:00,-2.41
1/4/2023 9:00,-2.418
1/4/2023 10:00,-2.421
1/4/2023 11:00,-2.419
1/4/2023 12:00,-2.43
1/4/2023 13:00,-2.423
1/4/2023 14:00,-2.419
1/4/2023 15:00,-2.387
1/4/2023 16:00,-2.361
1/4/2023 17:00,-2.356
1/4/2023 18:00,-2.364
1/4/2023 19:00,-2.373
1/4/2023 20:00,-2.384
1/4/2023 21:00,-2.397
1/4/2023 22:00,-2.403
1/4/2023 23:00,-2.422
1/5/2023 0:00,-2.428
1/5/2023 1:00,-2.436
1/5/2023 2:00,-2.459
1/5/2023 3:00,-2.463
1/5/2023 4:00,-2.469
1/5/2023 5:00,-2.476
1/5/2023 6:00,-2.528
1/5/2023 7:00,-2.545
1/5/2023 8:00,-2.545
1/5/2023 9:00,-2.62
1/5/2023 10:00,-2.654
1/5/2023 11:00,-2.655
1/5/2023 12:00,-2.656
1/5/2023 13:00,-2.632
1/5/2023 14:00,-2.589
1/5/2023 15:00,-2.522
1/5/2023 16:00,-2.4
1/5/2023 17:00,-2.338
1/5/2023 18:00,-2.312
1/5/2023 19:00,-2.317
1/5/2023 20:00,-2.345
1/5/2023 21:00,-2.361
1/5/2023 22:00,-2.4
1/5/2023 23:00,-2.442
1/6/2023 0:00,-2.471
1/6/2023 1:00,-2.504
1/6/2023 2:00,-2.527
1/6/2023 3:00,-2.533
1/6/2023 4:00,-2.543
1/6/2023 5:00,-2.561
1/6/2023 6:00,-2.585
1/6/2023 7:00,-2.629
1/6/2023 8:00,-2.642
1/6/2023 9:00,-2.646
1/6/2023 10:00,-2.651
1/6/2023 11:00,-2.635
1/6/2023 12:00,-2.622
1/6/2023 13:00,-2.616
1/6/2023 14:00,-2.59
1/6/2023 15:00,-2.496
1/6/2023 16:00,-2.392
1/6/2023 17:00,-2.34
1/6/2023 18:00,-2.303
1/6/2023 19:00,-2.306
1/6/2023 20:00,-2.294
1/6/2023 21:00,-2.323
1/6/2023 22:00,-2.347
1/6/2023 23:00,-2.364
1/7/2023 0:00,-2.372
1/7/2023 1:00,-2.372
1/7/2023 2:00,-2.372
1/7/2023 3:00,-2.365
1/7/2023 4:00,-2.377
1/7/2023 5:00,-2.385
1/7/2023 6:00,-2.384
1/7/2023 7:00,-2.382
1/7/2023 8:00,-2.386
1/7/2023 9:00,-2.377
1/7/2023 10:00,-2.384
1/7/2023 11:00,-2.386
1/7/2023 12:00,-2.393
1/7/2023 13:00,-2.385
1/7/2023 14:00,-2.374
1/7/2023 15:00,-2.371
1/7/2023 16:00,-2.355
1/7/2023 17:00,-2.339
1/7/2023 18:00,-2.329
1/7/2023 19:00,-2.334
1/7/2023 20:00,-2.349
1/7/2023 21:00,-2.359
1/7/2023 22:00,-2.373
1/7/2023 23:00,-2.384
1/8/2023 0:00,-2.396
1/8/2023 1:00,-2.4
1/8/2023 2:00,-2.409
1/8/2023 3:00,-2.412
1/8/2023 4:00,-2.422
1/8/2023 5:00,-2.429
1/8/2023 6:00,-2.429
1/8/2023 7:00,-2.437
1/8/2023 8:00,-2.46
1/8/2023 9:00,-2.498
1/8/2023 10:00,-2.544
1/8/2023 11:00,-2.59
1/8/2023 12:00,-2.62
1/8/2023 13:00,-2.614
1/8/2023 14:00,-2.597
1/8/2023 15:00,-2.576
1/8/2023 16:00,-2.461
1/8/2023 17:00,-2.316
1/8/2023 18:00,-2.27
1/8/2023 19:00,-2.264
1/8/2023 20:00,-2.272
1/8/2023 21:00,-2.284
1/8/2023 22:00,-2.311
1/8/2023 23:00,-2.347
1/9/2023 0:00,-2.378
1/9/2023 1:00,-2.393
1/9/2023 2:00,-2.441
1/9/2023 3:00,-2.484
1/9/2023 4:00,-2.535
1/9/2023 5:00,-2.571
1/9/2023 6:00,-2.578
1/9/2023 7:00,-2.578
1/9/2023 8:00,-2.552
1/9/2023 9:00,-2.546
1/9/2023 10:00,-2.543
1/9/2023 11:00,-2.531
1/9/2023 12:00,-2.521
1/9/2023 13:00,-2.5
1/9/2023 14:00,-2.474
1/9/2023 15:00,-2.408
1/9/2023 16:00,-2.312
1/9/2023 17:00,-2.264
1/9/2023 18:00,-2.238
1/9/2023 19:00,-2.236
1/9/2023 20:00,-2.228
1/9/2023 21:00,-2.232
1/9/2023 22:00,-2.259
1/9/2023 23:00,-2.284
1/10/2023 0:00,-2.296
1/10/2023 1:00,-2.304
1/10/2023 2:00,-2.306
1/10/2023 3:00,-2.302
1/10/2023 4:00,-2.308
1/10/2023 5:00,-2.313
1/10/2023 6:00,-2.311
1/10/2023 7:00,-2.312
1/10/2023 8:00,-2.308
1/10/2023 9:00,-2.301
1/10/2023 10:00,-2.302
1/10/2023 11:00,-2.29
1/10/2023 12:00,-2.291
1/10/2023 13:00,-2.29
1/10/2023 14:00,-2.285
1/10/2023 15:00,-2.273
1/10/2023 16:00,-2.265
1/10/2023 17:00,-2.252
1/10/2023 18:00,-2.253
1/10/2023 19:00,-2.248
1/10/2023 20:00,-2.254
1/10/2023 21:00,-2.264
1/10/2023 22:00,-2.267
1/10/2023 23:00,-2.268
1/11/2023 0:00,-2.272
1/11/2023 1:00,-2.271
1/11/2023 2:00,-2.271
1/11/2023 3:00,-2.271
1/11/2023 4:00,-2.269
1/11/2023 5:00,-2.272
1/11/2023 6:00,-2.273
1/11/2023 7:00,-2.272
1/11/2023 8:00,-2.28
1/11/2023 9:00,-2.282
1/11/2023 10:00,-2.278
1/11/2023 11:00,-2.271
1/11/2023 12:00,-2.272
1/11/2023 13:00,-2.274
1/11/2023 14:00,-2.27
1/11/2023 15:00,-2.262
1/11/2023 16:00,-2.262
1/11/2023 17:00,-2.266
1/11/2023 18:00,-2.262
1/11/2023 19:00,-2.238
1/11/2023 20:00,-2.178
1/11/2023 21:00,-2.191
1/11/2023 22:00,-2.225
1/11/2023 23:00,-2.255
1/12/2023 0:00,-2.266
1/12/2023 1:00,-2.279
1/12/2023 2:00,-2.284
1/12/2023 3:00,-2.293
1/12/2023 4:00,-2.295
1/12/2023 5:00,-2.3
1/12/2023 6:00,-2.31
1/12/2023 7:00,-2.311
1/12/2023 8:00,-2.312
1/12/2023 9:00,-2.32
1/12/2023 10:00,-2.326
1/12/2023 11:00,-2.314
1/12/2023 12:00,-2.322
1/12/2023 13:00,-2.33
1/12/2023 14:00,-2.332
1/12/2023 15:00,-2.305
1/12/2023 16:00,-2.27
1/12/2023 17:00,-2.24
1/12/2023 18:00,-2.24
1/12/2023 19:00,-2.253
1/12/2023 20:00,-2.274
1/12/2023 21:00,-2.28
1/12/2023 22:00,-2.302
1/12/2023 23:00,-2.319
1/13/2023 0:00,-2.353
1/13/2023 1:00,-2.353
1/13/2023 2:00,-2.354
1/13/2023 3:00,-2.357
1/13/2023 4:00,-2.376
1/13/2023 5:00,-2.388
1/13/2023 6:00,-2.425
1/13/2023 7:00,-2.475
1/13/2023 8:00,-2.505
1/13/2023 9:00,-2.526
1/13/2023 10:00,-2.541
1/13/2023 11:00,-2.541
1/13/2023 12:00,-2.545
1/13/2023 13:00,-2.538
1/13/2023 14:00,-2.509
1/13/2023 15:00,-2.468
1/13/2023 16:00,-2.354
1/13/2023 17:00,-2.247
1/13/2023 18:00,-2.202
1/13/2023 19:00,-2.209
1/13/2023 20:00,-2.215
1/13/2023 21:00,-2.268
1/13/2023 22:00,-2.307
1/13/2023 23:00,-2.33
1/14/2023 0:00,-2.353
1/14/2023 1:00,-2.368
1/14/2023 2:00,-2.385
1/14/2023 3:00,-2.4
1/14/2023 4:00,-2.42
1/14/2023 5:00,-2.451
1/14/2023 6:00,-2.471
1/14/2023 7:00,-2.494
1/14/2023 8:00,-2.527
1/14/2023 9:00,-2.54
1/14/2023 10:00,-2.557
1/14/2023 11:00,-2.573
1/14/2023 12:00,-2.573
1/14/2023 13:00,-2.553
1/14/2023 14:00,-2.52
1/14/2023 15:00,-2.455
1/14/2023 16:00,-2.323
1/14/2023 17:00,-2.25
1/14/2023 18:00,-2.233
1/14/2023 19:00,-2.222
1/14/2023 20:00,-2.212
1/14/2023 21:00,-2.211
1/14/2023 22:00,-2.236
1/14/2023 23:00,-2.254
1/15/2023 0:00,-2.277
1/15/2023 1:00,-2.296
1/15/2023 2:00,-2.302
1/15/2023 3:00,-2.308
1/15/2023 4:00,-2.312
1/15/2023 5:00,-2.316
1/15/2023 6:00,-2.318
1/15/2023 7:00,-2.332
1/15/2023 8:00,-2.337
1/15/2023 9:00,-2.334
1/15/2023 10:00,-2.338
1/15/2023 11:00,-2.332
1/15/2023 12:00,-2.323
1/15/2023 13:00,-2.313
1/15/2023 14:00,-2.291
1/15/2023 15:00,-2.284
1/15/2023 16:00,-2.253
1/15/2023 17:00,-2.239
1/15/2023 18:00,-2.236
1/15/2023 19:00,-2.238
1/15/2023 20:00,-2.237
1/15/2023 21:00,-2.242
1/15/2023 22:00,-2.253
1/15/2023 23:00,-2.258
1/16/2023 0:00,-2.258
1/16/2023 1:00,-2.261
1/16/2023 2:00,-2.257
1/16/2023 3:00,-2.255
1/16/2023 4:00,-2.245
1/16/2023 5:00,-2.252
1/16/2023 6:00,-2.252
1/16/2023 7:00,-2.255
1/16/2023 8:00,-2.262
1/16/2023 9:00,-2.268
1/16/2023 10:00,-2.256
1/16/2023 11:00,-2.262
1/16/2023 12:00,-2.256
1/16/2023 13:00,-2.254
1/16/2023 14:00,-2.248
1/16/2023 15:00,-2.238
1/16/2023 16:00,-2.234
1/16/2023 17:00,-2.23
1/16/2023 18:00,-2.236
1/16/2023 19:00,-2.245
1/16/2023 20:00,-2.238
1/16/2023 21:00,-2.242
1/16/2023 22:00,-2.246
1/16/2023 23:00,-2.258
1/17/2023 0:00,-2.255
1/17/2023 1:00,-2.268
1/17/2023 2:00,-2.273
1/17/2023 3:00,-2.271
1/17/2023 4:00,-2.27
1/17/2023 5:00,-2.28
1/17/2023 6:00,-2.286
1/17/2023 7:00,-2.286
1/17/2023 8:00,-2.282
1/17/2023 9:00,-2.286
1/17/2023 10:00,-2.293
1/17/2023 11:00,-2.297
1/17/2023 12:00,-2.287
1/17/2023 13:00,-2.275
1/17/2023 14:00,-2.279
1/17/2023 15:00,-2.271
1/17/2023 16:00,-2.258
1/17/2023 17:00,-2.241
1/17/2023 18:00,-2.235
1/17/2023 19:00,-2.242
1/17/2023 20:00,-2.247
1/17/2023 21:00,-2.251
1/17/2023 22:00,-2.253
1/17/2023 23:00,-2.261
1/18/2023 0:00,-2.265
1/18/2023 1:00,-2.256
1/18/2023 2:00,-2.259
1/18/2023 3:00,-2.266
1/18/2023 4:00,-2.27
1/18/2023 5:00,-2.266
1/18/2023 6:00,-2.266
1/18/2023 7:00,-2.27
1/18/2023 8:00,-2.278
1/18/2023 9:00,-2.266
1/18/2023 10:00,-2.266
1/18/2023 11:00,-2.253
1/18/2023 12:00,-2.256
1/18/2023 13:00,-2.261
1/18/2023 14:00,-2.26
1/18/2023 15:00,-2.264
1/18/2023 16:00,-2.257
1/18/2023 17:00,-2.231
1/18/2023 18:00,-2.217
1/18/2023 19:00,-2.21
1/18/2023 20:00,-2.219
1/18/2023 21:00,-2.212
1/18/2023 22:00,-2.223
1/18/2023 23:00,-2.229
1/19/2023 0:00,-2.247
1/19/2023 1:00,-2.251
1/19/2023 2:00,-2.258
1/19/2023 3:00,-2.28
1/19/2023 4:00,-2.29
1/19/2023 5:00,-2.306
1/19/2023 6:00,-2.322
1/19/2023 7:00,-2.348
1/19/2023 8:00,-2.394
1/19/2023 9:00,-2.425
1/19/2023 10:00,-2.434
1/19/2023 11:00,-2.461
1/19/2023 12:00,-2.474
1/19/2023 13:00,-2.463
1/19/2023 14:00,-2.436
1/19/2023 15:00,-2.401
1/19/2023 16:00,-2.335
1/19/2023 17:00,-2.266
1/19/2023 18:00,-2.216
1/19/2023 19:00,-2.194
1/19/2023 20:00,-2.182
1/19/2023 21:00,-2.196
1/19/2023 22:00,-2.217
1/19/2023 23:00,-2.241
1/20/2023 0:00,-2.261
1/20/2023 1:00,-2.291
1/20/2023 2:00,-2.336
1/20/2023 3:00,-2.365
1/20/2023 4:00,-2.395
1/20/2023 5:00,-2.432
1/20/2023 6:00,-2.453
1/20/2023 7:00,-2.454
1/20/2023 8:00,-2.436
1/20/2023 9:00,-2.44
1/20/2023 10:00,-2.431
1/20/2023 11:00,-2.423
1/20/2023 12:00,-2.402
1/20/2023 13:00,-2.384
1/20/2023 14:00,-2.368
1/20/2023 15:00,-2.334
1/20/2023 16:00,-2.265
1/20/2023 17:00,-2.211
1/20/2023 18:00,-2.177
1/20/2023 19:00,-2.168
1/20/2023 20:00,-2.171
1/20/2023 21:00,-2.168
1/20/2023 22:00,-2.192
1/20/2023 23:00,-2.205
1/21/2023 0:00,-2.232
1/21/2023 1:00,-2.242
1/21/2023 2:00,-2.258
1/21/2023 3:00,-2.27
1/21/2023 4:00,-2.28
1/21/2023 5:00,-2.303
1/21/2023 6:00,-2.312
1/21/2023 7:00,-2.309
1/21/2023 8:00,-2.306
1/21/2023 9:00,-2.297
1/21/2023 10:00,-2.3
1/21/2023 11:00,-2.305
1/21/2023 12:00,-2.317
1/21/2023 13:00,-2.307
1/21/2023 14:00,-2.297
1/21/2023 15:00,-2.276
1/21/2023 16:00,-2.247
1/21/2023 17:00,-2.219
1/21/2023 18:00,-2.181
1/21/2023 19:00,-2.16
1/21/2023 20:00,-2.143
1/21/2023 21:00,-2.151
1/21/2023 22:00,-2.167
1/21/2023 23:00,-2.191
1/22/2023 0:00,-2.197
1/22/2023 1:00,-2.218
1/22/2023 2:00,-2.225
1/22/2023 3:00,-2.23
1/22/2023 4:00,-2.233
1/22/2023 5:00,-2.232
1/22/2023 6:00,-2.232
1/22/2023 7:00,-2.227
1/22/2023 8:00,-2.233
1/22/2023 9:00,-2.235
1/22/2023 10:00,-2.228
1/22/2023 11:00,-2.225
1/22/2023 12:00,-2.222
1/22/2023 13:00,-2.22
1/22/2023 14:00,-2.209
1/22/2023 15:00,-2.202
1/22/2023 16:00,-2.199
1/22/2023 17:00,-2.174
1/22/2023 18:00,-2.164
1/22/2023 19:00,-2.161
1/22/2023 20:00,-2.168
1/22/2023 21:00,-2.181
1/22/2023 22:00,-2.191
1/22/2023 23:00,-2.2
1/23/2023 0:00,-2.208
1/23/2023 1:00,-2.224
1/23/2023 2:00,-2.233
1/23/2023 3:00,-2.234
1/23/2023 4:00,-2.243
1/23/2023 5:00,-2.244
1/23/2023 6:00,-2.246
1/23/2023 7:00,-2.251
1/23/2023 8:00,-2.26
1/23/2023 9:00,-2.257
1/23/2023 10:00,-2.261
1/23/2023 11:00,-2.254
1/23/2023 12:00,-2.26
1/23/2023 13:00,-2.264
1/23/2023 14:00,-2.238
1/23/2023 15:00,-2.216
1/23/2023 16:00,-2.18
1/23/2023 17:00,-2.151
1/23/2023 18:00,-2.131
1/23/2023 19:00,-2.142
1/23/2023 20:00,-2.157
1/23/2023 21:00,-2.187
1/23/2023 22:00,-2.196
1/23/2023 23:00,-2.218
1/24/2023 0:00,-2.238
1/24/2023 1:00,-2.246
1/24/2023 2:00,-2.263
1/24/2023 3:00,-2.264
1/24/2023 4:00,-2.259
1/24/2023 5:00,-2.273
1/24/2023 6:00,-2.272
1/24/2023 7:00,-2.278
1/24/2023 8:00,-2.289
1/24/2023 9:00,-2.307
1/24/2023 10:00,-2.33
1/24/2023 11:00,-2.341
1/24/2023 12:00,-2.344
1/24/2023 13:00,-2.34
1/24/2023 14:00,-2.328
1/24/2023 15:00,-2.288
1/24/2023 16:00,-2.23
1/24/2023 17:00,-2.178
1/24/2023 18:00,-2.146
1/24/2023 19:00,-2.139
1/24/2023 20:00,-2.155
1/24/2023 21:00,-2.18
1/24/2023 22:00,-2.206
1/24/2023 23:00,-2.232
1/25/2023 0:00,-2.238
1/25/2023 1:00,-2.249
1/25/2023 2:00,-2.26
1/25/2023 3:00,-2.26
1/25/2023 4:00,-2.259
1/25/2023 5:00,-2.261
1/25/2023 6:00,-2.268
1/25/2023 7:00,-2.268
1/25/2023 8:00,-2.271
1/25/2023 9:00,-2.276
1/25/2023 10:00,-2.282
1/25/2023 11:00,-2.291
1/25/2023 12:00,-2.279
1/25/2023 13:00,-2.284
1/25/2023 14:00,-2.278
1/25/2023 15:00,-2.266
1/25/2023 16:00,-2.246
1/25/2023 17:00,-2.215
1/25/2023 18:00,-2.192
1/25/2023 19:00,-2.168
1/25/2023 20:00,-2.172
1/25/2023 21:00,-2.179
1/25/2023 22:00,-2.204
1/25/2023 23:00,-2.224
1/26/2023 0:00,-2.241
1/26/2023 1:00,-2.25
1/26/2023 2:00,-2.263
1/26/2023 3:00,-2.268
1/26/2023 4:00,-2.266
1/26/2023 5:00,-2.263
1/26/2023 6:00,-2.259
1/26/2023 7:00,-2.255
1/26/2023 8:00,-2.251
1/26/2023 9:00,-2.253
1/26/2023 10:00,-2.26
1/26/2023 11:00,-2.265
1/26/2023 12:00,-2.262
1/26/2023 13:00,-2.264
1/26/2023 14:00,-2.259
1/26/2023 15:00,-2.256
1/26/2023 16:00,-2.245
1/26/2023 17:00,-2.22
1/26/2023 18:00,-2.202
1/26/2023 19:00,-2.182
1/26/2023 20:00,-2.162
1/26/2023 21:00,-2.166
1/26/2023 22:00,-2.188
1/26/2023 23:00,-2.208
1/27/2023 0:00,-2.224
1/27/2023 1:00,-2.223
1/27/2023 2:00,-2.226
1/27/2023 3:00,-2.234
1/27/2023 4:00,-2.234
1/27/2023 5:00,-2.229
1/27/2023 6:00,-2.241
1/27/2023 7:00,-2.24
1/27/2023 8:00,-2.24
1/27/2023 9:00,-2.238
1/27/2023 10:00,-2.232
1/27/2023 11:00,-2.224
1/27/2023 12:00,-2.23
1/27/2023 13:00,-2.227
1/27/2023 14:00,-2.216
1/27/2023 15:00,-2.206
1/27/2023 16:00,-2.205
1/27/2023 17:00,-2.196
1/27/2023 18:00,-2.192
1/27/2023 19:00,-2.202
1/27/2023 20:00,-2.184
1/27/2023 21:00,-2.188
1/27/2023 22:00,-2.18
1/27/2023 23:00,-2.188
1/28/2023 0:00,-2.197
1/28/2023 1:00,-2.181
1/28/2023 2:00,-2.192
1/28/2023 3:00,-2.197
1/28/2023 4:00,-2.192
1/28/2023 5:00,-2.195
1/28/2023 6:00,-2.184
1/28/2023 7:00,-2.191
1/28/2023 8:00,-2.194
1/28/2023 9:00,-2.198
1/28/2023 10:00,-2.197
1/28/2023 11:00,-2.201
1/28/2023 12:00,-2.193
1/28/2023 13:00,-2.185
1/28/2023 14:00,-2.187
1/28/2023 15:00,-2.179
1/28/2023 16:00,-2.172
1/28/2023 17:00,-2.174
1/28/2023 18:00,-2.159
1/28/2023 19:00,-2.162
1/28/2023 20:00,-2.158
1/28/2023 21:00,-2.158
1/28/2023 22:00,-2.161
1/28/2023 23:00,-2.163
1/29/2023 0:00,-2.152
1/29/2023 1:00,-2.157
1/29/2023 2:00,-2.156
1/29/2023 3:00,-2.156
1/29/2023 4:00,-2.143
1/29/2023 5:00,-2.155
1/29/2023 6:00,-2.149
1/29/2023 7:00,-2.152
1/29/2023 8:00,-2.157
1/29/2023 9:00,-2.151
1/29/2023 10:00,-2.16
1/29/2023 11:00,-2.178
1/29/2023 12:00,-2.172
1/29/2023 13:00,-2.174
1/29/2023 14:00,-2.171
1/29/2023 15:00,-2.17
1/29/2023 16:00,-2.157
1/29/2023 17:00,-2.151
1/29/2023 18:00,-2.148
1/29/2023 19:00,-2.142
1/29/2023 20:00,-2.145
1/29/2023 21:00,-2.141
1/29/2023 22:00,-2.141
1/29/2023 23:00,-2.133
1/30/2023 0:00,-2.136
1/30/2023 1:00,-2.136
1/30/2023 2:00,-2.132
1/30/2023 3:00,-2.127
1/30/2023 4:00,-2.123
1/30/2023 5:00,-2.127
1/30/2023 6:00,-2.131
1/30/2023 7:00,-2.123
1/30/2023 8:00,-2.129
1/30/2023 9:00,-2.142
1/30/2023 10:00,-2.144
1/30/2023 11:00,-2.152
1/30/2023 12:00,-2.151
1/30/2023 13:00,-2.152
1/30/2023 14:00,-2.155
1/30/2023 15:00,-2.154
1/30/2023 16:00,-2.148
1/30/2023 17:00,-2.142
1/30/2023 18:00,-2.144
1/30/2023 19:00,-2.139
1/30/2023 20:00,-2.134
1/30/2023 21:00,-2.127
1/30/2023 22:00,-2.122
1/30/2023 23:00,-2.125
1/31/2023 0:00,-2.123
1/31/2023 1:00,-2.124
1/31/2023 2:00,-2.13
1/31/2023 3:00,-2.124
1/31/2023 4:00,-2.136
1/31/2023 5:00,-2.149
1/31/2023 6:00,-2.185
1/31/2023 7:00,-2.261
1/31/2023 8:00,-2.331
1/31/2023 9:00,-2.368
1/31/2023 10:00,-2.389
1/31/2023 11:00,-2.377
1/31/2023 12:00,-2.398
1/31/2023 13:00,-2.405
1/31/2023 14:00,-2.409
1/31/2023 15:00,-2.396
1/31/2023 16:00,-2.36
1/31/2023 17:00,-2.31
1/31/2023 18:00,-2.218
1/31/2023 19:00,-2.175
1/31/2023 20:00,-2.146
1/31/2023 21:00,-2.133
1/31/2023 22:00,-2.112
1/31/2023 23:00,-2.104
2/1/2023 0:00,-2.1
2/1/2023 1:00,-2.109
2/1/2023 2:00,-2.102
2/1/2023 3:00,-2.115
2/1/2023 4:00,-2.158
2/1/2023 5:00,-2.19
2/1/2023 6:00,-2.215
2/1/2023 7:00,-2.228
2/1/2023 8:00,-2.237
2/1/2023 9:00,-2.263
2/1/2023 10:00,-2.302
2/1/2023 11:00,-2.343
2/1/2023 12:00,-2.36
2/1/2023 13:00,-2.378
2/1/2023 14:00,-2.371
2/1/2023 15:00,-2.354
2/1/2023 16:00,-2.312
2/1/2023 17:00,-2.229
2/1/2023 18:00,-2.155
2/1/2023 19:00,-2.103
2/1/2023 20:00,-2.064
2/1/2023 21:00,-2.044
2/1/2023 22:00,-2.021
2/1/2023 23:00,-2.009
2/2/2023 0:00,-2.013
2/2/2023 1:00,-2.024
2/2/2023 2:00,-2.053
2/2/2023 3:00,-2.097
2/2/2023 4:00,-2.121
2/2/2023 5:00,-2.108
2/2/2023 6:00,-2.083
2/2/2023 7:00,-2.108
2/2/2023 8:00,-2.141
2/2/2023 9:00,-2.121
2/2/2023 10:00,-2.114
2/2/2023 11:00,-2.1
2/2/2023 12:00,-2.114
2/2/2023 13:00,-2.104
2/2/2023 14:00,-2.091
2/2/2023 15:00,-2.09
2/2/2023 16:00,-2.072
2/2/2023 17:00,-2.044
2/2/2023 18:00,-2.024
2/2/2023 19:00,-2.008
2/2/2023 20:00,-1.995
2/2/2023 21:00,-1.979
2/2/2023 22:00,-1.978
2/2/2023 23:00,-1.986
2/3/2023 0:00,-2.002
2/3/2023 1:00,-2.031
2/3/2023 2:00,-2.05
2/3/2023 3:00,-2.066
2/3/2023 4:00,-2.087
2/3/2023 5:00,-2.111
2/3/2023 6:00,-2.14
2/3/2023 7:00,-2.12
2/3/2023 8:00,-2.107
2/3/2023 9:00,-2.115
2/3/2023 10:00,-2.095
2/3/2023 11:00,-2.117
2/3/2023 12:00,-2.174
2/3/2023 13:00,-2.151
2/3/2023 14:00,-2.126
2/3/2023 15:00,-2.124
2/3/2023 16:00,-2.109
2/3/2023 17:00,-2.098
2/3/2023 18:00,-2.069
2/3/2023 19:00,-2.056
2/3/2023 20:00,-2.036
2/3/2023 21:00,-2.007
2/3/2023 22:00,-1.977
2/3/2023 23:00,-1.973
2/4/2023 0:00,-1.972
2/4/2023 1:00,-1.984
2/4/2023 2:00,-1.987
2/4/2023 3:00,-2.011
2/4/2023 4:00,-2.044
2/4/2023 5:00,-2.052
2/4/2023 6:00,-2.072
2/4/2023 7:00,-2.088
2/4/2023 8:00,-2.092
2/4/2023 9:00,-2.092
2/4/2023 10:00,-2.096
2/4/2023 11:00,-2.094
2/4/2023 12:00,-2.152
2/4/2023 13:00,-2.144
2/4/2023 14:00,-2.097
2/4/2023 15:00,-2.071
2/4/2023 16:00,-2.056
2/4/2023 17:00,-2.041
2/4/2023 18:00,-2.014
2/4/2023 19:00,-2.012
2/4/2023 20:00,-1.988
2/4/2023 21:00,-1.965
2/4/2023 22:00,-1.94
2/4/2023 23:00,-1.932
2/5/2023 0:00,-1.924
2/5/2023 1:00,-1.936
2/5/2023 2:00,-1.951
2/5/2023 3:00,-1.972
2/5/2023 4:00,-1.972
2/5/2023 5:00,-1.991
2/5/2023 6:00,-1.998
2/5/2023 7:00,-1.998
2/5/2023 8:00,-2.013
2/5/2023 9:00,-2.015
2/5/2023 10:00,-2.015
2/5/2023 11:00,-2.012
2/5/2023 12:00,-2.015
2/5/2023 13:00,-2.017
2/5/2023 14:00,-2.013
2/5/2023 15:00,-2.003
2/5/2023 16:00,-2.003
2/5/2023 17:00,-1.991
2/5/2023 18:00,-1.983
2/5/2023 19:00,-1.979
2/5/2023 20:00,-1.976
2/5/2023 21:00,-1.982
2/5/2023 22:00,-1.983
2/5/2023 23:00,-1.971
2/6/2023 0:00,-1.977
2/6/2023 1:00,-1.981
2/6/2023 2:00,-1.995
2/6/2023 3:00,-1.989
2/6/2023 4:00,-1.993
2/6/2023 5:00,-1.993
2/6/2023 6:00,-1.998
2/6/2023 7:00,-1.998
2/6/2023 8:00,-1.993
2/6/2023 9:00,-1.994
2/6/2023 10:00,-2.004
2/6/2023 11:00,-1.995
2/6/2023 12:00,-1.995
2/6/2023 13:00,-1.994
2/6/2023 14:00,-1.994
2/6/2023 15:00,-1.993
2/6/2023 16:00,-1.988
2/6/2023 17:00,-1.986
2/6/2023 18:00,-1.986
2/6/2023 19:00,-1.976
2/6/2023 20:00,-1.98
2/6/2023 21:00,-1.984
2/6/2023 22:00,-1.988
2/6/2023 23:00,-1.988
2/7/2023 0:00,-1.991
2/7/2023 1:00,-1.999
2/7/2023 2:00,-2.003
2/7/2023 3:00,-2.016
2/7/2023 4:00,-2.016
2/7/2023 5:00,-2.02
2/7/2023 6:00,-2.032
2/7/2023 7:00,-2.043
2/7/2023 8:00,-2.046
2/7/2023 9:00,-2.059
2/7/2023 10:00,-2.057
2/7/2023 11:00,-2.045
2/7/2023 12:00,-2.043
2/7/2023 13:00,-2.031
2/7/2023 14:00,-2.019
2/7/2023 15:00,-2.027
2/7/2023 16:00,-2.031
2/7/2023 17:00,-2.031
2/7/2023 18:00,-2.021
2/7/2023 19:00,-2.003
2/7/2023 20:00,-1.989
2/7/2023 21:00,-1.981
2/7/2023 22:00,-1.97
2/7/2023 23:00,-1.978
2/8/2023 0:00,-1.981
2/8/2023 1:00,-2.005
2/8/2023 2:00,-2.024
2/8/2023 3:00,-2.029
2/8/2023 4:00,-2.032
2/8/2023 5:00,-2.046
2/8/2023 6:00,-2.047
2/8/2023 7:00,-2.052
2/8/2023 8:00,-2.062
2/8/2023 9:00,-2.071
2/8/2023 10:00,-2.09
2/8/2023 11:00,-2.17
2/8/2023 12:00,-2.212
2/8/2023 13:00,-2.106
2/8/2023 14:00,-2.047
2/8/2023 15:00,-2.035
2/8/2023 16:00,-2.014
2/8/2023 17:00,-2.001
2/8/2023 18:00,-1.988
2/8/2023 19:00,-1.959
2/8/2023 20:00,-1.944
2/8/2023 21:00,-1.936
2/8/2023 22:00,-1.943
2/8/2023 23:00,-1.961
2/9/2023 0:00,-1.984
2/9/2023 1:00,-1.992
2/9/2023 2:00,-2.004
2/9/2023 3:00,-2.009
2/9/2023 4:00,-2.013
2/9/2023 5:00,-2.016
2/9/2023 6:00,-2.022
2/9/2023 7:00,-2.027
2/9/2023 8:00,-2.032
2/9/2023 9:00,-2.031
2/9/2023 10:00,-2.016
2/9/2023 11:00,-2.033
2/9/2023 12:00,-2.025
2/9/2023 13:00,-2.031
2/9/2023 14:00,-2.031
2/9/2023 15:00,-2.03
2/9/2023 16:00,-2.022
2/9/2023 17:00,-2.016
2/9/2023 18:00,-2.004
2/9/2023 19:00,-1.993
2/9/2023 20:00,-1.985
2/9/2023 21:00,-1.989
2/9/2023 22:00,-2.003
2/9/2023 23:00,-2.016
2/10/2023 0:00,-2.032
2/10/2023 1:00,-2.04
2/10/2023 2:00,-2.048
2/10/2023 3:00,-2.065
2/10/2023 4:00,-2.061
2/10/2023 5:00,-2.065
2/10/2023 6:00,-2.086
2/10/2023 7:00,-2.078
2/10/2023 8:00,-2.098
2/10/2023 9:00,-2.131
2/10/2023 10:00,-2.259
2/10/2023 11:00,-2.355
2/10/2023 12:00,-2.462
2/10/2023 13:00,-2.497
2/10/2023 14:00,-2.434
2/10/2023 15:00,-2.321
2/10/2023 16:00,-2.2
2/10/2023 17:00,-2.096
2/10/2023 18:00,-2.023
2/10/2023 19:00,-1.989
2/10/2023 20:00,-1.944
2/10/2023 21:00,-1.924
2/10/2023 22:00,-1.914
2/10/2023 23:00,-1.913
2/11/2023 0:00,-1.928
2/11/2023 1:00,-1.949
2/11/2023 2:00,-1.96
2/11/2023 3:00,-1.985
2/11/2023 4:00,-2.025
2/11/2023 5:00,-2.078
2/11/2023 6:00,-2.143
2/11/2023 7:00,-2.188
2/11/2023 8:00,-2.233
2/11/2023 9:00,-2.217
2/11/2023 10:00,-2.185
2/11/2023 11:00,-2.167
2/11/2023 12:00,-2.135
2/11/2023 13:00,-2.097
2/11/2023 14:00,-2.061
2/11/2023 15:00,-2.017
2/11/2023 16:00,-2.007
2/11/2023 17:00,-1.977
2/11/2023 18:00,-1.973
2/11/2023 19:00,-1.975
2/11/2023 20:00,-1.951
2/11/2023 21:00,-1.943
2/11/2023 22:00,-1.917
2/11/2023 23:00,-1.919
2/12/2023 0:00,-1.93
2/12/2023 1:00,-1.947
2/12/2023 2:00,-1.958
2/12/2023 3:00,-1.975
2/12/2023 4:00,-1.993
2/12/2023 5:00,-2.002
2/12/2023 6:00,-2.022
2/12/2023 7:00,-2.038
2/12/2023 8:00,-2.069
2/12/2023 9:00,-2.101
2/12/2023 10:00,-2.118
2/12/2023 11:00,-2.113
2/12/2023 12:00,-2.107
2/12/2023 13:00,-2.079
2/12/2023 14:00,-2.022
2/12/2023 15:00,-1.971
2/12/2023 16:00,-1.96
2/12/2023 17:00,-1.956
2/12/2023 18:00,-1.953
2/12/2023 19:00,-1.959
2/12/2023 20:00,-1.934
2/12/2023 21:00,-1.921
2/12/2023 22:00,-1.929
2/12/2023 23:00,-1.94
2/13/2023 0:00,-1.96
2/13/2023 1:00,-1.975
2/13/2023 2:00,-1.995
2/13/2023 3:00,-2.01
2/13/2023 4:00,-2.017
2/13/2023 5:00,-2.033
2/13/2023 6:00,-2.04
2/13/2023 7:00,-2.048
2/13/2023 8:00,-2.048
2/13/2023 9:00,-2.051
2/13/2023 10:00,-2.036
2/13/2023 11:00,-2.052
2/13/2023 12:00,-2.067
2/13/2023 13:00,-2.079
2/13/2023 14:00,-2.076
2/13/2023 15:00,-2.066
2/13/2023 16:00,-2.062
2/13/2023 17:00,-2.036
2/13/2023 18:00,-2.019
2/13/2023 19:00,-1.976
2/13/2023 20:00,-1.932
2/13/2023 21:00,-1.908
2/13/2023 22:00,-1.896
2/13/2023 23:00,-1.911
2/14/2023 0:00,-1.937
2/14/2023 1:00,-1.964
2/14/2023 2:00,-1.974
2/14/2023 3:00,-1.987
2/14/2023 4:00,-1.991
2/14/2023 5:00,-2
2/14/2023 6:00,-1.992
2/14/2023 7:00,-2.002
2/14/2023 8:00,-2.004
2/14/2023 9:00,-2.008
2/14/2023 10:00,-2.006
2/14/2023 11:00,-1.999
2/14/2023 12:00,-1.987
2/14/2023 13:00,-1.99
2/14/2023 14:00,-1.989
2/14/2023 15:00,-1.98
2/14/2023 16:00,-1.981
2/14/2023 17:00,-1.975
2/14/2023 18:00,-1.978
2/14/2023 19:00,-1.972
2/14/2023 20:00,-1.981
2/14/2023 21:00,-1.982
2/14/2023 22:00,-1.983
2/14/2023 23:00,-1.98
2/15/2023 0:00,-1.981
2/15/2023 1:00,-1.991
2/15/2023 2:00,-1.993
2/15/2023 3:00,-1.998
2/15/2023 4:00,-1.996
2/15/2023 5:00,-1.997
2/15/2023 6:00,-2.006
2/15/2023 7:00,-2.016
2/15/2023 8:00,-2.015
2/15/2023 9:00,-2.022
2/15/2023 10:00,-2.017
2/15/2023 11:00,-2.018
2/15/2023 12:00,-2.027
2/15/2023 13:00,-2.032
2/15/2023 14:00,-2.033
2/15/2023 15:00,-2.032
2/15/2023 16:00,-2.014
2/15/2023 17:00,-2.011
2/15/2023 18:00,-1.993
2/15/2023 19:00,-1.967
2/15/2023 20:00,-1.957
2/15/2023 21:00,-1.956
2/15/2023 22:00,-1.972
2/15/2023 23:00,-1.983
2/16/2023 0:00,-2.002
2/16/2023 1:00,-2.018
2/16/2023 2:00,-2.013
2/16/2023 3:00,-2.03
2/16/2023 4:00,-2.025
2/16/2023 5:00,-2.046
2/16/2023 6:00,-2.054
2/16/2023 7:00,-2.068
2/16/2023 8:00,-2.079
2/16/2023 9:00,-2.083
2/16/2023 10:00,-2.085
2/16/2023 11:00,-2.082
2/16/2023 12:00,-2.084
2/16/2023 13:00,-2.096
2/16/2023 14:00,-2.091
2/16/2023 15:00,-2.089
2/16/2023 16:00,-2.081
2/16/2023 17:00,-2.068
2/16/2023 18:00,-2.049
2/16/2023 19:00,-2.015
2/16/2023 20:00,-1.986
2/16/2023 21:00,-1.973
2/16/2023 22:00,-1.989
2/16/2023 23:00,-2.013
2/17/2023 0:00,-2.054
2/17/2023 1:00,-2.071
2/17/2023 2:00,-2.055
2/17/2023 3:00,-2.081
2/17/2023 4:00,-2.092
2/17/2023 5:00,-2.104
2/17/2023 6:00,-2.137
2/17/2023 7:00,-2.161
2/17/2023 8:00,-2.19
2/17/2023 9:00,-2.243
2/17/2023 10:00,-2.273
2/17/2023 11:00,-2.255
2/17/2023 12:00,-2.257
2/17/2023 13:00,-2.24
2/17/2023 14:00,-2.209
2/17/2023 15:00,-2.183
2/17/2023 16:00,-2.143
2/17/2023 17:00,-2.07
2/17/2023 18:00,-2.034
2/17/2023 19:00,-1.995
2/17/2023 20:00,-1.978
2/17/2023 21:00,-1.97
2/17/2023 22:00,-1.965
2/17/2023 23:00,-1.959
2/18/2023 0:00,-1.99
2/18/2023 1:00,-2.019
2/18/2023 2:00,-2.055
2/18/2023 3:00,-2.091
2/18/2023 4:00,-2.107
2/18/2023 5:00,-2.136
2/18/2023 6:00,-2.147
2/18/2023 7:00,-2.163
2/18/2023 8:00,-2.163
2/18/2023 9:00,-2.179
2/18/2023 10:00,-2.168
2/18/2023 11:00,-2.177
2/18/2023 12:00,-2.197
2/18/2023 13:00,-2.197
2/18/2023 14:00,-2.171
2/18/2023 15:00,-2.163
2/18/2023 16:00,-2.129
2/18/2023 17:00,-2.101
2/18/2023 18:00,-2.053
2/18/2023 19:00,-2.024
2/18/2023 20:00,-1.982
2/18/2023 21:00,-1.951
2/18/2023 22:00,-1.94
2/18/2023 23:00,-1.938
2/19/2023 0:00,-1.944
2/19/2023 1:00,-1.951
2/19/2023 2:00,-1.985
2/19/2023 3:00,-2.008
2/19/2023 4:00,-2.02
2/19/2023 5:00,-2.031
2/19/2023 6:00,-2.044
2/19/2023 7:00,-2.039
2/19/2023 8:00,-2.043
2/19/2023 9:00,-2.039
2/19/2023 10:00,-2.036
2/19/2023 11:00,-2.05
2/19/2023 12:00,-2.043
2/19/2023 13:00,-2.042
2/19/2023 14:00,-2.049
2/19/2023 15:00,-2.025
2/19/2023 16:00,-2.02
2/19/2023 17:00,-2.016
2/19/2023 18:00,-2.007
2/19/2023 19:00,-1.988
2/19/2023 20:00,-1.978
2/19/2023 21:00,-1.97
2/19/2023 22:00,-1.973
2/19/2023 23:00,-1.979
2/20/2023 0:00,-1.987
2/20/2023 1:00,-1.997
2/20/2023 2:00,-2.009
2/20/2023 3:00,-2.019
2/20/2023 4:00,-2.025
2/20/2023 5:00,-2.03
2/20/2023 6:00,-2.026
2/20/2023 7:00,-2.038
2/20/2023 8:00,-2.037
2/20/2023 9:00,-2.043
2/20/2023 10:00,-2.041
2/20/2023 11:00,-2.035
2/20/2023 12:00,-2.036
2/20/2023 13:00,-2.044
2/20/2023 14:00,-2.04
2/20/2023 15:00,-2.039
2/20/2023 16:00,-2.038
2/20/2023 17:00,-2.038
2/20/2023 18:00,-2.041
2/20/2023 19:00,-2.025
2/20/2023 20:00,-2.034
2/20/2023 21:00,-2.032
2/20/2023 22:00,-2.036
2/20/2023 23:00,-2.03
2/21/2023 0:00,-2.032
2/21/2023 1:00,-2.04
2/21/2023 2:00,-2.042
2/21/2023 3:00,-2.041
2/21/2023 4:00,-2.044
2/21/2023 5:00,-2.051
2/21/2023 6:00,-2.054
2/21/2023 7:00,-2.052
2/21/2023 8:00,-2.06
2/21/2023 9:00,-2.058
2/21/2023 10:00,-2.06
2/21/2023 11:00,-2.066
2/21/2023 12:00,-2.08
2/21/2023 13:00,-2.062
2/21/2023 14:00,-2.056
2/21/2023 15:00,-2.048
2/21/2023 16:00,-2.037
2/21/2023 17:00,-2.033
2/21/2023 18:00,-2.034
2/21/2023 19:00,-2.031
2/21/2023 20:00,-2.031
2/21/2023 21:00,-2.033
2/21/2023 22:00,-2.03
2/21/2023 23:00,-2.025
2/22/2023 0:00,-2.034
2/22/2023 1:00,-2.04
2/22/2023 2:00,-2.047
2/22/2023 3:00,-2.086
2/22/2023 4:00,-2.109
2/22/2023 5:00,-2.094
2/22/2023 6:00,-2.085
2/22/2023 7:00,-2.051
2/22/2023 8:00,-2.003
2/22/2023 9:00,-2.001
2/22/2023 10:00,-2.014
2/22/2023 11:00,-2.021
2/22/2023 12:00,-2.029
2/22/2023 13:00,-2.04
2/22/2023 14:00,-2.033
2/22/2023 15:00,-2.031
2/22/2023 16:00,-2.031
2/22/2023 17:00,-2.023
2/22/2023 18:00,-2.025
2/22/2023 19:00,-2.044
2/22/2023 20:00,-2.046
2/22/2023 21:00,-2.057
2/22/2023 22:00,-2.065
2/22/2023 23:00,-2.06
2/23/2023 0:00,-2.068
2/23/2023 1:00,-2.061
2/23/2023 2:00,-2.061
2/23/2023 3:00,-2.064
2/23/2023 4:00,-2.076
2/23/2023 5:00,-2.091
2/23/2023 6:00,-2.084
2/23/2023 7:00,-2.092
2/23/2023 8:00,-2.123
2/23/2023 9:00,-2.144
2/23/2023 10:00,-2.147
2/23/2023 11:00,-2.151
2/23/2023 12:00,-2.166
2/23/2023 13:00,-2.142
2/23/2023 14:00,-2.125
2/23/2023 15:00,-2.112
2/23/2023 16:00,-2.071
2/23/2023 17:00,-2.023
2/23/2023 18:00,-1.994
2/23/2023 19:00,-1.992
2/23/2023 20:00,-1.987
2/23/2023 21:00,-1.996
2/23/2023 22:00,-2.003
2/23/2023 23:00,-2.024
2/24/2023 0:00,-2.043
2/24/2023 1:00,-2.063
2/24/2023 2:00,-2.073
2/24/2023 3:00,-2.083
2/24/2023 4:00,-2.091
2/24/2023 5:00,-2.107
2/24/2023 6:00,-2.104
2/24/2023 7:00,-2.099
2/24/2023 8:00,-2.108
2/24/2023 9:00,-2.111
2/24/2023 10:00,-2.12
2/24/2023 11:00,-2.144
2/24/2023 12:00,-2.209
2/24/2023 13:00,-2.303
2/24/2023 14:00,-2.288
2/24/2023 15:00,-2.258
2/24/2023 16:00,-2.119
2/24/2023 17:00,-2.047
2/24/2023 18:00,-2.002
2/24/2023 19:00,-1.983
2/24/2023 20:00,-1.974
2/24/2023 21:00,-1.973
2/24/2023 22:00,-1.996
2/24/2023 23:00,-2.02
2/25/2023 0:00,-2.041
2/25/2023 1:00,-2.064
2/25/2023 2:00,-2.074
2/25/2023 3:00,-2.088
2/25/2023 4:00,-2.084
2/25/2023 5:00,-2.095
2/25/2023 6:00,-2.108
2/25/2023 7:00,-2.121
2/25/2023 8:00,-2.138
2/25/2023 9:00,-2.147
2/25/2023 10:00,-2.161
2/25/2023 11:00,-2.184
2/25/2023 12:00,-2.213
2/25/2023 13:00,-2.186
2/25/2023 14:00,-2.156
2/25/2023 15:00,-2.124
2/25/2023 16:00,-2.055
2/25/2023 17:00,-1.99
2/25/2023 18:00,-1.957
2/25/2023 19:00,-1.953
2/25/2023 20:00,-1.978
2/25/2023 21:00,-2.01
2/25/2023 22:00,-2.027
2/25/2023 23:00,-2.044
2/26/2023 0:00,-2.054
2/26/2023 1:00,-2.061
2/26/2023 2:00,-2.068
2/26/2023 3:00,-2.086
2/26/2023 4:00,-2.099
2/26/2023 5:00,-2.109
2/26/2023 6:00,-2.11
2/26/2023 7:00,-2.126
2/26/2023 8:00,-2.132
2/26/2023 9:00,-2.144
2/26/2023 10:00,-2.141
2/26/2023 11:00,-2.13
2/26/2023 12:00,-2.135
2/26/2023 13:00,-2.16
2/26/2023 14:00,-2.162
2/26/2023 15:00,-2.114
2/26/2023 16:00,-2.063
2/26/2023 17:00,-2.02
2/26/2023 18:00,-1.997
2/26/2023 19:00,-1.999
2/26/2023 20:00,-2.004
2/26/2023 21:00,-2.009
2/26/2023 22:00,-2.021
2/26/2023 23:00,-2.033
2/27/2023 0:00,-2.054
2/27/2023 1:00,-2.062
2/27/2023 2:00,-2.074
2/27/2023 3:00,-2.084
2/27/2023 4:00,-2.085
2/27/2023 5:00,-2.088
2/27/2023 6:00,-2.087
2/27/2023 7:00,-2.093
2/27/2023 8:00,-2.103
2/27/2023 9:00,-2.114
2/27/2023 10:00,-2.093
2/27/2023 11:00,-2.093
2/27/2023 12:00,-2.092
2/27/2023 13:00,-2.087
2/27/2023 14:00,-2.081
2/27/2023 15:00,-2.069
2/27/2023 16:00,-2.06
2/27/2023 17:00,-2.06
2/27/2023 18:00,-2.054
2/27/2023 19:00,-2.058
2/27/2023 20:00,-2.053
2/27/2023 21:00,-2.062
2/27/2023 22:00,-2.066
2/27/2023 23:00,-2.079
2/28/2023 0:00,-2.084
2/28/2023 1:00,-2.101
2/28/2023 2:00,-2.106
2/28/2023 3:00,-2.119
2/28/2023 4:00,-2.118
2/28/2023 5:00,-2.117
2/28/2023 6:00,-2.112
2/28/2023 7:00,-2.121
2/28/2023 8:00,-2.124
2/28/2023 9:00,-2.112
2/28/2023 10:00,-2.113
2/28/2023 11:00,-2.103
2/28/2023 12:00,-2.1
2/28/2023 13:00,-2.104
2/28/2023 14:00,-2.107
2/28/2023 15:00,-2.092
2/28/2023 16:00,-2.09
2/28/2023 17:00,-2.082
2/28/2023 18:00,-2.093
2/28/2023 19:00,-2.097
2/28/2023 20:00,-2.096
2/28/2023 21:00,-2.116
2/28/2023 22:00,-2.127
2/28/2023 23:00,-2.136
3/1/2023 0:00,-2.147
3/1/2023 1:00,-2.157
3/1/2023 2:00,-2.165
3/1/2023 3:00,-2.166
3/1/2023 4:00,-2.187
3/1/2023 5:00,-2.227
3/1/2023 6:00,-2.291
3/1/2023 7:00,-2.283
3/1/2023 8:00,-2.304
3/1/2023 9:00,-2.351
3/1/2023 10:00,-2.388
3/1/2023 11:00,-2.398
3/1/2023 12:00,-2.397
3/1/2023 13:00,-2.395
3/1/2023 14:00,-2.364
3/1/2023 15:00,-2.289
3/1/2023 16:00,-2.159
3/1/2023 17:00,-2.056
3/1/2023 18:00,-2.016
3/1/2023 19:00,-1.987
3/1/2023 20:00,-1.985
3/1/2023 21:00,-2.005
3/1/2023 22:00,-2.045
3/1/2023 23:00,-2.082
3/2/2023 0:00,-2.122
3/2/2023 1:00,-2.134
3/2/2023 2:00,-2.139
3/2/2023 3:00,-2.139
3/2/2023 4:00,-2.143
3/2/2023 5:00,-2.14
3/2/2023 6:00,-2.142
3/2/2023 7:00,-2.141
3/2/2023 8:00,-2.139
3/2/2023 9:00,-2.143
3/2/2023 10:00,-2.141
3/2/2023 11:00,-2.134
3/2/2023 12:00,-2.132
3/2/2023 13:00,-2.118
3/2/2023 14:00,-2.107
3/2/2023 15:00,-2.098
3/2/2023 16:00,-2.086
3/2/2023 17:00,-2.063
3/2/2023 18:00,-2.049
3/2/2023 19:00,-2.057
3/2/2023 20:00,-2.052
3/2/2023 21:00,-2.065
3/2/2023 22:00,-2.07
3/2/2023 23:00,-2.073
3/3/2023 0:00,-2.09
3/3/2023 1:00,-2.101
3/3/2023 2:00,-2.111
3/3/2023 3:00,-2.119
3/3/2023 4:00,-2.152
3/3/2023 5:00,-2.155
3/3/2023 6:00,-2.167
3/3/2023 7:00,-2.17
3/3/2023 8:00,-2.176
3/3/2023 9:00,-2.164
3/3/2023 10:00,-2.152
3/3/2023 11:00,-2.16
3/3/2023 12:00,-2.175
3/3/2023 13:00,-2.202
3/3/2023 14:00,-2.197
3/3/2023 15:00,-2.149
3/3/2023 16:00,-2.084
3/3/2023 17:00,-2.034
3/3/2023 18:00,-2.018
3/3/2023 19:00,-2.012
3/3/2023 20:00,-2.028
3/3/2023 21:00,-2.067
3/3/2023 22:00,-2.103
3/3/2023 23:00,-2.101
3/4/2023 0:00,-2.117
3/4/2023 1:00,-2.131
3/4/2023 2:00,-2.137
3/4/2023 3:00,-2.143
3/4/2023 4:00,-2.156
3/4/2023 5:00,-2.166
3/4/2023 6:00,-2.188
3/4/2023 7:00,-2.197
3/4/2023 8:00,-2.204
3/4/2023 9:00,-2.204
3/4/2023 10:00,-2.221
3/4/2023 11:00,-2.261
3/4/2023 12:00,-2.329
3/4/2023 13:00,-2.337
3/4/2023 14:00,-2.298
3/4/2023 15:00,-2.191
3/4/2023 16:00,-2.086
3/4/2023 17:00,-2.037
3/4/2023 18:00,-2.023
3/4/2023 19:00,-2.016
3/4/2023 20:00,-2.038
3/4/2023 21:00,-2.068
3/4/2023 22:00,-2.092
3/4/2023 23:00,-2.099
3/5/2023 0:00,-2.114
3/5/2023 1:00,-2.112
3/5/2023 2:00,-2.125
3/5/2023 3:00,-2.126
3/5/2023 4:00,-2.13
3/5/2023 5:00,-2.138
3/5/2023 6:00,-2.134
3/5/2023 7:00,-2.142
3/5/2023 8:00,-2.142
3/5/2023 9:00,-2.144
3/5/2023 10:00,-2.141
3/5/2023 11:00,-2.147
3/5/2023 12:00,-2.137
3/5/2023 13:00,-2.14
3/5/2023 14:00,-2.124
3/5/2023 15:00,-2.114
3/5/2023 16:00,-2.111
3/5/2023 17:00,-2.101
3/5/2023 18:00,-2.105
3/5/2023 19:00,-2.105
3/5/2023 20:00,-2.104
3/5/2023 21:00,-2.11
3/5/2023 22:00,-2.101
3/5/2023 23:00,-2.117
3/6/2023 0:00,-2.123
3/6/2023 1:00,-2.128
3/6/2023 2:00,-2.134
3/6/2023 3:00,-2.146
3/6/2023 4:00,-2.146
3/6/2023 5:00,-2.15
3/6/2023 6:00,-2.154
3/6/2023 7:00,-2.153
3/6/2023 8:00,-2.153
3/6/2023 9:00,-2.159
3/6/2023 10:00,-2.17
3/6/2023 11:00,-2.172
3/6/2023 12:00,-2.166
3/6/2023 13:00,-2.153
3/6/2023 14:00,-2.13
3/6/2023 15:00,-2.109
3/6/2023 16:00,-2.097
3/6/2023 17:00,-2.091
3/6/2023 18:00,-2.085
3/6/2023 19:00,-2.088
3/6/2023 20:00,-2.089
3/6/2023 21:00,-2.1
3/6/2023 22:00,-2.139
3/6/2023 23:00,-2.159
3/7/2023 0:00,-2.169
3/7/2023 1:00,-2.174
3/7/2023 2:00,-2.192
3/7/2023 3:00,-2.22
3/7/2023 4:00,-2.246
3/7/2023 5:00,-2.286
3/7/2023 6:00,-2.326
3/7/2023 7:00,-2.345
3/7/2023 8:00,-2.337
3/7/2023 9:00,-2.315
3/7/2023 10:00,-2.307
3/7/2023 11:00,-2.304
3/7/2023 12:00,-2.318
3/7/2023 13:00,-2.303
3/7/2023 14:00,-2.25
3/7/2023 15:00,-2.119
3/7/2023 16:00,-2.047
3/7/2023 17:00,-2.019
3/7/2023 18:00,-2.017
3/7/2023 19:00,-2.046
3/7/2023 20:00,-2.074
3/7/2023 21:00,-2.109
3/7/2023 22:00,-2.154
3/7/2023 23:00,-2.15
3/8/2023 0:00,-2.185
3/8/2023 1:00,-2.214
3/8/2023 2:00,-2.244
3/8/2023 3:00,-2.284
3/8/2023 4:00,-2.336
3/8/2023 5:00,-2.336
3/8/2023 6:00,-2.331
3/8/2023 7:00,-2.329
3/8/2023 8:00,-2.326
3/8/2023 9:00,-2.332
3/8/2023 10:00,-2.341
3/8/2023 11:00,-2.345
3/8/2023 12:00,-2.371
3/8/2023 13:00,-2.364
3/8/2023 14:00,-2.271
3/8/2023 15:00,-2.133
3/8/2023 16:00,-2.059
3/8/2023 17:00,-2.045
3/8/2023 18:00,-2.03
3/8/2023 19:00,-2.052
3/8/2023 20:00,-2.078
3/8/2023 21:00,-2.124
3/8/2023 22:00,-2.134
3/8/2023 23:00,-2.145
3/9/2023 0:00,-2.181
3/9/2023 1:00,-2.184
3/9/2023 2:00,-2.183
3/9/2023 3:00,-2.196
3/9/2023 4:00,-2.202
3/9/2023 5:00,-2.214
3/9/2023 6:00,-2.216
3/9/2023 7:00,-2.219
3/9/2023 8:00,-2.222
3/9/2023 9:00,-2.231
3/9/2023 10:00,-2.25
3/9/2023 11:00,-2.265
3/9/2023 12:00,-2.251
3/9/2023 13:00,-2.209
3/9/2023 14:00,-2.153
3/9/2023 15:00,-2.113
3/9/2023 16:00,-2.122
3/9/2023 17:00,-2.128
3/9/2023 18:00,-2.13
3/9/2023 19:00,-2.129
3/9/2023 20:00,-2.143
3/9/2023 21:00,-2.143
3/9/2023 22:00,-2.148
3/9/2023 23:00,-2.157
3/10/2023 0:00,-2.175
3/10/2023 1:00,-2.218
3/10/2023 2:00,-2.259
3/10/2023 3:00,-2.289
3/10/2023 4:00,-2.305
3/10/2023 5:00,-2.311
3/10/2023 6:00,-2.295
3/10/2023 7:00,-2.272
3/10/2023 8:00,-2.241
3/10/2023 9:00,-2.227
3/10/2023 10:00,-2.208
3/10/2023 11:00,-2.203
3/10/2023 12:00,-2.188
3/10/2023 13:00,-2.176
3/10/2023 14:00,-2.154
3/10/2023 15:00,-2.126
3/10/2023 16:00,-2.09
3/10/2023 17:00,-2.08
3/10/2023 18:00,-2.073
3/10/2023 19:00,-2.099
3/10/2023 20:00,-2.128
3/10/2023 21:00,-2.136
3/10/2023 22:00,-2.165
3/10/2023 23:00,-2.178
3/11/2023 0:00,-2.219
3/11/2023 1:00,-2.212
3/11/2023 2:00,-2.193
3/11/2023 3:00,-2.195
3/11/2023 4:00,-2.193
3/11/2023 5:00,-2.194
3/11/2023 6:00,-2.207
3/11/2023 7:00,-2.202
3/11/2023 8:00,-2.206
3/11/2023 9:00,-2.208
3/11/2023 10:00,-2.197
3/11/2023 11:00,-2.197
3/11/2023 12:00,-2.19
3/11/2023 13:00,-2.177
3/11/2023 14:00,-2.158
3/11/2023 15:00,-2.154
3/11/2023 16:00,-2.154
3/11/2023 17:00,-2.151
3/11/2023 18:00,-2.137
3/11/2023 19:00,-2.133
3/11/2023 20:00,-2.124
3/11/2023 21:00,-2.127
3/11/2023 22:00,-2.129
3/11/2023 23:00,-2.141
3/12/2023 0:00,-2.165
3/12/2023 1:00,-2.185
3/12/2023 2:00,-2.212
3/12/2023 3:00,-2.228
3/12/2023 4:00,-2.229
3/12/2023 5:00,-2.227
3/12/2023 6:00,-2.242
3/12/2023 7:00,-2.255
3/12/2023 8:00,-2.264
3/12/2023 9:00,-2.267
3/12/2023 10:00,-2.262
3/12/2023 11:00,-2.266
3/12/2023 12:00,-2.264
3/12/2023 13:00,-2.241
3/12/2023 14:00,-2.192
3/12/2023 15:00,-2.138
3/12/2023 16:00,-2.094
3/12/2023 17:00,-2.093
3/12/2023 18:00,-2.121
3/12/2023 19:00,-2.125
3/12/2023 20:00,-2.14
3/12/2023 21:00,-2.131
3/12/2023 22:00,-2.134
3/12/2023 23:00,-2.141
3/13/2023 0:00,-2.143
3/13/2023 1:00,-2.153
3/13/2023 2:00,-2.168
3/13/2023 3:00,-2.194
3/13/2023 4:00,-2.214
3/13/2023 5:00,-2.226
3/13/2023 6:00,-2.242
3/13/2023 7:00,-2.245
3/13/2023 8:00,-2.246
3/13/2023 9:00,-2.256
3/13/2023 10:00,-2.253
3/13/2023 11:00,-2.245
3/13/2023 12:00,-2.223
3/13/2023 13:00,-2.185
3/13/2023 14:00,-2.146
3/13/2023 15:00,-2.144
3/13/2023 16:00,-2.144
3/13/2023 17:00,-2.119
3/13/2023 18:00,-2.119
3/13/2023 19:00,-2.106
3/13/2023 20:00,-2.099
3/13/2023 21:00,-2.108
3/13/2023 22:00,-2.116
3/13/2023 23:00,-2.138
3/14/2023 0:00,-2.142
3/14/2023 1:00,-2.154
3/14/2023 2:00,-2.184
3/14/2023 3:00,-2.172
3/14/2023 4:00,-2.176
3/14/2023 5:00,-2.191
3/14/2023 6:00,-2.286
3/14/2023 7:00,-2.326
3/14/2023 8:00,-2.322
3/14/2023 9:00,-2.324
3/14/2023 10:00,-2.314
3/14/2023 11:00,-2.278
3/14/2023 12:00,-2.212
3/14/2023 13:00,-2.138
3/14/2023 14:00,-2.098
3/14/2023 15:00,-2.091
3/14/2023 16:00,-2.095
3/14/2023 17:00,-2.099
3/14/2023 18:00,-2.101
3/14/2023 19:00,-2.108
3/14/2023 20:00,-2.099
3/14/2023 21:00,-2.1
3/14/2023 22:00,-2.12
3/14/2023 23:00,-2.136
3/15/2023 0:00,-2.158
3/15/2023 1:00,-2.18
3/15/2023 2:00,-2.179
3/15/2023 3:00,-2.195
3/15/2023 4:00,-2.2
3/15/2023 5:00,-2.209
3/15/2023 6:00,-2.213
3/15/2023 7:00,-2.22
3/15/2023 8:00,-2.206
3/15/2023 9:00,-2.236
3/15/2023 10:00,-2.21
3/15/2023 11:00,-2.188
3/15/2023 12:00,-2.165
3/15/2023 13:00,-2.149
3/15/2023 14:00,-2.144
3/15/2023 15:00,-2.105
3/15/2023 16:00,-2.111
3/15/2023 17:00,-2.094
3/15/2023 18:00,-2.107
3/15/2023 19:00,-2.072
3/15/2023 20:00,-2.105
3/15/2023 21:00,-2.104
3/15/2023 22:00,-2.11
3/15/2023 23:00,-2.11
3/16/2023 0:00,-2.101
3/16/2023 1:00,-2.11
3/16/2023 2:00,-2.127
3/16/2023 3:00,-2.134
3/16/2023 4:00,-2.14
3/16/2023 5:00,-2.156
3/16/2023 6:00,-2.163
3/16/2023 7:00,-2.184
3/16/2023 8:00,-2.19
3/16/2023 9:00,-2.208
3/16/2023 10:00,-2.208
3/16/2023 11:00,-2.197
3/16/2023 12:00,-2.154
3/16/2023 13:00,-2.123
3/16/2023 14:00,-2.128
3/16/2023 15:00,-2.137
3/16/2023 16:00,-2.154
3/16/2023 17:00,-2.164
3/16/2023 18:00,-2.141
3/16/2023 19:00,-2.146
3/16/2023 20:00,-2.181
3/16/2023 21:00,-2.19
3/16/2023 22:00,-2.231
3/16/2023 23:00,-2.281
3/17/2023 0:00,-2.308
3/17/2023 1:00,-2.332
3/17/2023 2:00,-2.377
3/17/2023 3:00,-2.401
3/17/2023 4:00,-2.469
3/17/2023 5:00,-2.558
3/17/2023 6:00,-2.581
3/17/2023 7:00,-2.572
3/17/2023 8:00,-2.553
3/17/2023 9:00,-2.546
3/17/2023 10:00,-2.516
3/17/2023 11:00,-2.44
3/17/2023 12:00,-2.228
3/17/2023 13:00,-2.178
3/17/2023 14:00,-2.124
3/17/2023 15:00,-2.07
3/17/2023 16:00,-2.043
3/17/2023 17:00,-2.084
3/17/2023 18:00,-2.122
3/17/2023 19:00,-2.135
3/17/2023 20:00,-2.189
3/17/2023 21:00,-2.23
3/17/2023 22:00,-2.275
3/17/2023 23:00,-2.405
3/18/2023 0:00,-2.435
3/18/2023 1:00,-2.467
3/18/2023 2:00,-2.633
3/18/2023 3:00,-2.678
3/18/2023 4:00,-2.714
3/18/2023 5:00,-2.669
3/18/2023 6:00,-2.698
3/18/2023 7:00,-2.687
3/18/2023 8:00,-2.768
3/18/2023 9:00,-2.834
3/18/2023 10:00,-2.848
3/18/2023 11:00,-2.812
3/18/2023 12:00,-2.512
3/18/2023 13:00,-2.3
3/18/2023 14:00,-2.207
3/18/2023 15:00,-2.114
3/18/2023 16:00,-2.081
3/18/2023 17:00,-2.097
3/18/2023 18:00,-2.13
3/18/2023 19:00,-2.181
3/18/2023 20:00,-2.215
3/18/2023 21:00,-2.25
3/18/2023 22:00,-2.282
3/18/2023 23:00,-2.312
3/19/2023 0:00,-2.34
3/19/2023 1:00,-2.373
3/19/2023 2:00,-2.449
3/19/2023 3:00,-2.505
3/19/2023 4:00,-2.578
3/19/2023 5:00,-2.625
3/19/2023 6:00,-2.649
3/19/2023 7:00,-2.631
3/19/2023 8:00,-2.59
3/19/2023 9:00,-2.597
3/19/2023 10:00,-2.67
3/19/2023 11:00,-2.539
3/19/2023 12:00,-2.212
3/19/2023 13:00,-2.117
3/19/2023 14:00,-2.067
3/19/2023 15:00,-1.971
3/19/2023 16:00,-1.952
3/19/2023 17:00,-1.987
3/19/2023 18:00,-2.036
3/19/2023 19:00,-2.071
3/19/2023 20:00,-2.126
3/19/2023 21:00,-2.145
3/19/2023 22:00,-2.168
3/19/2023 23:00,-2.189
3/20/2023 0:00,-2.2
3/20/2023 1:00,-2.207
3/20/2023 2:00,-2.213
3/20/2023 3:00,-2.231
3/20/2023 4:00,-2.27
3/20/2023 5:00,-2.326
3/20/2023 6:00,-2.367
3/20/2023 7:00,-2.411
3/20/2023 8:00,-2.457
3/20/2023 9:00,-2.498
3/20/2023 10:00,-2.455
3/20/2023 11:00,-2.176
3/20/2023 12:00,-2.098
3/20/2023 13:00,-2.144
3/20/2023 14:00,-2.145
3/20/2023 15:00,-2.191
3/20/2023 16:00,-2.194
3/20/2023 17:00,-2.211
3/20/2023 18:00,-2.216
3/20/2023 19:00,-2.227
3/20/2023 20:00,-2.218
3/20/2023 21:00,-2.225
3/20/2023 22:00,-2.236
3/20/2023 23:00,-2.24
3/21/2023 0:00,-2.238
3/21/2023 1:00,-2.234
3/21/2023 2:00,-2.234
3/21/2023 3:00,-2.236
3/21/2023 4:00,-2.243
3/21/2023 5:00,-2.243
3/21/2023 6:00,-2.251
3/21/2023 7:00,-2.268
3/21/2023 8:00,-2.286
3/21/2023 9:00,-2.287
3/21/2023 10:00,-2.28
3/21/2023 11:00,-2.247
3/21/2023 12:00,-2.206
3/21/2023 13:00,-2.207
3/21/2023 14:00,-2.192
3/21/2023 15:00,-2.212
3/21/2023 16:00,-2.214
3/21/2023 17:00,-2.205
3/21/2023 18:00,-2.223
3/21/2023 19:00,-2.226
3/21/2023 20:00,-2.232
3/21/2023 21:00,-2.202
3/21/2023 22:00,-2.226
3/21/2023 23:00,-2.225
3/22/2023 0:00,-2.248
3/22/2023 1:00,-2.223
3/22/2023 2:00,-2.255
3/22/2023 3:00,-2.225
3/22/2023 4:00,-2.228
3/22/2023 5:00,-2.242
3/22/2023 6:00,-2.247
3/22/2023 7:00,-2.253
3/22/2023 8:00,-2.224
3/22/2023 9:00,-2.235
3/22/2023 10:00,-2.226
3/22/2023 11:00,-2.225
3/22/2023 12:00,-2.103
3/22/2023 13:00,-2.068
3/22/2023 14:00,-2.032
3/22/2023 15:00,-2.011
3/22/2023 16:00,-2.003
3/22/2023 17:00,-2.002
3/22/2023 18:00,-2.004
3/22/2023 19:00,-1.996
3/22/2023 20:00,-2.02
3/22/2023 21:00,-2.026
3/22/2023 22:00,-2.049
3/22/2023 23:00,-2.058
3/23/2023 0:00,-2.073
3/23/2023 1:00,-2.103
3/23/2023 2:00,-2.163
3/23/2023 3:00,-2.206
3/23/2023 4:00,-2.226
3/23/2023 5:00,-2.257
3/23/2023 6:00,-2.236
3/23/2023 7:00,-2.219
3/23/2023 8:00,-2.192
3/23/2023 9:00,-2.167
3/23/2023 10:00,-2.149
3/23/2023 11:00,-2.028
3/23/2023 12:00,-1.961
3/23/2023 13:00,-1.904
3/23/2023 14:00,-1.911
3/23/2023 15:00,-1.967
3/23/2023 16:00,-1.979
3/23/2023 17:00,-1.984
3/23/2023 18:00,-1.996
3/23/2023 19:00,-1.998
3/23/2023 20:00,-2.04
3/23/2023 21:00,-2.071
3/23/2023 22:00,-2.08
3/23/2023 23:00,-2.108
3/24/2023 0:00,-2.121
3/24/2023 1:00,-2.135
3/24/2023 2:00,-2.161
3/24/2023 3:00,-2.173
3/24/2023 4:00,-2.192
3/24/2023 5:00,-2.143
3/24/2023 6:00,-2.138
3/24/2023 7:00,-2.14
3/24/2023 8:00,-2.141
3/24/2023 9:00,-2.139
3/24/2023 10:00,-2.135
3/24/2023 11:00,-2.086
3/24/2023 12:00,-2.042
3/24/2023 13:00,-2.018
3/24/2023 14:00,-2.031
3/24/2023 15:00,-2.036
3/24/2023 16:00,-2.063
3/24/2023 17:00,-2.077
3/24/2023 18:00,-2.108
3/24/2023 19:00,-2.139
3/24/2023 20:00,-2.173
3/24/2023 21:00,-2.225
3/24/2023 22:00,-2.257
3/24/2023 23:00,-2.308
3/25/2023 0:00,-2.369
3/25/2023 1:00,-2.324
3/25/2023 2:00,-2.329
3/25/2023 3:00,-2.352
3/25/2023 4:00,-2.379
3/25/2023 5:00,-2.399
3/25/2023 6:00,-2.447
3/25/2023 7:00,-2.482
3/25/2023 8:00,-2.466
3/25/2023 9:00,-2.413
3/25/2023 10:00,-2.335
3/25/2023 11:00,-2.333
3/25/2023 12:00,-2.281
3/25/2023 13:00,-2.258
3/25/2023 14:00,-2.273
3/25/2023 15:00,-2.345
3/25/2023 16:00,-2.442
3/25/2023 17:00,-2.474
3/25/2023 18:00,-2.569
3/25/2023 19:00,-2.624
3/25/2023 20:00,-2.69
3/25/2023 21:00,-2.763
3/25/2023 22:00,-2.804
3/25/2023 23:00,-2.854
3/26/2023 0:00,-2.865
3/26/2023 1:00,-2.903
3/26/2023 2:00,-2.976
3/26/2023 3:00,-2.968
3/26/2023 4:00,-3.024
3/26/2023 5:00,-2.908
3/26/2023 6:00,-2.716
3/26/2023 7:00,-2.459
3/26/2023 8:00,-2.543
3/26/2023 9:00,-2.421
3/26/2023 10:00,-2.244
3/26/2023 11:00,-2.103
3/26/2023 12:00,-2.056
3/26/2023 13:00,-1.962
3/26/2023 14:00,-1.969
3/26/2023 15:00,-2.151
3/26/2023 16:00,-2.52
3/26/2023 17:00,-2.681
3/26/2023 18:00,-2.876
3/26/2023 19:00,-3.074
3/26/2023 20:00,-3.212
3/26/2023 21:00,-3.357
3/26/2023 22:00,-3.456
3/26/2023 23:00,-3.542
3/27/2023 0:00,-3.586
3/27/2023 1:00,-3.638
3/27/2023 2:00,-3.661
3/27/2023 3:00,-3.672
3/27/2023 4:00,-3.693
3/27/2023 5:00,-3.501
3/27/2023 6:00,-3.311
3/27/2023 7:00,-3.147
3/27/2023 8:00,-3.051
3/27/2023 9:00,-2.96
3/27/2023 10:00,-2.665
3/27/2023 11:00,-2.627
3/27/2023 12:00,-2.652
3/27/2023 13:00,-2.867
3/27/2023 14:00,-3.21
3/27/2023 15:00,-3.461
3/27/2023 16:00,-3.739
3/27/2023 17:00,-3.847
3/27/2023 18:00,-3.94
3/27/2023 19:00,-3.979
3/27/2023 20:00,-4.023
3/27/2023 21:00,-4.052
3/27/2023 22:00,-4.108
3/27/2023 23:00,-4.147
3/28/2023 0:00,-4.181
3/28/2023 1:00,-4.129
3/28/2023 2:00,-4.1
3/28/2023 3:00,-3.824
3/28/2023 4:00,-3.125
3/28/2023 5:00,-2.875
3/28/2023 6:00,-2.523
3/28/2023 7:00,-2.158
3/28/2023 8:00,-2.007
3/28/2023 9:00,-2.646
3/28/2023 10:00,-2.438
3/28/2023 11:00,-2.34
3/28/2023 12:00,-2.09
3/28/2023 13:00,-2.145
3/28/2023 14:00,-2.257
3/28/2023 15:00,-2.356
3/28/2023 16:00,-2.776
3/28/2023 17:00,-3.165
3/28/2023 18:00,-3.44
3/28/2023 19:00,-3.751
3/28/2023 20:00,-4.01
3/28/2023 21:00,-4.105
3/28/2023 22:00,-4.149
3/28/2023 23:00,-4.185
3/29/2023 0:00,-4.199
3/29/2023 1:00,3.786
3/29/2023 2:00,28.449
3/29/2023 3:00,35.081
3/29/2023 4:00,36.148
3/29/2023 5:00,35.854
3/29/2023 6:00,35.233
3/29/2023 7:00,34.828
3/29/2023 8:00,36.177
3/29/2023 9:00,30.499
3/29/2023 10:00,29.398
3/29/2023 11:00,28.478
3/29/2023 12:00,20.459
3/29/2023 13:00,-4.107
3/29/2023 14:00,-4.208
3/29/2023 15:00,-4.217
3/29/2023 16:00,-4.237
3/29/2023 17:00,-4.24
3/29/2023 18:00,-4.244
3/29/2023 19:00,-4.247
3/29/2023 20:00,-4.247
3/29/2023 21:00,-4.269
3/29/2023 22:00,-4.261
3/29/2023 23:00,-4.263
3/30/2023 0:00,-4.265
3/30/2023 1:00,-3.803
3/30/2023 2:00,37.009
3/30/2023 3:00,37.004
3/30/2023 4:00,37.001
3/30/2023 5:00,37.001
3/30/2023 6:00,36.989
3/30/2023 7:00,36.988
3/30/2023 8:00,37.033
3/30/2023 9:00,36.796
3/30/2023 10:00,1.372
3/30/2023 11:00,0.919
3/30/2023 12:00,0.697
3/30/2023 13:00,0.543
3/30/2023 14:00,0.435
3/30/2023 15:00,0.398
3/30/2023 16:00,0.354
3/30/2023 17:00,0.394
3/30/2023 18:00,0.397
3/30/2023 19:00,0.399
3/30/2023 20:00,0.378
3/30/2023 21:00,0.371
3/30/2023 22:00,0.356
3/30/2023 23:00,1.333
3/31/2023 0:00,-0.719
3/31/2023 1:00,-1
3/31/2023 2:00,-1.582
3/31/2023 3:00,-1.796
3/31/2023 4:00,-2.221
3/31/2023 5:00,-2.81
3/31/2023 6:00,-3.129
3/31/2023 7:00,-3.9
3/31/2023 8:00,-2.776
3/31/2023 9:00,-0.646
3/31/2023 10:00,-1.017
3/31/2023 11:00,-0.676
3/31/2023 12:00,-0.625
3/31/2023 13:00,0.074
3/31/2023 14:00,3.428
3/31/2023 15:00,1.899
3/31/2023 16:00,0.559
3/31/2023 17:00,0.396
3/31/2023 18:00,0.404
3/31/2023 19:00,0.547
3/31/2023 20:00,0.711
3/31/2023 21:00,-1.648
3/31/2023 22:00,-2.706
3/31/2023 23:00,-2.977
4/1/2023 0:00,-3.243
4/1/2023 1:00,-3.206
4/1/2023 2:00,-3.39
4/1/2023 3:00,-3.781
4/1/2023 4:00,-4.241
4/1/2023 5:00,-4.616
4/1/2023 6:00,-4.095
4/1/2023 7:00,-4.772
4/1/2023 8:00,-2.907
4/1/2023 9:00,0.839
4/1/2023 10:00,0.4
4/1/2023 11:00,0.409
4/1/2023 12:00,0.395
4/1/2023 13:00,0.366
4/1/2023 14:00,0.336
4/1/2023 15:00,0.352
4/1/2023 16:00,0.334
4/1/2023 17:00,0.316
4/1/2023 18:00,0.361
4/1/2023 19:00,0.38
4/1/2023 20:00,0.393
4/1/2023 21:00,0.426
4/1/2023 22:00,0.442
4/1/2023 23:00,0.443
4/2/2023 0:00,0.433
4/2/2023 1:00,0.434
4/2/2023 2:00,0.426
4/2/2023 3:00,0.419
4/2/2023 4:00,0.416
4/2/2023 5:00,0.421
4/2/2023 6:00,0.424
4/2/2023 7:00,0.419
4/2/2023 8:00,0.423
4/2/2023 9:00,0.376
4/2/2023 10:00,0.364
4/2/2023 11:00,0.337
4/2/2023 12:00,0.338
4/2/2023 13:00,0.319
4/2/2023 14:00,0.308
4/2/2023 15:00,0.301
4/2/2023 16:00,0.287
4/2/2023 17:00,0.28
4/2/2023 18:00,0.31
4/2/2023 19:00,0.325
4/2/2023 20:00,0.338
4/2/2023 21:00,0.359
4/2/2023 22:00,0.376
4/2/2023 23:00,0.385
4/3/2023 0:00,0.37
4/3/2023 1:00,0.392
4/3/2023 2:00,0.635
4/3/2023 3:00,0.909
4/3/2023 4:00,0.956
4/3/2023 5:00,0.956
4/3/2023 6:00,0.969
4/3/2023 7:00,0.976
4/3/2023 8:00,0.858
4/3/2023 9:00,0.374
4/3/2023 10:00,0.259
4/3/2023 11:00,0.133
4/3/2023 12:00,0.149
4/3/2023 13:00,0.127
4/3/2023 14:00,0.097
4/3/2023 15:00,0.06
4/3/2023 16:00,0.076
4/3/2023 17:00,0.088
4/3/2023 18:00,0.131
4/3/2023 19:00,0.159
4/3/2023 20:00,0.185
4/3/2023 21:00,0.194
4/3/2023 22:00,0.21
4/3/2023 23:00,0.211
4/4/2023 0:00,0.192
4/4/2023 1:00,0.205
4/4/2023 2:00,0.203
4/4/2023 3:00,0.192
4/4/2023 4:00,0.201
4/4/2023 5:00,0.188
4/4/2023 6:00,0.196
4/4/2023 7:00,0.199
4/4/2023 8:00,0.195
4/4/2023 9:00,0.189
4/4/2023 10:00,0.21
4/4/2023 11:00,0.216
4/4/2023 12:00,0.269
4/4/2023 13:00,0.244
4/4/2023 14:00,0.236
4/4/2023 15:00,0.226
4/4/2023 16:00,0.22
4/4/2023 17:00,0.233
4/4/2023 18:00,0.238
4/4/2023 19:00,0.245
4/4/2023 20:00,0.246
4/4/2023 21:00,0.255
4/4/2023 22:00,2.381
4/4/2023 23:00,2.549
4/5/2023 0:00,2.519
4/5/2023 1:00,2.459
4/5/2023 2:00,2.412
4/5/2023 3:00,2.369
4/5/2023 4:00,2.301
4/5/2023 5:00,2.051
4/5/2023 6:00,1.922
4/5/2023 7:00,1.915
4/5/2023 8:00,2.078
4/5/2023 9:00,2.013
4/5/2023 10:00,1.832
4/5/2023 11:00,0.629
4/5/2023 12:00,0.275
4/5/2023 13:00,0.283
4/5/2023 14:00,0.287
4/5/2023 15:00,0.285
4/5/2023 16:00,0.271
4/5/2023 17:00,0.265
4/5/2023 18:00,0.25
4/5/2023 19:00,0.317
4/5/2023 20:00,1.473
4/5/2023 21:00,1.109
4/5/2023 22:00,0.991
4/5/2023 23:00,0.853
4/6/2023 0:00,0.704
4/6/2023 1:00,0.496
4/6/2023 2:00,0.385
4/6/2023 3:00,0.347
4/6/2023 4:00,0.277
4/6/2023 5:00,0.303
4/6/2023 6:00,0.319
4/6/2023 7:00,0.314
4/6/2023 8:00,0.364
4/6/2023 9:00,0.646
4/6/2023 10:00,1.836
4/6/2023 11:00,1.068
4/6/2023 12:00,0.446
4/6/2023 13:00,0.278
4/6/2023 14:00,0.309
4/6/2023 15:00,0.251
4/6/2023 16:00,0.176
4/6/2023 17:00,0.191
4/6/2023 18:00,0.236
4/6/2023 19:00,0.264
4/6/2023 20:00,0.325
4/6/2023 21:00,0.337
4/6/2023 22:00,0.323
4/6/2023 23:00,0.221
4/7/2023 0:00,0.145
4/7/2023 1:00,0.075
4/7/2023 2:00,-0.118
4/7/2023 3:00,-0.222
4/7/2023 4:00,-0.277
4/7/2023 5:00,-0.35
4/7/2023 6:00,-0.349
4/7/2023 7:00,-0.379
4/7/2023 8:00,-0.25
4/7/2023 9:00,1.574
4/7/2023 10:00,0.415
4/7/2023 11:00,0.329
4/7/2023 12:00,0.29
4/7/2023 13:00,0.221
4/7/2023 14:00,0.113
4/7/2023 15:00,0.131
4/7/2023 16:00,0.064
4/7/2023 17:00,0.076
4/7/2023 18:00,0.105
4/7/2023 19:00,0.174
4/7/2023 20:00,0.214
4/7/2023 21:00,0.292
4/7/2023 22:00,0.293
4/7/2023 23:00,0.293
4/8/2023 0:00,0.251
4/8/2023 1:00,0.153
4/8/2023 2:00,0.107
4/8/2023 3:00,0.073
4/8/2023 4:00,0.057
4/8/2023 5:00,0.097
4/8/2023 6:00,0.058
4/8/2023 7:00,0
4/8/2023 8:00,0.163
4/8/2023 9:00,1.3
4/8/2023 10:00,0.278
4/8/2023 11:00,0.239
4/8/2023 12:00,0.141
4/8/2023 13:00,0.135
4/8/2023 14:00,0.171
4/8/2023 15:00,0.16
4/8/2023 16:00,0.179
4/8/2023 17:00,0.127
4/8/2023 18:00,0.147
4/8/2023 19:00,0.179
4/8/2023 20:00,0.193
4/8/2023 21:00,0.201
4/8/2023 22:00,0.198
4/8/2023 23:00,0.273
4/9/2023 0:00,0.273
4/9/2023 1:00,0.276
4/9/2023 2:00,0.465
4/9/2023 3:00,0.616
4/9/2023 4:00,0.551
4/9/2023 5:00,0.46
4/9/2023 6:00,0.405
4/9/2023 7:00,0.331
4/9/2023 8:00,0.6
4/9/2023 9:00,1.586
4/9/2023 10:00,0.278
4/9/2023 11:00,0.192
4/9/2023 12:00,-0.009
4/9/2023 13:00,0.07
4/9/2023 14:00,0.091
4/9/2023 15:00,0.066
4/9/2023 16:00,0.053
4/9/2023 17:00,0.052
4/9/2023 18:00,0.096
4/9/2023 19:00,0.168
4/9/2023 20:00,0.211
4/9/2023 21:00,0.249
4/9/2023 22:00,0.266
4/9/2023 23:00,0.28
4/10/2023 0:00,0.292
4/10/2023 1:00,0.292
4/10/2023 2:00,0.294
4/10/2023 3:00,0.291
4/10/2023 4:00,0.3
4/10/2023 5:00,0.456
4/10/2023 6:00,0.524
4/10/2023 7:00,0.598
4/10/2023 8:00,1
4/10/2023 9:00,1.06
4/10/2023 10:00,0.058
4/10/2023 11:00,-0.009
4/10/2023 12:00,0.03
4/10/2023 13:00,0.112
4/10/2023 14:00,0.085
4/10/2023 15:00,0.074
4/10/2023 16:00,0.048
4/10/2023 17:00,0.062
4/10/2023 18:00,0.076
4/10/2023 19:00,0.077
4/10/2023 20:00,0.083
4/10/2023 21:00,0.103
4/10/2023 22:00,0.123
4/10/2023 23:00,0.16
4/11/2023 0:00,0.166
4/11/2023 1:00,0.171
4/11/2023 2:00,0.186
4/11/2023 3:00,0.169
4/11/2023 4:00,0.177
4/11/2023 5:00,0.167
4/11/2023 6:00,0.159
4/11/2023 7:00,0.161
4/11/2023 8:00,0.157
4/11/2023 9:00,0.148
4/11/2023 10:00,0.14
4/11/2023 11:00,0.197
4/11/2023 12:00,0.227
4/11/2023 13:00,0.243
4/11/2023 14:00,0.219
4/11/2023 15:00,0.199
4/11/2023 16:00,0.186
4/11/2023 17:00,0.206
4/11/2023 18:00,0.237
4/11/2023 19:00,0.24
4/11/2023 20:00,0.276
4/11/2023 21:00,0.317
4/11/2023 22:00,0.355
4/11/2023 23:00,0.37
4/12/2023 0:00,0.357
4/12/2023 1:00,0.362
4/12/2023 2:00,0.356
4/12/2023 3:00,0.337
4/12/2023 4:00,0.333
4/12/2023 5:00,0.352
4/12/2023 6:00,0.36
4/12/2023 7:00,0.368
4/12/2023 8:00,0.363
4/12/2023 9:00,0.351
4/12/2023 10:00,0.338
4/12/2023 11:00,0.359
4/12/2023 12:00,0.37
4/12/2023 13:00,0.35
4/12/2023 14:00,0.31
4/12/2023 15:00,0.288
4/12/2023 16:00,0.281
4/12/2023 17:00,0.307
4/12/2023 18:00,0.344
4/12/2023 19:00,0.413
4/12/2023 20:00,0.456
4/12/2023 21:00,0.495
4/12/2023 22:00,0.511
4/12/2023 23:00,0.554
4/13/2023 0:00,0.573
4/13/2023 1:00,0.612
4/13/2023 2:00,0.647
4/13/2023 3:00,0.652
4/13/2023 4:00,0.671
4/13/2023 5:00,0.681
4/13/2023 6:00,0.678
4/13/2023 7:00,0.666
4/13/2023 8:00,0.655
4/13/2023 9:00,0.64
4/13/2023 10:00,0.619
4/13/2023 11:00,0.591
4/13/2023 12:00,0.558
4/13/2023 13:00,0.549
4/13/2023 14:00,0.526
4/13/2023 15:00,0.524
4/13/2023 16:00,0.51
4/13/2023 17:00,0.542
4/13/2023 18:00,0.571
4/13/2023 19:00,0.596
4/13/2023 20:00,0.628
4/13/2023 21:00,0.64
4/13/2023 22:00,0.66
4/13/2023 23:00,0.687
4/14/2023 0:00,0.703
4/14/2023 1:00,0.721
4/14/2023 2:00,0.719
4/14/2023 3:00,0.723
4/14/2023 4:00,0.723
4/14/2023 5:00,0.713
4/14/2023 6:00,0.708
4/14/2023 7:00,0.709
4/14/2023 8:00,0.694
4/14/2023 9:00,0.695
4/14/2023 10:00,0.671
4/14/2023 11:00,0.656
4/14/2023 12:00,0.649
4/14/2023 13:00,0.622
4/14/2023 14:00,0.604
4/14/2023 15:00,0.623
4/14/2023 16:00,0.61
4/14/2023 17:00,0.594
4/14/2023 18:00,0.598
4/14/2023 19:00,0.598
4/14/2023 20:00,0.599
4/14/2023 21:00,0.605
4/14/2023 22:00,0.616
4/14/2023 23:00,0.617
4/15/2023 0:00,0.598
4/15/2023 1:00,0.601
4/15/2023 2:00,0.584
4/15/2023 3:00,0.583
4/15/2023 4:00,0.573
4/15/2023 5:00,0.569
4/15/2023 6:00,0.532
4/15/2023 7:00,0.51
4/15/2023 8:00,0.475
4/15/2023 9:00,0.46
4/15/2023 10:00,0.421
4/15/2023 11:00,0.408
4/15/2023 12:00,0.4
4/15/2023 13:00,0.396
4/15/2023 14:00,0.383
4/15/2023 15:00,0.375
4/15/2023 16:00,0.373
4/15/2023 17:00,0.411
4/15/2023 18:00,0.429
4/15/2023 19:00,0.455
4/15/2023 20:00,0.46
4/15/2023 21:00,0.488
4/15/2023 22:00,0.502
4/15/2023 23:00,0.504
4/16/2023 0:00,0.512
4/16/2023 1:00,0.508
4/16/2023 2:00,0.5
4/16/2023 3:00,0.47
4/16/2023 4:00,0.455
4/16/2023 5:00,0.426
4/16/2023 6:00,0.401
4/16/2023 7:00,0.376
4/16/2023 8:00,0.371
4/16/2023 9:00,0.406
4/16/2023 10:00,0.356
4/16/2023 11:00,0.302
4/16/2023 12:00,0.282
4/16/2023 13:00,0.277
4/16/2023 14:00,0.284
4/16/2023 15:00,0.254
4/16/2023 16:00,0.256
4/16/2023 17:00,0.287
4/16/2023 18:00,0.344
4/16/2023 19:00,0.398
4/16/2023 20:00,0.433
4/16/2023 21:00,0.468
4/16/2023 22:00,0.487
4/16/2023 23:00,0.524
4/17/2023 0:00,0.565
4/17/2023 1:00,0.592
4/17/2023 2:00,0.603
4/17/2023 3:00,0.597
4/17/2023 4:00,0.611
4/17/2023 5:00,0.594
4/17/2023 6:00,0.559
4/17/2023 7:00,0.531
4/17/2023 8:00,0.489
4/17/2023 9:00,0.443
4/17/2023 10:00,0.401
4/17/2023 11:00,0.387
4/17/2023 12:00,0.346
4/17/2023 13:00,0.305
4/17/2023 14:00,0.283
4/17/2023 15:00,0.284
4/17/2023 16:00,0.317
4/17/2023 17:00,0.36
4/17/2023 18:00,0.408
4/17/2023 19:00,0.457
4/17/2023 20:00,0.502
4/17/2023 21:00,0.552
4/17/2023 22:00,0.606
4/17/2023 23:00,0.647
4/18/2023 0:00,0.68
4/18/2023 1:00,0.698
4/18/2023 2:00,0.728
4/18/2023 3:00,0.737
4/18/2023 4:00,0.749
4/18/2023 5:00,0.757
4/18/2023 6:00,0.755
4/18/2023 7:00,0.758
4/18/2023 8:00,0.773
4/18/2023 9:00,0.754
4/18/2023 10:00,0.789
4/18/2023 11:00,0.694
4/18/2023 12:00,0.657
4/18/2023 13:00,0.627
4/18/2023 14:00,0.588
4/18/2023 15:00,0.554
4/18/2023 16:00,0.582
4/18/2023 17:00,0.612
4/18/2023 18:00,0.638
4/18/2023 19:00,0.661
4/18/2023 20:00,0.694
4/18/2023 21:00,0.73
4/18/2023 22:00,0.768
4/18/2023 23:00,0.795
4/19/2023 0:00,0.823
4/19/2023 1:00,0.852
4/19/2023 2:00,0.873
4/19/2023 3:00,0.89
4/19/2023 4:00,0.902
4/19/2023 5:00,0.906
4/19/2023 6:00,0.901
4/19/2023 7:00,0.905
4/19/2023 8:00,0.913
4/19/2023 9:00,0.891
4/19/2023 10:00,0.882
4/19/2023 11:00,0.868
4/19/2023 12:00,0.874
4/19/2023 13:00,0.865
4/19/2023 14:00,0.858
4/19/2023 15:00,0.86
4/19/2023 16:00,0.855
4/19/2023 17:00,0.844
4/19/2023 18:00,0.867
4/19/2023 19:00,0.858
4/19/2023 20:00,0.864
4/19/2023 21:00,0.873
4/19/2023 22:00,0.874
4/19/2023 23:00,0.875
4/20/2023 0:00,0.871
4/20/2023 1:00,0.873
4/20/2023 2:00,0.87
4/20/2023 3:00,0.865
4/20/2023 4:00,0.86
4/20/2023 5:00,0.84
4/20/2023 6:00,0.822
4/20/2023 7:00,0.813
4/20/2023 8:00,0.776
4/20/2023 9:00,0.735
4/20/2023 10:00,0.676
4/20/2023 11:00,0.657
4/20/2023 12:00,0.609
4/20/2023 13:00,0.592
4/20/2023 14:00,0.546
4/20/2023 15:00,0.533
4/20/2023 16:00,0.543
4/20/2023 17:00,0.546
4/20/2023 18:00,0.565
4/20/2023 19:00,0.595
4/20/2023 20:00,0.613
4/20/2023 21:00,0.625
4/20/2023 22:00,0.647
4/20/2023 23:00,0.652
4/21/2023 0:00,0.659
4/21/2023 1:00,0.657
4/21/2023 2:00,0.662
4/21/2023 3:00,0.642
4/21/2023 4:00,0.627
4/21/2023 5:00,0.587
4/21/2023 6:00,0.545
4/21/2023 7:00,0.504
4/21/2023 8:00,0.448
4/21/2023 9:00,0.411
4/21/2023 10:00,0.373
4/21/2023 11:00,0.359
4/21/2023 12:00,0.362
4/21/2023 13:00,0.338
4/21/2023 14:00,0.322
4/21/2023 15:00,0.314
4/21/2023 16:00,0.339
4/21/2023 17:00,0.389
4/21/2023 18:00,0.408
4/21/2023 19:00,0.43
4/21/2023 20:00,0.442
4/21/2023 21:00,0.456
4/21/2023 22:00,0.451
4/21/2023 23:00,0.438
4/22/2023 0:00,0.442
4/22/2023 1:00,0.438
4/22/2023 2:00,0.427
4/22/2023 3:00,0.424
4/22/2023 4:00,0.415
4/22/2023 5:00,0.402
4/22/2023 6:00,0.389
4/22/2023 7:00,0.373
4/22/2023 8:00,0.355
4/22/2023 9:00,0.328
4/22/2023 10:00,0.306
4/22/2023 11:00,0.293
4/22/2023 12:00,0.258
4/22/2023 13:00,0.213
4/22/2023 14:00,0.204
4/22/2023 15:00,0.192
4/22/2023 16:00,0.206
4/22/2023 17:00,0.217
4/22/2023 18:00,0.229
4/22/2023 19:00,0.244
4/22/2023 20:00,0.266
4/22/2023 21:00,0.278
4/22/2023 22:00,0.286
4/22/2023 23:00,0.302
4/23/2023 0:00,0.323
4/23/2023 1:00,0.324
4/23/2023 2:00,0.33
4/23/2023 3:00,0.33
4/23/2023 4:00,0.338
4/23/2023 5:00,0.33
4/23/2023 6:00,0.319
4/23/2023 7:00,0.299
4/23/2023 8:00,0.286
4/23/2023 9:00,0.266
4/23/2023 10:00,0.245
4/23/2023 11:00,0.215
4/23/2023 12:00,0.172
4/23/2023 13:00,0.121
4/23/2023 14:00,0.1
4/23/2023 15:00,0.057
4/23/2023 16:00,0.044
4/23/2023 17:00,0.072
4/23/2023 18:00,0.095
4/23/2023 19:00,0.124
4/23/2023 20:00,0.149
4/23/2023 21:00,0.189
4/23/2023 22:00,0.22
4/23/2023 23:00,0.275
4/24/2023 0:00,0.314
4/24/2023 1:00,0.339
4/24/2023 2:00,0.368
4/24/2023 3:00,0.387
4/24/2023 4:00,0.417
4/24/2023 5:00,0.43
4/24/2023 6:00,0.434
4/24/2023 7:00,0.431
4/24/2023 8:00,0.419
4/24/2023 9:00,0.406
4/24/2023 10:00,0.374
4/24/2023 11:00,0.342
4/24/2023 12:00,0.291
4/24/2023 13:00,0.25
4/24/2023 14:00,0.212
4/24/2023 15:00,0.161
4/24/2023 16:00,0.173
4/24/2023 17:00,0.195
4/24/2023 18:00,0.211
4/24/2023 19:00,0.226
4/24/2023 20:00,0.263
4/24/2023 21:00,0.299
4/24/2023 22:00,0.332
4/24/2023 23:00,0.386
4/25/2023 0:00,0.432
4/25/2023 1:00,0.496
4/25/2023 2:00,0.515
4/25/2023 3:00,0.538
4/25/2023 4:00,0.567
4/25/2023 5:00,0.591
4/25/2023 6:00,0.596
4/25/2023 7:00,0.619
4/25/2023 8:00,0.632
4/25/2023 9:00,0.616
4/25/2023 10:00,0.601
4/25/2023 11:00,0.589
4/25/2023 12:00,0.584
4/25/2023 13:00,0.536
4/25/2023 14:00,0.497
4/25/2023 15:00,0.473
4/25/2023 16:00,0.475
4/25/2023 17:00,0.455
4/25/2023 18:00,0.48
4/25/2023 19:00,0.494
4/25/2023 20:00,0.502
4/25/2023 21:00,0.529
4/25/2023 22:00,0.568
4/25/2023 23:00,0.592
4/26/2023 0:00,0.618
4/26/2023 1:00,0.632
4/26/2023 2:00,0.663
4/26/2023 3:00,0.672
4/26/2023 4:00,0.678
4/26/2023 5:00,0.698
4/26/2023 6:00,0.717
4/26/2023 7:00,0.725
4/26/2023 8:00,0.728
4/26/2023 9:00,0.718
4/26/2023 10:00,0.71
4/26/2023 11:00,0.679
4/26/2023 12:00,0.655
4/26/2023 13:00,0.625
4/26/2023 14:00,0.59
4/26/2023 15:00,0.555
4/26/2023 16:00,0.541
4/26/2023 17:00,0.522
4/26/2023 18:00,0.518
4/26/2023 19:00,0.525
4/26/2023 20:00,0.523
4/26/2023 21:00,0.555
4/26/2023 22:00,0.58
4/26/2023 23:00,0.607
4/27/2023 0:00,0.653
4/27/2023 1:00,0.697
4/27/2023 2:00,0.735
4/27/2023 3:00,0.779
4/27/2023 4:00,0.801
4/27/2023 5:00,0.818
4/27/2023 6:00,0.855
4/27/2023 7:00,0.875
4/27/2023 8:00,0.897
4/27/2023 9:00,0.896
4/27/2023 10:00,0.885
4/27/2023 11:00,0.873
4/27/2023 12:00,0.867
4/27/2023 13:00,0.853
4/27/2023 14:00,0.829
4/27/2023 15:00,0.825
4/27/2023 16:00,0.824
4/27/2023 17:00,0.82
4/27/2023 18:00,0.836
4/27/2023 19:00,0.841
4/27/2023 20:00,0.851
4/27/2023 21:00,0.87
4/27/2023 22:00,0.878
4/27/2023 23:00,0.893
4/28/2023 0:00,0.906
4/28/2023 1:00,0.949
4/28/2023 2:00,0.953
4/28/2023 3:00,0.973
4/28/2023 4:00,1.012
4/28/2023 5:00,1.022
4/28/2023 6:00,1.046
4/28/2023 7:00,1.05
4/28/2023 8:00,1.051
4/28/2023 9:00,1.045
4/28/2023 10:00,1.037
4/28/2023 11:00,1.011
4/28/2023 12:00,1.037
4/28/2023 13:00,1.002
4/28/2023 14:00,0.971
4/28/2023 15:00,0.949
4/28/2023 16:00,0.927
4/28/2023 17:00,0.924
4/28/2023 18:00,0.921
4/28/2023 19:00,0.932
4/28/2023 20:00,0.933
4/28/2023 21:00,0.938
4/28/2023 22:00,0.934
4/28/2023 23:00,0.928
4/29/2023 0:00,0.95
4/29/2023 1:00,0.972
4/29/2023 2:00,0.974
4/29/2023 3:00,0.993
4/29/2023 4:00,0.993
4/29/2023 5:00,1
4/29/2023 6:00,1.007
4/29/2023 7:00,1.012
4/29/2023 8:00,1.016
4/29/2023 9:00,1.006
4/29/2023 10:00,0.99
4/29/2023 11:00,0.971
4/29/2023 12:00,0.953
4/29/2023 13:00,0.926
4/29/2023 14:00,0.884
4/29/2023 15:00,0.853
4/29/2023 16:00,0.831
4/29/2023 17:00,0.821
4/29/2023 18:00,0.817
4/29/2023 19:00,0.844
4/29/2023 20:00,0.841
4/29/2023 21:00,0.83
4/29/2023 22:00,0.835
4/29/2023 23:00,0.833
4/30/2023 0:00,0.861
4/30/2023 1:00,0.877
4/30/2023 2:00,0.912
4/30/2023 3:00,0.921
4/30/2023 4:00,0.949
4/30/2023 5:00,0.969
4/30/2023 6:00,1.004
4/30/2023 7:00,1.007
4/30/2023 8:00,1.026
4/30/2023 9:00,1.03
4/30/2023 10:00,1.032
4/30/2023 11:00,1.031
4/30/2023 12:00,1.016
4/30/2023 13:00,1.016
4/30/2023 14:00,0.996
4/30/2023 15:00,0.991
4/30/2023 16:00,0.985
4/30/2023 17:00,0.963
4/30/2023 18:00,0.967
4/30/2023 19:00,0.979
4/30/2023 20:00,0.981
4/30/2023 21:00,0.986
4/30/2023 22:00,0.983
4/30/2023 23:00,0.988
5/1/2023 0:00,1.003
5/1/2023 1:00,1.054
5/1/2023 2:00,1.112
5/1/2023 3:00,1.173
5/1/2023 4:00,1.243
5/1/2023 5:00,1.306
5/1/2023 6:00,1.337
5/1/2023 7:00,1.391
5/1/2023 8:00,1.392
5/1/2023 9:00,1.391
5/1/2023 10:00,1.389
5/1/2023 11:00,1.364
5/1/2023 12:00,1.333
5/1/2023 13:00,1.308
5/1/2023 14:00,1.284
5/1/2023 15:00,1.29
5/1/2023 16:00,1.285
5/1/2023 17:00,1.252
5/1/2023 18:00,1.252
5/1/2023 19:00,1.26
5/1/2023 20:00,1.255
5/1/2023 21:00,1.265
5/1/2023 22:00,1.285
5/1/2023 23:00,1.298
5/2/2023 0:00,1.352
5/2/2023 1:00,1.37
5/2/2023 2:00,1.421
5/2/2023 3:00,1.478
5/2/2023 4:00,1.519
5/2/2023 5:00,1.513
5/2/2023 6:00,1.525
5/2/2023 7:00,1.538
5/2/2023 8:00,1.519
5/2/2023 9:00,1.506
5/2/2023 10:00,1.476
5/2/2023 11:00,1.438
5/2/2023 12:00,1.459
5/2/2023 13:00,1.445
5/2/2023 14:00,1.456
5/2/2023 15:00,1.537
5/2/2023 16:00,1.503
5/2/2023 17:00,1.802
5/2/2023 18:00,1.986
5/2/2023 19:00,2.051
5/2/2023 20:00,2.06
5/2/2023 21:00,2.059
5/2/2023 22:00,2.065
5/2/2023 23:00,2.11
5/3/2023 0:00,2.11
5/3/2023 1:00,2.164
5/3/2023 2:00,2.16
5/3/2023 3:00,2.195
5/3/2023 4:00,2.212
5/3/2023 5:00,2.204
5/3/2023 6:00,2.205
5/3/2023 7:00,2.199
5/3/2023 8:00,2.183
5/3/2023 9:00,2.194
5/3/2023 10:00,2.174
5/3/2023 11:00,2.137
5/3/2023 12:00,2.147
5/3/2023 13:00,2.114
5/3/2023 14:00,2.07
5/3/2023 15:00,2.056
5/3/2023 16:00,2.02
5/3/2023 17:00,2.001
5/3/2023 18:00,1.999
5/3/2023 19:00,1.98
5/3/2023 20:00,2.04
5/3/2023 21:00,2.073
5/3/2023 22:00,2.092
5/3/2023 23:00,2.135
5/4/2023 0:00,2.224
5/4/2023 1:00,2.271
5/4/2023 2:00,2.323
5/4/2023 3:00,2.436
5/4/2023 4:00,2.531
5/4/2023 5:00,2.584
5/4/2023 6:00,2.619
5/4/2023 7:00,2.629
5/4/2023 8:00,2.618
5/4/2023 9:00,2.642
5/4/2023 10:00,2.667
5/4/2023 11:00,2.691
5/4/2023 12:00,2.688
5/4/2023 13:00,2.675
5/4/2023 14:00,2.713
5/4/2023 15:00,2.773
5/4/2023 16:00,2.69
5/4/2023 17:00,2.712
5/4/2023 18:00,2.675
5/4/2023 19:00,2.632
5/4/2023 20:00,2.636
5/4/2023 21:00,2.659
5/4/2023 22:00,2.657
5/4/2023 23:00,2.699
5/5/2023 0:00,2.717
5/5/2023 1:00,2.72
5/5/2023 2:00,2.772
5/5/2023 3:00,2.79
5/5/2023 4:00,2.802
5/5/2023 5:00,2.819
5/5/2023 6:00,2.853
5/5/2023 7:00,2.838
5/5/2023 8:00,2.796
5/5/2023 9:00,2.77
5/5/2023 10:00,2.712
5/5/2023 11:00,2.658
5/5/2023 12:00,2.647
5/5/2023 13:00,2.571
5/5/2023 14:00,2.543
5/5/2023 15:00,2.569
5/5/2023 16:00,2.5
5/5/2023 17:00,2.504
5/5/2023 18:00,2.467
5/5/2023 19:00,2.448
5/5/2023 20:00,2.407
5/5/2023 21:00,2.441
5/5/2023 22:00,2.417
5/5/2023 23:00,2.409
5/6/2023 0:00,2.419
5/6/2023 1:00,2.435
5/6/2023 2:00,2.444
5/6/2023 3:00,2.443
5/6/2023 4:00,2.436
5/6/2023 5:00,2.462
5/6/2023 6:00,2.468
5/6/2023 7:00,2.458
5/6/2023 8:00,2.454
5/6/2023 9:00,2.404
5/6/2023 10:00,2.413
5/6/2023 11:00,2.388
5/6/2023 12:00,2.37
5/6/2023 13:00,2.32
5/6/2023 14:00,2.303
5/6/2023 15:00,2.241
5/6/2023 16:00,2.132
5/6/2023 17:00,2.076
5/6/2023 18:00,2.045
5/6/2023 19:00,2.081
5/6/2023 20:00,2.114
5/6/2023 21:00,2.162
5/6/2023 22:00,2.148
5/6/2023 23:00,2.166
5/7/2023 0:00,2.107
5/7/2023 1:00,2.151
5/7/2023 2:00,2.163
5/7/2023 3:00,2.186
5/7/2023 4:00,2.167
5/7/2023 5:00,2.156
5/7/2023 6:00,2.172
5/7/2023 7:00,2.147
5/7/2023 8:00,2.157
5/7/2023 9:00,2.18
5/7/2023 10:00,2.18
5/7/2023 11:00,2.174
5/7/2023 12:00,2.175
5/7/2023 13:00,2.145
5/7/2023 14:00,2.079
5/7/2023 15:00,2.053
5/7/2023 16:00,2.006
5/7/2023 17:00,1.893
5/7/2023 18:00,1.822
5/7/2023 19:00,1.87
5/7/2023 20:00,1.898
5/7/2023 21:00,1.914
5/7/2023 22:00,1.899
5/7/2023 23:00,1.875
5/8/2023 0:00,1.857
5/8/2023 1:00,1.861
5/8/2023 2:00,1.87
5/8/2023 3:00,1.895
5/8/2023 4:00,1.922
5/8/2023 5:00,1.941
5/8/2023 6:00,1.933
5/8/2023 7:00,1.938
5/8/2023 8:00,1.962
5/8/2023 9:00,1.922
5/8/2023 10:00,1.92
5/8/2023 11:00,1.884
5/8/2023 12:00,1.87
5/8/2023 13:00,1.862
5/8/2023 14:00,1.817
5/8/2023 15:00,1.806
5/8/2023 16:00,1.77
5/8/2023 17:00,1.713
5/8/2023 18:00,1.677
5/8/2023 19:00,1.674
5/8/2023 20:00,1.675
5/8/2023 21:00,1.671
5/8/2023 22:00,1.677
5/8/2023 23:00,1.677
5/9/2023 0:00,1.686
5/9/2023 1:00,1.72
5/9/2023 2:00,1.766
5/9/2023 3:00,1.8
5/9/2023 4:00,1.837
5/9/2023 5:00,1.903
5/9/2023 6:00,1.918
5/9/2023 7:00,1.947
5/9/2023 8:00,1.969
5/9/2023 9:00,2.001
5/9/2023 10:00,1.998
5/9/2023 11:00,1.975
5/9/2023 12:00,1.878
5/9/2023 13:00,1.676
5/9/2023 14:00,1.764
5/9/2023 15:00,1.734
5/9/2023 16:00,1.674
5/9/2023 17:00,1.762
5/9/2023 18:00,1.842
5/9/2023 19:00,1.981
5/9/2023 20:00,2.06
5/9/2023 21:00,2.089
5/9/2023 22:00,2.088
5/9/2023 23:00,2.113
5/10/2023 0:00,2.124
5/10/2023 1:00,2.183
5/10/2023 2:00,2.203
5/10/2023 3:00,2.216
5/10/2023 4:00,2.253
5/10/2023 5:00,2.292
5/10/2023 6:00,2.352
5/10/2023 7:00,2.385
5/10/2023 8:00,2.502
5/10/2023 9:00,2.582
5/10/2023 10:00,2.603
5/10/2023 11:00,2.62
5/10/2023 12:00,2.535
5/10/2023 13:00,2.456
5/10/2023 14:00,2.45
5/10/2023 15:00,2.364
5/10/2023 16:00,2.383
5/10/2023 17:00,2.416
5/10/2023 18:00,2.381
5/10/2023 19:00,2.387
5/10/2023 20:00,2.349
5/10/2023 21:00,2.385
5/10/2023 22:00,2.435
5/10/2023 23:00,2.477
5/11/2023 0:00,2.527
5/11/2023 1:00,2.637
5/11/2023 2:00,2.725
5/11/2023 3:00,2.741
5/11/2023 4:00,2.787
5/11/2023 5:00,2.86
5/11/2023 6:00,2.938
5/11/2023 7:00,3
5/11/2023 8:00,2.959
5/11/2023 9:00,3.011
5/11/2023 10:00,3.036
5/11/2023 11:00,2.97
5/11/2023 12:00,2.979
5/11/2023 13:00,2.927
5/11/2023 14:00,2.898
5/11/2023 15:00,2.924
5/11/2023 16:00,2.888
5/11/2023 17:00,2.844
5/11/2023 18:00,2.879
5/11/2023 19:00,2.935
5/11/2023 20:00,2.991
5/11/2023 21:00,3.029
5/11/2023 22:00,3.049
5/11/2023 23:00,3.041
5/12/2023 0:00,3.023
5/12/2023 1:00,3.057
5/12/2023 2:00,3.055
5/12/2023 3:00,3.059
5/12/2023 4:00,3.083
5/12/2023 5:00,3.086
5/12/2023 6:00,3.081
5/12/2023 7:00,3.11
5/12/2023 8:00,3.09
5/12/2023 9:00,3.144
5/12/2023 10:00,3.125
5/12/2023 11:00,3.124
5/12/2023 12:00,3.075
5/12/2023 13:00,3.074
5/12/2023 14:00,2.97
5/12/2023 15:00,2.985
5/12/2023 16:00,2.996
5/12/2023 17:00,2.96
5/12/2023 18:00,2.888
5/12/2023 19:00,2.917
5/12/2023 20:00,2.895
5/12/2023 21:00,2.886
5/12/2023 22:00,2.926
5/12/2023 23:00,2.902
5/13/2023 0:00,2.903
5/13/2023 1:00,2.931
5/13/2023 2:00,2.967
5/13/2023 3:00,2.912
5/13/2023 4:00,2.988
5/13/2023 5:00,2.963
5/13/2023 6:00,2.926
5/13/2023 7:00,2.958
5/13/2023 8:00,2.937
5/13/2023 9:00,2.907
5/13/2023 10:00,2.87
5/13/2023 11:00,2.825
5/13/2023 12:00,2.814
5/13/2023 13:00,2.813
5/13/2023 14:00,2.746
5/13/2023 15:00,2.707
5/13/2023 16:00,2.727
5/13/2023 17:00,2.626
5/13/2023 18:00,2.524
5/13/2023 19:00,2.502
5/13/2023 20:00,2.36
5/13/2023 21:00,2.411
5/13/2023 22:00,2.433
5/13/2023 23:00,2.459
5/14/2023 0:00,2.507
5/14/2023 1:00,2.508
5/14/2023 2:00,2.53
5/14/2023 3:00,2.555
5/14/2023 4:00,2.61
5/14/2023 5:00,2.636
5/14/2023 6:00,2.626
5/14/2023 7:00,2.651
5/14/2023 8:00,2.67
5/14/2023 9:00,2.633
5/14/2023 10:00,2.677
5/14/2023 11:00,2.653
5/14/2023 12:00,2.63
5/14/2023 13:00,2.607
5/14/2023 14:00,2.538
5/14/2023 15:00,2.469
5/14/2023 16:00,2.446
5/14/2023 17:00,2.399
5/14/2023 18:00,2.391
5/14/2023 19:00,2.361
5/14/2023 20:00,2.337
5/14/2023 21:00,2.306
5/14/2023 22:00,2.36
5/14/2023 23:00,2.382
5/15/2023 0:00,2.418
5/15/2023 1:00,2.461
5/15/2023 2:00,2.457
5/15/2023 3:00,2.494
5/15/2023 4:00,2.51
5/15/2023 5:00,2.558
5/15/2023 6:00,2.602
5/15/2023 7:00,2.65
5/15/2023 8:00,2.65
5/15/2023 9:00,2.637
5/15/2023 10:00,2.683
5/15/2023 11:00,2.629
5/15/2023 12:00,2.601
5/15/2023 13:00,2.585
5/15/2023 14:00,2.514
5/15/2023 15:00,2.436
5/15/2023 16:00,2.379
5/15/2023 17:00,2.337
5/15/2023 18:00,2.295
5/15/2023 19:00,2.302
5/15/2023 20:00,2.288
5/15/2023 21:00,2.329
5/15/2023 22:00,2.339
5/15/2023 23:00,2.354
5/16/2023 0:00,2.396
5/16/2023 1:00,2.463
5/16/2023 2:00,2.504
5/16/2023 3:00,2.543
5/16/2023 4:00,2.523
5/16/2023 5:00,2.498
5/16/2023 6:00,2.488
5/16/2023 7:00,2.488
5/16/2023 8:00,2.464
5/16/2023 9:00,2.479
5/16/2023 10:00,2.419
5/16/2023 11:00,2.444
5/16/2023 12:00,2.436
5/16/2023 13:00,2.403
5/16/2023 14:00,2.385
5/16/2023 15:00,2.331
5/16/2023 16:00,2.315
5/16/2023 17:00,2.29
5/16/2023 18:00,2.269
5/16/2023 19:00,2.258
5/16/2023 20:00,2.263
5/16/2023 21:00,2.247
5/16/2023 22:00,2.29
5/16/2023 23:00,2.306
5/17/2023 0:00,2.333
5/17/2023 1:00,2.353
5/17/2023 2:00,2.383
5/17/2023 3:00,2.423
5/17/2023 4:00,2.461
5/17/2023 5:00,2.484
5/17/2023 6:00,2.5
5/17/2023 7:00,2.504
5/17/2023 8:00,2.503
5/17/2023 9:00,2.489
5/17/2023 10:00,2.487
5/17/2023 11:00,2.478
5/17/2023 12:00,2.424
5/17/2023 13:00,2.426
5/17/2023 14:00,2.379
5/17/2023 15:00,2.366
5/17/2023 16:00,2.326
5/17/2023 17:00,2.328
5/17/2023 18:00,2.333
5/17/2023 19:00,2.315
5/17/2023 20:00,2.315
5/17/2023 21:00,2.348
5/17/2023 22:00,2.345
5/17/2023 23:00,2.38
5/18/2023 0:00,2.384
5/18/2023 1:00,2.471
5/18/2023 2:00,2.529
5/18/2023 3:00,2.567
5/18/2023 4:00,2.559
5/18/2023 5:00,2.593
5/18/2023 6:00,2.562
5/18/2023 7:00,2.532
5/18/2023 8:00,2.512
5/18/2023 9:00,2.539
5/18/2023 10:00,2.539
5/18/2023 11:00,2.55
5/18/2023 12:00,2.475
5/18/2023 13:00,2.504
5/18/2023 14:00,2.452
5/18/2023 15:00,2.451
5/18/2023 16:00,2.412
5/18/2023 17:00,2.392
5/18/2023 18:00,2.334
5/18/2023 19:00,2.311
5/18/2023 20:00,2.363
5/18/2023 21:00,2.411
5/18/2023 22:00,2.405
5/18/2023 23:00,2.365
5/19/2023 0:00,2.335
5/19/2023 1:00,2.334
5/19/2023 2:00,2.394
5/19/2023 3:00,2.521
5/19/2023 4:00,2.559
5/19/2023 5:00,2.641
5/19/2023 6:00,2.692
5/19/2023 7:00,2.787
5/19/2023 8:00,2.809
5/19/2023 9:00,2.686
5/19/2023 10:00,2.604
5/19/2023 11:00,2.528
5/19/2023 12:00,2.505
5/19/2023 13:00,2.451
5/19/2023 14:00,2.415
5/19/2023 15:00,2.413
5/19/2023 16:00,2.402
5/19/2023 17:00,2.412
5/19/2023 18:00,2.393
5/19/2023 19:00,2.381
5/19/2023 20:00,2.385
5/19/2023 21:00,2.364
5/19/2023 22:00,2.38
5/19/2023 23:00,2.407
5/20/2023 0:00,2.464
5/20/2023 1:00,2.449
5/20/2023 2:00,2.506
5/20/2023 3:00,2.534
5/20/2023 4:00,2.574
5/20/2023 5:00,2.567
5/20/2023 6:00,2.613
5/20/2023 7:00,2.598
5/20/2023 8:00,2.602
5/20/2023 9:00,2.627
5/20/2023 10:00,2.628
5/20/2023 11:00,2.607
5/20/2023 12:00,2.507
5/20/2023 13:00,2.441
5/20/2023 14:00,2.42
5/20/2023 15:00,2.369
5/20/2023 16:00,2.301
5/20/2023 17:00,2.319
5/20/2023 18:00,2.275
5/20/2023 19:00,2.356
5/20/2023 20:00,2.403
5/20/2023 21:00,2.382
5/20/2023 22:00,2.397
5/20/2023 23:00,2.48
5/21/2023 0:00,2.467
5/21/2023 1:00,2.524
5/21/2023 2:00,2.512
5/21/2023 3:00,2.554
5/21/2023 4:00,2.595
5/21/2023 5:00,2.674
5/21/2023 6:00,2.623
5/21/2023 7:00,2.632
5/21/2023 8:00,2.633
5/21/2023 9:00,2.569
5/21/2023 10:00,2.519
5/21/2023 11:00,2.501
5/21/2023 12:00,2.402
5/21/2023 13:00,2.404
5/21/2023 14:00,2.272
5/21/2023 15:00,2.238
5/21/2023 16:00,2.166
5/21/2023 17:00,2.084
5/21/2023 18:00,2.045
5/21/2023 19:00,2.017
5/21/2023 20:00,1.983
5/21/2023 21:00,1.975
5/21/2023 22:00,1.953
5/21/2023 23:00,1.983
5/22/2023 0:00,1.99
5/22/2023 1:00,2.049
5/22/2023 2:00,2.098
5/22/2023 3:00,2.166
5/22/2023 4:00,2.165
5/22/2023 5:00,2.218
5/22/2023 6:00,2.251
5/22/2023 7:00,2.25
5/22/2023 8:00,2.308
5/22/2023 9:00,2.349
5/22/2023 10:00,2.368
5/22/2023 11:00,2.364
5/22/2023 12:00,2.38
5/22/2023 13:00,2.371
5/22/2023 14:00,2.331
5/22/2023 15:00,2.334
5/22/2023 16:00,2.311
5/22/2023 17:00,2.275
5/22/2023 18:00,2.331
5/22/2023 19:00,2.364
5/22/2023 20:00,2.264
5/22/2023 21:00,2.254
5/22/2023 22:00,2.283
5/22/2023 23:00,2.298
5/23/2023 0:00,2.274
5/23/2023 1:00,2.329
5/23/2023 2:00,2.331
5/23/2023 3:00,2.36
5/23/2023 4:00,2.412
5/23/2023 5:00,2.431
5/23/2023 6:00,2.45
5/23/2023 7:00,2.492
5/23/2023 8:00,2.459
5/23/2023 9:00,2.468
5/23/2023 10:00,2.464
5/23/2023 11:00,2.41
5/23/2023 12:00,2.39
5/23/2023 13:00,2.29
5/23/2023 14:00,2.242
5/23/2023 15:00,2.195
5/23/2023 16:00,2.167
5/23/2023 17:00,2.147
5/23/2023 18:00,2.087
5/23/2023 19:00,2.03
5/23/2023 20:00,1.973
5/23/2023 21:00,2.041
5/23/2023 22:00,2.051
5/23/2023 23:00,2.144
5/24/2023 0:00,2.217
5/24/2023 1:00,2.244
5/24/2023 2:00,2.301
5/24/2023 3:00,2.32
5/24/2023 4:00,2.415
5/24/2023 5:00,2.422
5/24/2023 6:00,2.428
5/24/2023 7:00,2.513
5/24/2023 8:00,2.542
5/24/2023 9:00,2.543
5/24/2023 10:00,2.504
5/24/2023 11:00,2.497
5/24/2023 12:00,2.477
5/24/2023 13:00,2.395
5/24/2023 14:00,2.373
5/24/2023 15:00,2.338
5/24/2023 16:00,2.275
5/24/2023 17:00,2.257
5/24/2023 18:00,2.267
5/24/2023 19:00,2.296
5/24/2023 20:00,2.294
5/24/2023 21:00,2.277
5/24/2023 22:00,2.235
5/24/2023 23:00,2.24
5/25/2023 0:00,2.21
5/25/2023 1:00,2.241
5/25/2023 2:00,2.207
5/25/2023 3:00,2.219
5/25/2023 4:00,2.255
5/25/2023 5:00,2.241
5/25/2023 6:00,2.277
5/25/2023 7:00,2.322
5/25/2023 8:00,2.32
5/25/2023 9:00,2.361
5/25/2023 10:00,2.382
5/25/2023 11:00,2.3
5/25/2023 12:00,2.231
5/25/2023 13:00,2.142
5/25/2023 14:00,2.05
5/25/2023 15:00,2.084
5/25/2023 16:00,2.073
5/25/2023 17:00,2.017
5/25/2023 18:00,1.985
5/25/2023 19:00,1.976
5/25/2023 20:00,1.945
5/25/2023 21:00,1.946
5/25/2023 22:00,1.949
5/25/2023 23:00,1.937
5/26/2023 0:00,1.979
5/26/2023 1:00,1.976
5/26/2023 2:00,2.042
5/26/2023 3:00,2.091
5/26/2023 4:00,2.158
5/26/2023 5:00,2.244
5/26/2023 6:00,2.256
5/26/2023 7:00,2.328
5/26/2023 8:00,2.327
5/26/2023 9:00,2.366
5/26/2023 10:00,2.388
5/26/2023 11:00,2.326
5/26/2023 12:00,2.269
5/26/2023 13:00,2.229
5/26/2023 14:00,2.193
5/26/2023 15:00,2.192
5/26/2023 16:00,2.115
5/26/2023 17:00,2.14
5/26/2023 18:00,2.072
5/26/2023 19:00,2.086
5/26/2023 20:00,2.053
5/26/2023 21:00,2.061
5/26/2023 22:00,2.036
5/26/2023 23:00,2.018
5/27/2023 0:00,2.008
5/27/2023 1:00,1.976
5/27/2023 2:00,1.999
5/27/2023 3:00,2.03
5/27/2023 4:00,2.118
5/27/2023 5:00,2.152
5/27/2023 6:00,2.156
5/27/2023 7:00,2.113
5/27/2023 8:00,2.222
5/27/2023 9:00,2.211
5/27/2023 10:00,2.205
5/27/2023 11:00,2.215
5/27/2023 12:00,2.195
5/27/2023 13:00,2.178
5/27/2023 14:00,2.127
5/27/2023 15:00,2.111
5/27/2023 16:00,2.064
5/27/2023 17:00,2.019
5/27/2023 18:00,1.939
5/27/2023 19:00,1.985
5/27/2023 20:00,1.996
5/27/2023 21:00,1.933
5/27/2023 22:00,1.908
5/27/2023 23:00,1.893
5/28/2023 0:00,1.863
5/28/2023 1:00,1.824
5/28/2023 2:00,1.867
5/28/2023 3:00,1.867
5/28/2023 4:00,1.9
5/28/2023 5:00,1.948
5/28/2023 6:00,1.992
5/28/2023 7:00,2.007
5/28/2023 8:00,2.022
5/28/2023 9:00,2.019
5/28/2023 10:00,2.016
5/28/2023 11:00,1.978
5/28/2023 12:00,1.979
5/28/2023 13:00,1.947
5/28/2023 14:00,1.91
5/28/2023 15:00,1.911
5/28/2023 16:00,1.873
5/28/2023 17:00,1.846
5/28/2023 18:00,1.835
5/28/2023 19:00,1.783
5/28/2023 20:00,1.747
5/28/2023 21:00,1.733
5/28/2023 22:00,1.731
5/28/2023 23:00,1.725
5/29/2023 0:00,1.762
5/29/2023 1:00,1.741
5/29/2023 2:00,1.762
5/29/2023 3:00,1.767
5/29/2023 4:00,1.761
5/29/2023 5:00,1.834
5/29/2023 6:00,1.918
5/29/2023 7:00,1.901
5/29/2023 8:00,1.892
5/29/2023 9:00,1.909
5/29/2023 10:00,1.88
5/29/2023 11:00,1.836
5/29/2023 12:00,1.808
5/29/2023 13:00,1.781
5/29/2023 14:00,1.736
5/29/2023 15:00,1.721
5/29/2023 16:00,1.699
5/29/2023 17:00,1.663
5/29/2023 18:00,1.612
5/29/2023 19:00,1.616
5/29/2023 20:00,1.619
5/29/2023 21:00,1.638
5/29/2023 22:00,1.61
5/29/2023 23:00,1.626
5/30/2023 0:00,1.627
5/30/2023 1:00,1.662
5/30/2023 2:00,1.687
5/30/2023 3:00,1.727
5/30/2023 4:00,1.767
5/30/2023 5:00,1.798
5/30/2023 6:00,1.852
5/30/2023 7:00,1.871
5/30/2023 8:00,1.93
5/30/2023 9:00,1.908
5/30/2023 10:00,1.898
5/30/2023 11:00,1.897
5/30/2023 12:00,1.842
5/30/2023 13:00,1.831
5/30/2023 14:00,1.792
5/30/2023 15:00,1.749
5/30/2023 16:00,1.684
5/30/2023 17:00,1.645
5/30/2023 18:00,1.605
5/30/2023 19:00,1.584
5/30/2023 20:00,1.579
5/30/2023 21:00,1.562
5/30/2023 22:00,1.566
5/30/2023 23:00,1.537
5/31/2023 0:00,1.577
5/31/2023 1:00,1.594
5/31/2023 2:00,1.585
5/31/2023 3:00,1.607
5/31/2023 4:00,1.629
5/31/2023 5:00,1.667
5/31/2023 6:00,1.657
5/31/2023 7:00,1.699
5/31/2023 8:00,1.707
5/31/2023 9:00,1.696
5/31/2023 10:00,1.671
5/31/2023 11:00,1.654
5/31/2023 12:00,1.633
5/31/2023 13:00,1.63
5/31/2023 14:00,1.628
5/31/2023 15:00,1.643
5/31/2023 16:00,1.594
5/31/2023 17:00,1.575
5/31/2023 18:00,1.543
5/31/2023 19:00,1.534
5/31/2023 20:00,1.549
5/31/2023 21:00,1.52
5/31/2023 22:00,1.539
5/31/2023 23:00,1.549
6/1/2023 0:00,1.556
6/1/2023 1:00,1.567
6/1/2023 2:00,1.583
6/1/2023 3:00,1.594
6/1/2023 4:00,1.601
6/1/2023 5:00,1.606
6/1/2023 6:00,1.637
6/1/2023 7:00,1.652
6/1/2023 8:00,1.784
6/1/2023 9:00,1.88
6/1/2023 10:00,1.387
6/1/2023 11:00,1.532
6/1/2023 12:00,1.582
6/1/2023 13:00,1.575
6/1/2023 14:00,1.561
6/1/2023 15:00,1.571
6/1/2023 16:00,1.609
6/1/2023 17:00,1.59
6/1/2023 18:00,1.553
6/1/2023 19:00,1.545
6/1/2023 20:00,1.554
6/1/2023 21:00,1.516
6/1/2023 22:00,1.516
6/1/2023 23:00,1.515
6/2/2023 0:00,1.493
6/2/2023 1:00,1.489
6/2/2023 2:00,1.534
6/2/2023 3:00,1.542
6/2/2023 4:00,1.591
6/2/2023 5:00,1.627
6/2/2023 6:00,1.67
6/2/2023 7:00,1.704
6/2/2023 8:00,1.737
6/2/2023 9:00,1.76
6/2/2023 10:00,1.751
6/2/2023 11:00,1.759
6/2/2023 12:00,1.749
6/2/2023 13:00,1.718
6/2/2023 14:00,1.706
6/2/2023 15:00,1.638
6/2/2023 16:00,1.645
6/2/2023 17:00,1.633
6/2/2023 18:00,1.621
6/2/2023 19:00,1.663
6/2/2023 20:00,1.648
6/2/2023 21:00,1.659
6/2/2023 22:00,1.73
6/2/2023 23:00,1.738
6/3/2023 0:00,1.765
6/3/2023 1:00,1.748
6/3/2023 2:00,1.796
6/3/2023 3:00,1.799
6/3/2023 4:00,1.79
6/3/2023 5:00,1.806
6/3/2023 6:00,1.833
6/3/2023 7:00,1.802
6/3/2023 8:00,1.794
6/3/2023 9:00,1.725
6/3/2023 10:00,1.706
6/3/2023 11:00,1.641
6/3/2023 12:00,1.637
6/3/2023 13:00,1.616
6/3/2023 14:00,1.592
6/3/2023 15:00,1.575
6/3/2023 16:00,1.542
6/3/2023 17:00,1.528
6/3/2023 18:00,1.537
6/3/2023 19:00,1.506
6/3/2023 20:00,1.518
6/3/2023 21:00,1.502
6/3/2023 22:00,1.493
6/3/2023 23:00,1.492
6/4/2023 0:00,1.508
6/4/2023 1:00,1.488
6/4/2023 2:00,1.513
6/4/2023 3:00,1.5
6/4/2023 4:00,1.541
6/4/2023 5:00,1.542
6/4/2023 6:00,1.558
6/4/2023 7:00,1.592
6/4/2023 8:00,1.585
6/4/2023 9:00,1.593
6/4/2023 10:00,1.602
6/4/2023 11:00,1.618
6/4/2023 12:00,1.614
6/4/2023 13:00,1.631
6/4/2023 14:00,1.643
6/4/2023 15:00,1.646
6/4/2023 16:00,1.639
6/4/2023 17:00,1.619
6/4/2023 18:00,1.62
6/4/2023 19:00,1.61
6/4/2023 20:00,1.595
6/4/2023 21:00,1.583
6/4/2023 22:00,1.595
6/4/2023 23:00,1.597
6/5/2023 0:00,1.598
6/5/2023 1:00,1.631
6/5/2023 2:00,1.599
6/5/2023 3:00,1.609
6/5/2023 4:00,1.649
6/5/2023 5:00,1.624
6/5/2023 6:00,1.653
6/5/2023 7:00,1.641
6/5/2023 8:00,1.63
6/5/2023 9:00,1.611
6/5/2023 10:00,1.592
6/5/2023 11:00,1.563
6/5/2023 12:00,1.529
6/5/2023 13:00,1.523
6/5/2023 14:00,1.48
6/5/2023 15:00,1.486
6/5/2023 16:00,1.496
6/5/2023 17:00,1.464
6/5/2023 18:00,1.454
6/5/2023 19:00,1.442
6/5/2023 20:00,1.433
6/5/2023 21:00,1.428
6/5/2023 22:00,1.447
6/5/2023 23:00,1.444
6/6/2023 0:00,1.446
6/6/2023 1:00,1.444
6/6/2023 2:00,1.447
6/6/2023 3:00,1.485
6/6/2023 4:00,1.503
6/6/2023 5:00,1.506
6/6/2023 6:00,1.521
6/6/2023 7:00,1.533
6/6/2023 8:00,1.537
6/6/2023 9:00,1.55
6/6/2023 10:00,1.526
6/6/2023 11:00,1.503
6/6/2023 12:00,1.49
6/6/2023 13:00,1.455
6/6/2023 14:00,1.432
6/6/2023 15:00,1.425
6/6/2023 16:00,1.429
6/6/2023 17:00,1.34
6/6/2023 18:00,1.327
6/6/2023 19:00,1.331
6/6/2023 20:00,1.338
6/6/2023 21:00,1.344
6/6/2023 22:00,1.353
6/6/2023 23:00,1.352
6/7/2023 0:00,1.388
6/7/2023 1:00,1.438
6/7/2023 2:00,1.414
6/7/2023 3:00,1.474
6/7/2023 4:00,1.511
6/7/2023 5:00,1.556
6/7/2023 6:00,1.612
6/7/2023 7:00,1.623
6/7/2023 8:00,1.653
6/7/2023 9:00,1.664
6/7/2023 10:00,1.608
6/7/2023 11:00,1.607
6/7/2023 12:00,1.59
6/7/2023 13:00,1.571
6/7/2023 14:00,1.604
6/7/2023 15:00,1.553
6/7/2023 16:00,1.574
6/7/2023 17:00,1.589
6/7/2023 18:00,1.583
6/7/2023 19:00,1.614
6/7/2023 20:00,1.646
6/7/2023 21:00,1.664
6/7/2023 22:00,1.761
6/7/2023 23:00,1.776
6/8/2023 0:00,1.817
6/8/2023 1:00,1.898
6/8/2023 2:00,1.918
6/8/2023 3:00,1.993
6/8/2023 4:00,2.115
6/8/2023 5:00,2.216
6/8/2023 6:00,2.294
6/8/2023 7:00,2.36
6/8/2023 8:00,2.47
6/8/2023 9:00,2.507
6/8/2023 10:00,2.574
6/8/2023 11:00,2.589
6/8/2023 12:00,2.563
6/8/2023 13:00,2.547
6/8/2023 14:00,2.548
6/8/2023 15:00,2.471
6/8/2023 16:00,2.461
6/8/2023 17:00,2.393
6/8/2023 18:00,2.329
6/8/2023 19:00,2.304
6/8/2023 20:00,2.296
6/8/2023 21:00,2.3
6/8/2023 22:00,2.309
6/8/2023 23:00,2.248
6/9/2023 0:00,2.244
6/9/2023 1:00,2.201
6/9/2023 2:00,2.298
6/9/2023 3:00,2.295
6/9/2023 4:00,2.304
6/9/2023 5:00,2.361
6/9/2023 6:00,2.382
6/9/2023 7:00,2.426
6/9/2023 8:00,2.424
6/9/2023 9:00,2.446
6/9/2023 10:00,2.465
6/9/2023 11:00,2.416
6/9/2023 12:00,2.394
6/9/2023 13:00,2.373
6/9/2023 14:00,2.378
6/9/2023 15:00,2.302
6/9/2023 16:00,2.303
6/9/2023 17:00,2.276
6/9/2023 18:00,2.292
6/9/2023 19:00,2.219
6/9/2023 20:00,2.174
6/9/2023 21:00,2.181
6/9/2023 22:00,2.183
6/9/2023 23:00,2.169
6/10/2023 0:00,2.144
6/10/2023 1:00,2.197
6/10/2023 2:00,2.195
6/10/2023 3:00,2.192
6/10/2023 4:00,2.206
6/10/2023 5:00,2.265
6/10/2023 6:00,2.281
6/10/2023 7:00,2.306
6/10/2023 8:00,2.294
6/10/2023 9:00,2.27
6/10/2023 10:00,2.24
6/10/2023 11:00,2.269
6/10/2023 12:00,2.228
6/10/2023 13:00,2.214
6/10/2023 14:00,2.156
6/10/2023 15:00,2.176
6/10/2023 16:00,2.128
6/10/2023 17:00,2.113
6/10/2023 18:00,2.106
6/10/2023 19:00,2.114
6/10/2023 20:00,2.12
6/10/2023 21:00,2.1
6/10/2023 22:00,2.12
6/10/2023 23:00,2.184
6/11/2023 0:00,2.182
6/11/2023 1:00,2.174
6/11/2023 2:00,2.144
6/11/2023 3:00,2.177
6/11/2023 4:00,2.22
6/11/2023 5:00,2.2
6/11/2023 6:00,2.248
6/11/2023 7:00,2.265
6/11/2023 8:00,2.239
6/11/2023 9:00,2.245
6/11/2023 10:00,2.214
6/11/2023 11:00,2.211
6/11/2023 12:00,2.176
6/11/2023 13:00,2.128
6/11/2023 14:00,2.101
6/11/2023 15:00,2.092
6/11/2023 16:00,1.993
6/11/2023 17:00,2.036
6/11/2023 18:00,2.058
6/11/2023 19:00,1.974
6/11/2023 20:00,1.996
6/11/2023 21:00,1.972
6/11/2023 22:00,1.952
6/11/2023 23:00,1.955
6/12/2023 0:00,1.97
6/12/2023 1:00,2.01
6/12/2023 2:00,2.062
6/12/2023 3:00,2.151
6/12/2023 4:00,2.145
6/12/2023 5:00,2.231
6/12/2023 6:00,2.231
6/12/2023 7:00,2.272
6/12/2023 8:00,2.266
6/12/2023 9:00,2.256
6/12/2023 10:00,2.29
6/12/2023 11:00,2.262
6/12/2023 12:00,2.254
6/12/2023 13:00,2.221
6/12/2023 14:00,2.342
6/12/2023 15:00,2.318
6/12/2023 16:00,2.263
6/12/2023 17:00,2.19
6/12/2023 18:00,2.18
6/12/2023 19:00,2.191
6/12/2023 20:00,2.173
6/12/2023 21:00,2.176
6/12/2023 22:00,2.116
6/12/2023 23:00,2.065
6/13/2023 0:00,2.108
6/13/2023 1:00,2.287
6/13/2023 2:00,2.47
6/13/2023 3:00,2.56
6/13/2023 4:00,2.564
6/13/2023 5:00,2.557
6/13/2023 6:00,2.613
6/13/2023 7:00,2.557
6/13/2023 8:00,2.596
6/13/2023 9:00,2.59
6/13/2023 10:00,2.585
6/13/2023 11:00,2.585
6/13/2023 12:00,2.589
6/13/2023 13:00,2.571
6/13/2023 14:00,2.508
6/13/2023 15:00,2.5
6/13/2023 16:00,2.486
6/13/2023 17:00,2.483
6/13/2023 18:00,2.582
6/13/2023 19:00,2.693
6/13/2023 20:00,2.657
6/13/2023 21:00,2.649
6/13/2023 22:00,2.641
6/13/2023 23:00,2.66
6/14/2023 0:00,2.675
6/14/2023 1:00,2.681
6/14/2023 2:00,2.723
6/14/2023 3:00,2.759
6/14/2023 4:00,2.819
6/14/2023 5:00,2.816
6/14/2023 6:00,2.854
6/14/2023 7:00,2.839
6/14/2023 8:00,2.851
6/14/2023 9:00,2.813
6/14/2023 10:00,2.781
6/14/2023 11:00,2.744
6/14/2023 12:00,2.691
6/14/2023 13:00,2.687
6/14/2023 14:00,2.633
6/14/2023 15:00,2.608
6/14/2023 16:00,2.611
6/14/2023 17:00,2.566
6/14/2023 18:00,2.6
6/14/2023 19:00,2.586
6/14/2023 20:00,2.575
6/14/2023 21:00,2.553
6/14/2023 22:00,2.59
6/14/2023 23:00,2.573
6/15/2023 0:00,2.568
6/15/2023 1:00,2.578
6/15/2023 2:00,2.601
6/15/2023 3:00,2.656
6/15/2023 4:00,2.663
6/15/2023 5:00,2.702
6/15/2023 6:00,2.764
6/15/2023 7:00,2.727
6/15/2023 8:00,2.783
6/15/2023 9:00,2.762
6/15/2023 10:00,2.771
6/15/2023 11:00,2.753
6/15/2023 12:00,2.782
6/15/2023 13:00,2.767
6/15/2023 14:00,2.829
6/15/2023 15:00,2.767
6/15/2023 16:00,2.747
6/15/2023 17:00,2.762
6/15/2023 18:00,2.718
6/15/2023 19:00,2.728
6/15/2023 20:00,2.733
6/15/2023 21:00,2.732
6/15/2023 22:00,2.775
6/15/2023 23:00,2.761
6/16/2023 0:00,2.786
6/16/2023 1:00,2.818
6/16/2023 2:00,2.817
6/16/2023 3:00,2.837
6/16/2023 4:00,2.88
6/16/2023 5:00,2.871
6/16/2023 6:00,2.836
6/16/2023 7:00,2.919
6/16/2023 8:00,2.908
6/16/2023 9:00,2.899
6/16/2023 10:00,2.937
6/16/2023 11:00,3.014
6/16/2023 12:00,2.943
6/16/2023 13:00,2.968
6/16/2023 14:00,2.957
6/16/2023 15:00,2.869
6/16/2023 16:00,2.987
6/16/2023 17:00,3.081
6/16/2023 18:00,3.134
6/16/2023 19:00,3.133
6/16/2023 20:00,3.167
6/16/2023 21:00,3.127
6/16/2023 22:00,3.143
6/16/2023 23:00,3.09
6/17/2023 0:00,3.161
6/17/2023 1:00,3.182
6/17/2023 2:00,3.202
6/17/2023 3:00,3.234
6/17/2023 4:00,3.203
6/17/2023 5:00,3.235
6/17/2023 6:00,3.229
6/17/2023 7:00,3.326
6/17/2023 8:00,3.314
6/17/2023 9:00,3.322
6/17/2023 10:00,3.297
6/17/2023 11:00,3.293
6/17/2023 12:00,3.274
6/17/2023 13:00,3.251
6/17/2023 14:00,3.234
6/17/2023 15:00,3.245
6/17/2023 16:00,3.218
6/17/2023 17:00,3.241
6/17/2023 18:00,3.246
6/17/2023 19:00,3.248
6/17/2023 20:00,3.299
6/17/2023 21:00,3.297
6/17/2023 22:00,3.257
6/17/2023 23:00,3.25
6/18/2023 0:00,3.236
6/18/2023 1:00,3.251
6/18/2023 2:00,3.246
6/18/2023 3:00,3.202
6/18/2023 4:00,3.202
6/18/2023 5:00,3.205
6/18/2023 6:00,3.204
6/18/2023 7:00,3.177
6/18/2023 8:00,3.158
6/18/2023 9:00,3.162
6/18/2023 10:00,3.154
6/18/2023 11:00,3.073
6/18/2023 12:00,3.054
6/18/2023 13:00,3.02
6/18/2023 14:00,2.994
6/18/2023 15:00,2.864
6/18/2023 16:00,2.701
6/18/2023 17:00,2.609
6/18/2023 18:00,2.595
6/18/2023 19:00,2.556
6/18/2023 20:00,2.572
6/18/2023 21:00,2.571
6/18/2023 22:00,2.575
6/18/2023 23:00,2.659
6/19/2023 0:00,2.647
6/19/2023 1:00,2.669
6/19/2023 2:00,2.662
6/19/2023 3:00,2.658
6/19/2023 4:00,2.683
6/19/2023 5:00,2.711
6/19/2023 6:00,2.755
6/19/2023 7:00,2.766
6/19/2023 8:00,2.775
6/19/2023 9:00,2.73
6/19/2023 10:00,2.749
6/19/2023 11:00,2.737
6/19/2023 12:00,2.715
6/19/2023 13:00,2.676
6/19/2023 14:00,2.651
6/19/2023 15:00,2.624
6/19/2023 16:00,2.598
6/19/2023 17:00,2.544
6/19/2023 18:00,2.537
6/19/2023 19:00,2.55
6/19/2023 20:00,2.545
6/19/2023 21:00,2.554
6/19/2023 22:00,2.596
6/19/2023 23:00,2.604
6/20/2023 0:00,2.58
6/20/2023 1:00,2.637
6/20/2023 2:00,2.666
6/20/2023 3:00,2.704
6/20/2023 4:00,2.74
6/20/2023 5:00,2.806
6/20/2023 6:00,2.822
6/20/2023 7:00,2.843
6/20/2023 8:00,2.831
6/20/2023 9:00,2.853
6/20/2023 10:00,2.852
6/20/2023 11:00,2.84
6/20/2023 12:00,2.795
6/20/2023 13:00,2.804
6/20/2023 14:00,2.848
6/20/2023 15:00,2.856
6/20/2023 16:00,2.983
6/20/2023 17:00,3.123
6/20/2023 18:00,3.239
6/20/2023 19:00,3.32
6/20/2023 20:00,3.413
6/20/2023 21:00,3.463
6/20/2023 22:00,3.502
6/20/2023 23:00,3.504
6/21/2023 0:00,3.546
6/21/2023 1:00,3.526
6/21/2023 2:00,3.511
6/21/2023 3:00,3.532
6/21/2023 4:00,3.526
6/21/2023 5:00,3.55
6/21/2023 6:00,3.584
6/21/2023 7:00,3.578
6/21/2023 8:00,3.638
6/21/2023 9:00,3.633
6/21/2023 10:00,3.636
6/21/2023 11:00,3.553
6/21/2023 12:00,3.534
6/21/2023 13:00,3.497
6/21/2023 14:00,3.457
6/21/2023 15:00,3.466
6/21/2023 16:00,3.522
6/21/2023 17:00,3.42
6/21/2023 18:00,3.409
6/21/2023 19:00,3.397
6/21/2023 20:00,3.373
6/21/2023 21:00,3.429
6/21/2023 22:00,3.438
6/21/2023 23:00,3.438
6/22/2023 0:00,3.484
6/22/2023 1:00,3.459
6/22/2023 2:00,3.534
6/22/2023 3:00,3.55
6/22/2023 4:00,3.611
6/22/2023 5:00,3.617
6/22/2023 6:00,3.594
6/22/2023 7:00,3.608
6/22/2023 8:00,3.611
6/22/2023 9:00,3.576
6/22/2023 10:00,3.59
6/22/2023 11:00,3.552
6/22/2023 12:00,3.555
6/22/2023 13:00,3.494
6/22/2023 14:00,3.457
6/22/2023 15:00,3.504
6/22/2023 16:00,3.465
6/22/2023 17:00,3.554
6/22/2023 18:00,3.561
6/22/2023 19:00,3.589
6/22/2023 20:00,3.634
6/22/2023 21:00,3.723
6/22/2023 22:00,3.774
6/22/2023 23:00,3.859
6/23/2023 0:00,4.048
6/23/2023 1:00,4.071
6/23/2023 2:00,4.131
6/23/2023 3:00,4.081
6/23/2023 4:00,4.091
6/23/2023 5:00,4.03
6/23/2023 6:00,4.067
6/23/2023 7:00,4.075
6/23/2023 8:00,4.032
6/23/2023 9:00,4.025
6/23/2023 10:00,4.093
6/23/2023 11:00,4.037
6/23/2023 12:00,4.036
6/23/2023 13:00,3.978
6/23/2023 14:00,3.963
6/23/2023 15:00,3.978
6/23/2023 16:00,3.952
6/23/2023 17:00,3.968
6/23/2023 18:00,3.956
6/23/2023 19:00,3.943
6/23/2023 20:00,3.984
6/23/2023 21:00,3.976
6/23/2023 22:00,4.003
6/23/2023 23:00,4.024
6/24/2023 0:00,4.038
6/24/2023 1:00,4.055
6/24/2023 2:00,4.093
6/24/2023 3:00,4.037
6/24/2023 4:00,4.127
6/24/2023 5:00,4.112
6/24/2023 6:00,4.151
6/24/2023 7:00,4.142
6/24/2023 8:00,4.16
6/24/2023 9:00,4.156
6/24/2023 10:00,4.188
6/24/2023 11:00,4.159
6/24/2023 12:00,4.144
6/24/2023 13:00,4.09
6/24/2023 14:00,3.94
6/24/2023 15:00,3.901
6/24/2023 16:00,3.858
6/24/2023 17:00,3.802
6/24/2023 18:00,3.785
6/24/2023 19:00,3.759
6/24/2023 20:00,3.815
6/24/2023 21:00,3.778
6/24/2023 22:00,3.844
6/24/2023 23:00,3.811
6/25/2023 0:00,3.862
6/25/2023 1:00,3.827
6/25/2023 2:00,3.84
6/25/2023 3:00,3.848
6/25/2023 4:00,3.878
6/25/2023 5:00,3.907
6/25/2023 6:00,3.898
6/25/2023 7:00,3.89
6/25/2023 8:00,3.904
6/25/2023 9:00,3.897
6/25/2023 10:00,3.865
6/25/2023 11:00,3.868
6/25/2023 12:00,3.8
6/25/2023 13:00,3.69
6/25/2023 14:00,3.732
6/25/2023 15:00,3.688
6/25/2023 16:00,3.596
6/25/2023 17:00,3.492
6/25/2023 18:00,3.477
6/25/2023 19:00,3.517
6/25/2023 20:00,3.492
6/25/2023 21:00,3.544
6/25/2023 22:00,3.585
6/25/2023 23:00,3.586
6/26/2023 0:00,3.554
6/26/2023 1:00,3.545
6/26/2023 2:00,3.571
6/26/2023 3:00,3.556
6/26/2023 4:00,3.597
6/26/2023 5:00,3.61
6/26/2023 6:00,3.668
6/26/2023 7:00,3.655
6/26/2023 8:00,3.64
6/26/2023 9:00,3.665
6/26/2023 10:00,3.655
6/26/2023 11:00,3.571
6/26/2023 12:00,3.464
6/26/2023 13:00,3.373
6/26/2023 14:00,3.243
6/26/2023 15:00,3.202
6/26/2023 16:00,3.138
6/26/2023 17:00,3.092
6/26/2023 18:00,3.025
6/26/2023 19:00,3.035
6/26/2023 20:00,2.942
6/26/2023 21:00,2.946
6/26/2023 22:00,2.87
6/26/2023 23:00,2.839
6/27/2023 0:00,2.806
6/27/2023 1:00,2.829
6/27/2023 2:00,2.752
6/27/2023 3:00,2.75
6/27/2023 4:00,2.686
6/27/2023 5:00,2.711
6/27/2023 6:00,2.643
6/27/2023 7:00,2.663
6/27/2023 8:00,2.633
6/27/2023 9:00,2.635
6/27/2023 10:00,2.65
6/27/2023 11:00,2.645
6/27/2023 12:00,2.599
6/27/2023 13:00,2.545
6/27/2023 14:00,2.58
6/27/2023 15:00,2.517
6/27/2023 16:00,2.495
6/27/2023 17:00,2.483
6/27/2023 18:00,2.474
6/27/2023 19:00,2.444
6/27/2023 20:00,2.512
6/27/2023 21:00,2.491
6/27/2023 22:00,2.487
6/27/2023 23:00,2.494
6/28/2023 0:00,2.512
6/28/2023 1:00,2.532
6/28/2023 2:00,2.529
6/28/2023 3:00,2.552
6/28/2023 4:00,2.556
6/28/2023 5:00,2.597
6/28/2023 6:00,2.604
6/28/2023 7:00,2.608
6/28/2023 8:00,2.609
6/28/2023 9:00,2.605
6/28/2023 10:00,2.621
6/28/2023 11:00,2.641
6/28/2023 12:00,2.607
6/28/2023 13:00,2.516
6/28/2023 14:00,2.524
6/28/2023 15:00,2.499
6/28/2023 16:00,2.423
6/28/2023 17:00,2.414
6/28/2023 18:00,2.409
6/28/2023 19:00,2.429
6/28/2023 20:00,2.431
6/28/2023 21:00,2.469
6/28/2023 22:00,2.479
6/28/2023 23:00,2.453
6/29/2023 0:00,2.462
6/29/2023 1:00,2.455
6/29/2023 2:00,2.48
6/29/2023 3:00,2.473
6/29/2023 4:00,2.494
6/29/2023 5:00,2.523
6/29/2023 6:00,2.526
6/29/2023 7:00,2.546
6/29/2023 8:00,2.572
6/29/2023 9:00,2.573
6/29/2023 10:00,2.533
6/29/2023 11:00,2.509
6/29/2023 12:00,2.496
6/29/2023 13:00,2.473
6/29/2023 14:00,2.465
6/29/2023 15:00,2.571
6/29/2023 16:00,2.644
6/29/2023 17:00,2.688
6/29/2023 18:00,2.647
6/29/2023 19:00,2.571
6/29/2023 20:00,2.653
6/29/2023 21:00,2.765
6/29/2023 22:00,2.777
6/29/2023 23:00,2.766
6/30/2023 0:00,2.778
6/30/2023 1:00,2.818
6/30/2023 2:00,2.822
6/30/2023 3:00,2.787
6/30/2023 4:00,2.815
6/30/2023 5:00,2.829
6/30/2023 6:00,2.834
6/30/2023 7:00,2.864
6/30/2023 8:00,2.83
6/30/2023 9:00,2.86
6/30/2023 10:00,2.861
6/30/2023 11:00,2.847
6/30/2023 12:00,2.806
6/30/2023 13:00,2.783
6/30/2023 14:00,2.781
6/30/2023 15:00,2.82
6/30/2023 16:00,2.842
6/30/2023 17:00,2.801
6/30/2023 18:00,2.817
6/30/2023 19:00,2.815
6/30/2023 20:00,2.816
6/30/2023 21:00,2.778
6/30/2023 22:00,2.795
6/30/2023 23:00,2.82
7/1/2023 0:00,2.81
7/1/2023 1:00,2.836
7/1/2023 2:00,2.845
7/1/2023 3:00,2.826
7/1/2023 4:00,2.86
7/1/2023 5:00,2.856
7/1/2023 6:00,2.897
7/1/2023 7:00,2.876
7/1/2023 8:00,2.893
7/1/2023 9:00,2.88
7/1/2023 10:00,2.835
7/1/2023 11:00,2.828
7/1/2023 12:00,2.834
7/1/2023 13:00,2.783
7/1/2023 14:00,2.737
7/1/2023 15:00,2.773
7/1/2023 16:00,2.722
7/1/2023 17:00,2.707
7/1/2023 18:00,2.686
7/1/2023 19:00,2.714
7/1/2023 20:00,2.688
7/1/2023 21:00,2.73
7/1/2023 22:00,2.764
7/1/2023 23:00,2.751
7/2/2023 0:00,2.762
7/2/2023 1:00,2.764
7/2/2023 2:00,2.784
7/2/2023 3:00,2.746
7/2/2023 4:00,2.769
7/2/2023 5:00,2.778
7/2/2023 6:00,2.806
7/2/2023 7:00,2.836
7/2/2023 8:00,2.812
7/2/2023 9:00,2.782
7/2/2023 10:00,2.767
7/2/2023 11:00,2.767
7/2/2023 12:00,2.74
7/2/2023 13:00,2.734
7/2/2023 14:00,2.713
7/2/2023 15:00,2.706
7/2/2023 16:00,2.676
7/2/2023 17:00,2.666
7/2/2023 18:00,2.613
7/2/2023 19:00,2.61
7/2/2023 20:00,2.615
7/2/2023 21:00,2.657
7/2/2023 22:00,2.668
7/2/2023 23:00,2.659
7/3/2023 0:00,2.639
7/3/2023 1:00,2.659
7/3/2023 2:00,2.633
7/3/2023 3:00,2.679
7/3/2023 4:00,2.682
7/3/2023 5:00,2.718
7/3/2023 6:00,2.706
7/3/2023 7:00,2.747
7/3/2023 8:00,2.727
7/3/2023 9:00,2.718
7/3/2023 10:00,2.663
7/3/2023 11:00,2.689
7/3/2023 12:00,2.68
7/3/2023 13:00,2.566
7/3/2023 14:00,2.481
7/3/2023 15:00,2.427
7/3/2023 16:00,2.334
7/3/2023 17:00,2.256
7/3/2023 18:00,2.226
7/3/2023 19:00,2.191
7/3/2023 20:00,2.198
7/3/2023 21:00,2.181
7/3/2023 22:00,2.209
7/3/2023 23:00,2.241
7/4/2023 0:00,2.254
7/4/2023 1:00,2.254
7/4/2023 2:00,2.265
7/4/2023 3:00,2.268
7/4/2023 4:00,2.3
7/4/2023 5:00,2.307
7/4/2023 6:00,2.267
7/4/2023 7:00,2.296
7/4/2023 8:00,2.274
7/4/2023 9:00,2.281
7/4/2023 10:00,2.274
7/4/2023 11:00,2.251
7/4/2023 12:00,2.191
7/4/2023 13:00,2.103
7/4/2023 14:00,2.08
7/4/2023 15:00,1.977
7/4/2023 16:00,1.899
7/4/2023 17:00,1.858
7/4/2023 18:00,1.834
7/4/2023 19:00,1.83
7/4/2023 20:00,1.854
7/4/2023 21:00,1.845
7/4/2023 22:00,1.84
7/4/2023 23:00,1.865
7/5/2023 0:00,1.858
7/5/2023 1:00,1.868
7/5/2023 2:00,1.873
7/5/2023 3:00,1.873
7/5/2023 4:00,1.907
7/5/2023 5:00,1.924
7/5/2023 6:00,1.959
7/5/2023 7:00,1.989
7/5/2023 8:00,2.01
7/5/2023 9:00,1.963
7/5/2023 10:00,1.997
7/5/2023 11:00,1.954
7/5/2023 12:00,1.921
7/5/2023 13:00,1.803
7/5/2023 14:00,1.785
7/5/2023 15:00,1.746
7/5/2023 16:00,1.771
7/5/2023 17:00,1.778
7/5/2023 18:00,1.805
7/5/2023 19:00,1.814
7/5/2023 20:00,1.846
7/5/2023 21:00,1.835
7/5/2023 22:00,1.809
7/5/2023 23:00,1.788
7/6/2023 0:00,1.788
7/6/2023 1:00,1.75
7/6/2023 2:00,1.702
7/6/2023 3:00,1.632
7/6/2023 4:00,1.598
7/6/2023 5:00,1.593
7/6/2023 6:00,1.588
7/6/2023 7:00,1.575
7/6/2023 8:00,1.549
7/6/2023 9:00,1.542
7/6/2023 10:00,1.526
7/6/2023 11:00,1.53
7/6/2023 12:00,1.595
7/6/2023 13:00,1.604
7/6/2023 14:00,1.58
7/6/2023 15:00,1.577
7/6/2023 16:00,1.567
7/6/2023 17:00,1.534
7/6/2023 18:00,1.486
7/6/2023 19:00,1.505
7/6/2023 20:00,1.481
7/6/2023 21:00,1.479
7/6/2023 22:00,1.47
7/6/2023 23:00,1.46
7/7/2023 0:00,1.466
7/7/2023 1:00,1.478
7/7/2023 2:00,1.47
7/7/2023 3:00,1.476
7/7/2023 4:00,1.473
7/7/2023 5:00,1.499
7/7/2023 6:00,1.512
7/7/2023 7:00,1.522
7/7/2023 8:00,1.513
7/7/2023 9:00,1.512
7/7/2023 10:00,1.502
7/7/2023 11:00,1.483
7/7/2023 12:00,1.456
7/7/2023 13:00,1.458
7/7/2023 14:00,1.409
7/7/2023 15:00,1.394
7/7/2023 16:00,1.367
7/7/2023 17:00,1.362
7/7/2023 18:00,1.352
7/7/2023 19:00,1.41
7/7/2023 20:00,1.459
7/7/2023 21:00,1.5
7/7/2023 22:00,1.535
7/7/2023 23:00,1.564
7/8/2023 0:00,1.586
7/8/2023 1:00,1.599
7/8/2023 2:00,1.615
7/8/2023 3:00,1.616
7/8/2023 4:00,1.629
7/8/2023 5:00,1.655
7/8/2023 6:00,1.702
7/8/2023 7:00,1.661
7/8/2023 8:00,1.681
7/8/2023 9:00,1.671
7/8/2023 10:00,1.618
7/8/2023 11:00,1.602
7/8/2023 12:00,1.575
7/8/2023 13:00,1.542
7/8/2023 14:00,1.527
7/8/2023 15:00,1.517
7/8/2023 16:00,1.505
7/8/2023 17:00,1.52
7/8/2023 18:00,1.492
7/8/2023 19:00,1.51
7/8/2023 20:00,1.504
7/8/2023 21:00,1.501
7/8/2023 22:00,1.522
7/8/2023 23:00,1.498
7/9/2023 0:00,1.533
7/9/2023 1:00,1.534
7/9/2023 2:00,1.56
7/9/2023 3:00,1.571
7/9/2023 4:00,1.582
7/9/2023 5:00,1.582
7/9/2023 6:00,1.577
7/9/2023 7:00,1.559
7/9/2023 8:00,1.555
7/9/2023 9:00,1.54
7/9/2023 10:00,1.532
7/9/2023 11:00,1.528
7/9/2023 12:00,1.483
7/9/2023 13:00,1.465
7/9/2023 14:00,1.444
7/9/2023 15:00,1.426
7/9/2023 16:00,1.412
7/9/2023 17:00,1.457
7/9/2023 18:00,1.504
7/9/2023 19:00,1.527
7/9/2023 20:00,1.545
7/9/2023 21:00,1.564
7/9/2023 22:00,1.568
7/9/2023 23:00,1.58
7/10/2023 0:00,1.585
7/10/2023 1:00,1.621
7/10/2023 2:00,1.626
7/10/2023 3:00,1.614
7/10/2023 4:00,1.609
7/10/2023 5:00,1.591
7/10/2023 6:00,1.607
7/10/2023 7:00,1.619
7/10/2023 8:00,1.623
7/10/2023 9:00,1.64
7/10/2023 10:00,1.631
7/10/2023 11:00,1.593
7/10/2023 12:00,1.606
7/10/2023 13:00,1.583
7/10/2023 14:00,1.574
7/10/2023 15:00,1.531
7/10/2023 16:00,1.53
7/10/2023 17:00,1.482
7/10/2023 18:00,1.495
7/10/2023 19:00,1.515
7/10/2023 20:00,1.533
7/10/2023 21:00,1.54
7/10/2023 22:00,1.556
7/10/2023 23:00,1.576
7/11/2023 0:00,1.571
7/11/2023 1:00,1.574
7/11/2023 2:00,1.617
7/11/2023 3:00,1.617
7/11/2023 4:00,1.613
7/11/2023 5:00,1.62
7/11/2023 6:00,1.627
7/11/2023 7:00,1.657
7/11/2023 8:00,1.646
7/11/2023 9:00,1.642
7/11/2023 10:00,1.648
7/11/2023 11:00,1.642
7/11/2023 12:00,1.598
7/11/2023 13:00,1.557
7/11/2023 14:00,1.507
7/11/2023 15:00,1.487
7/11/2023 16:00,1.44
7/11/2023 17:00,1.463
7/11/2023 18:00,1.451
7/11/2023 19:00,1.428
7/11/2023 20:00,1.424
7/11/2023 21:00,1.427
7/11/2023 22:00,1.431
7/11/2023 23:00,1.445
7/12/2023 0:00,1.446
7/12/2023 1:00,1.458
7/12/2023 2:00,1.479
7/12/2023 3:00,1.481
7/12/2023 4:00,1.496
7/12/2023 5:00,1.521
7/12/2023 6:00,1.52
7/12/2023 7:00,1.556
7/12/2023 8:00,1.549
7/12/2023 9:00,1.541
7/12/2023 10:00,1.529
7/12/2023 11:00,1.517
7/12/2023 12:00,1.517
7/12/2023 13:00,1.51
7/12/2023 14:00,1.48
7/12/2023 15:00,1.483
7/12/2023 16:00,1.469
7/12/2023 17:00,1.432
7/12/2023 18:00,1.42
7/12/2023 19:00,1.435
7/12/2023 20:00,1.431
7/12/2023 21:00,1.444
7/12/2023 22:00,1.453
7/12/2023 23:00,1.438
7/13/2023 0:00,1.44
7/13/2023 1:00,1.455
7/13/2023 2:00,1.468
7/13/2023 3:00,1.479
7/13/2023 4:00,1.498
7/13/2023 5:00,1.533
7/13/2023 6:00,1.522
7/13/2023 7:00,1.558
7/13/2023 8:00,1.546
7/13/2023 9:00,1.54
7/13/2023 10:00,1.534
7/13/2023 11:00,1.531
7/13/2023 12:00,1.503
7/13/2023 13:00,1.484
7/13/2023 14:00,1.491
7/13/2023 15:00,1.454
7/13/2023 16:00,1.487
7/13/2023 17:00,1.421
7/13/2023 18:00,1.379
7/13/2023 19:00,1.367
7/13/2023 20:00,1.37
7/13/2023 21:00,1.368
7/13/2023 22:00,1.38
7/13/2023 23:00,1.365
7/14/2023 0:00,1.382
7/14/2023 1:00,1.393
7/14/2023 2:00,1.412
7/14/2023 3:00,1.412
7/14/2023 4:00,1.424
7/14/2023 5:00,1.432
7/14/2023 6:00,1.444
7/14/2023 7:00,1.45
7/14/2023 8:00,1.46
7/14/2023 9:00,1.469
7/14/2023 10:00,1.452
7/14/2023 11:00,1.389
7/14/2023 12:00,1.35
7/14/2023 13:00,1.316
7/14/2023 14:00,1.218
7/14/2023 15:00,1.167
7/14/2023 16:00,1.151
7/14/2023 17:00,1.11
7/14/2023 18:00,1.092
7/14/2023 19:00,1.107
7/14/2023 20:00,1.087
7/14/2023 21:00,1.09
7/14/2023 22:00,1.092
7/14/2023 23:00,1.102
7/15/2023 0:00,1.101
7/15/2023 1:00,1.04
7/15/2023 2:00,1.038
7/15/2023 3:00,1.022
7/15/2023 4:00,0.972
7/15/2023 5:00,0.971
7/15/2023 6:00,0.98
7/15/2023 7:00,0.968
7/15/2023 8:00,0.972
7/15/2023 9:00,0.942
7/15/2023 10:00,0.94
7/15/2023 11:00,0.918
7/15/2023 12:00,0.892
7/15/2023 13:00,0.852
7/15/2023 14:00,0.85
7/15/2023 15:00,0.825
7/15/2023 16:00,0.78
7/15/2023 17:00,0.729
7/15/2023 18:00,0.731
7/15/2023 19:00,0.7
7/15/2023 20:00,0.671
7/15/2023 21:00,0.659
7/15/2023 22:00,0.624
7/15/2023 23:00,0.606
7/16/2023 0:00,0.59
7/16/2023 1:00,0.566
7/16/2023 2:00,0.552
7/16/2023 3:00,0.562
7/16/2023 4:00,0.562
7/16/2023 5:00,0.57
7/16/2023 6:00,0.571
7/16/2023 7:00,0.584
7/16/2023 8:00,0.581
7/16/2023 9:00,0.567
7/16/2023 10:00,0.549
7/16/2023 11:00,0.523
7/16/2023 12:00,0.516
7/16/2023 13:00,0.507
7/16/2023 14:00,0.482
7/16/2023 15:00,0.477
7/16/2023 16:00,0.462
7/16/2023 17:00,0.44
7/16/2023 18:00,0.428
7/16/2023 19:00,0.445
7/16/2023 20:00,0.469
7/16/2023 21:00,0.486
7/16/2023 22:00,0.486
7/16/2023 23:00,0.477
7/17/2023 0:00,0.467
7/17/2023 1:00,0.462
7/17/2023 2:00,0.453
7/17/2023 3:00,0.467
7/17/2023 4:00,0.48
7/17/2023 5:00,0.485
7/17/2023 6:00,0.496
7/17/2023 7:00,0.501
7/17/2023 8:00,0.498
7/17/2023 9:00,0.495
7/17/2023 10:00,0.468
7/17/2023 11:00,0.433
7/17/2023 12:00,0.427
7/17/2023 13:00,0.404
7/17/2023 14:00,0.381
7/17/2023 15:00,0.376
7/17/2023 16:00,0.053
7/17/2023 17:00,-0.006
7/17/2023 18:00,0.216
7/17/2023 19:00,0.268
7/17/2023 20:00,0.264
7/17/2023 21:00,0.256
7/17/2023 22:00,0.217
7/17/2023 23:00,0.188
7/18/2023 0:00,0.182
7/18/2023 1:00,0.173
7/18/2023 2:00,0.164
7/18/2023 3:00,0.175
7/18/2023 4:00,0.173
7/18/2023 5:00,0.182
7/18/2023 6:00,0.195
7/18/2023 7:00,0.197
7/18/2023 8:00,0.189
7/18/2023 9:00,0.167
7/18/2023 10:00,0.215
7/18/2023 11:00,0.112
7/18/2023 12:00,-0.003
7/18/2023 13:00,0.022
7/18/2023 14:00,0.003
7/18/2023 15:00,0.022
7/18/2023 16:00,0.043
7/18/2023 17:00,0.045
7/18/2023 18:00,0.062
7/18/2023 19:00,0.066
7/18/2023 20:00,0.064
7/18/2023 21:00,0.071
7/18/2023 22:00,0.068
7/18/2023 23:00,0.057
7/19/2023 0:00,0.056
7/19/2023 1:00,0.048
7/19/2023 2:00,0.04
7/19/2023 3:00,0.034
7/19/2023 4:00,0.018
7/19/2023 5:00,0.032
7/19/2023 6:00,0.04
7/19/2023 7:00,0.04
7/19/2023 8:00,0.027
7/19/2023 9:00,-0.022
7/19/2023 10:00,-0.04
7/19/2023 11:00,-0.066
7/19/2023 12:00,-0.106
7/19/2023 13:00,-0.022
7/19/2023 14:00,0.145
7/19/2023 15:00,0.216
7/19/2023 16:00,0.212
7/19/2023 17:00,0.139
7/19/2023 18:00,0.097
7/19/2023 19:00,0.085
7/19/2023 20:00,0.04
7/19/2023 21:00,0.014
7/19/2023 22:00,0.023
7/19/2023 23:00,0.021
7/20/2023 0:00,0.006
7/20/2023 1:00,0.007
7/20/2023 2:00,0.033
7/20/2023 3:00,0.057
7/20/2023 4:00,0.056
7/20/2023 5:00,0.075
7/20/2023 6:00,0.08
7/20/2023 7:00,0.105
7/20/2023 8:00,0.099
7/20/2023 9:00,0.293
7/20/2023 10:00,0.404
7/20/2023 11:00,0.31
7/20/2023 12:00,0.318
7/20/2023 13:00,0.238
7/20/2023 14:00,0.464
7/20/2023 15:00,0.484
7/20/2023 16:00,0.453
7/20/2023 17:00,0.46
7/20/2023 18:00,0.432
7/20/2023 19:00,0.42
7/20/2023 20:00,0.414
7/20/2023 21:00,0.431
7/20/2023 22:00,0.404
7/20/2023 23:00,0.311
7/21/2023 0:00,0.338
7/21/2023 1:00,0.336
7/21/2023 2:00,0.253
7/21/2023 3:00,0.234
7/21/2023 4:00,0.276
7/21/2023 5:00,0.3
7/21/2023 6:00,0.28
7/21/2023 7:00,0.274
7/21/2023 8:00,0.292
7/21/2023 9:00,0.274
7/21/2023 10:00,0.575
7/21/2023 11:00,0.524
7/21/2023 12:00,0.365
7/21/2023 13:00,0.288
7/21/2023 14:00,0.205
7/21/2023 15:00,0.192
7/21/2023 16:00,0.131
7/21/2023 17:00,0.208
7/21/2023 18:00,0.258
7/21/2023 19:00,0.255
7/21/2023 20:00,0.2
7/21/2023 21:00,0.197
7/21/2023 22:00,0.185
7/21/2023 23:00,0.121
7/22/2023 0:00,0.133
7/22/2023 1:00,0.177
7/22/2023 2:00,0.194
7/22/2023 3:00,0.203
7/22/2023 4:00,0.193
7/22/2023 5:00,0.183
7/22/2023 6:00,0.201
7/22/2023 7:00,0.214
7/22/2023 8:00,0.215
7/22/2023 9:00,0.212
7/22/2023 10:00,0.179
7/22/2023 11:00,0.141
7/22/2023 12:00,0.1
7/22/2023 13:00,0.077
7/22/2023 14:00,0.039
7/22/2023 15:00,0.051
7/22/2023 16:00,0.027
7/22/2023 17:00,-0.012
7/22/2023 18:00,-0.016
7/22/2023 19:00,-0.018
7/22/2023 20:00,0
7/22/2023 21:00,0.022
7/22/2023 22:00,0.013
7/22/2023 23:00,0.011
7/23/2023 0:00,0.02
7/23/2023 1:00,0.03
7/23/2023 2:00,0.043
7/23/2023 3:00,0.066
7/23/2023 4:00,0.081
7/23/2023 5:00,0.091
7/23/2023 6:00,0.112
7/23/2023 7:00,0.137
7/23/2023 8:00,0.139
7/23/2023 9:00,0.125
7/23/2023 10:00,0.109
7/23/2023 11:00,0.059
7/23/2023 12:00,0.026
7/23/2023 13:00,-0.019
7/23/2023 14:00,-0.077
7/23/2023 15:00,-0.083
7/23/2023 16:00,-0.079
7/23/2023 17:00,-0.052
7/23/2023 18:00,-0.044
7/23/2023 19:00,-0.046
7/23/2023 20:00,-0.032
7/23/2023 21:00,-0.021
7/23/2023 22:00,-0.011
7/23/2023 23:00,-0.003
7/24/2023 0:00,0.007
7/24/2023 1:00,0.006
7/24/2023 2:00,0.012
7/24/2023 3:00,0.033
7/24/2023 4:00,0.043
7/24/2023 5:00,0.06
7/24/2023 6:00,0.081
7/24/2023 7:00,0.098
7/24/2023 8:00,0.102
7/24/2023 9:00,0.089
7/24/2023 10:00,0.053
7/24/2023 11:00,0.016
7/24/2023 12:00,-0.006
7/24/2023 13:00,-0.031
7/24/2023 14:00,-0.086
7/24/2023 15:00,-0.123
7/24/2023 16:00,-0.06
7/24/2023 17:00,0.089
7/24/2023 18:00,0.082
7/24/2023 19:00,-0.119
7/24/2023 20:00,-0.112
7/24/2023 21:00,-0.109
7/24/2023 22:00,-0.083
7/24/2023 23:00,-0.077
7/25/2023 0:00,-0.065
7/25/2023 1:00,-0.042
7/25/2023 2:00,-0.029
7/25/2023 3:00,-0.01
7/25/2023 4:00,0.007
7/25/2023 5:00,0.027
7/25/2023 6:00,0.036
7/25/2023 7:00,0.069
7/25/2023 8:00,0.083
7/25/2023 9:00,0.173
7/25/2023 10:00,0.186
7/25/2023 11:00,0.129
7/25/2023 12:00,0.069
7/25/2023 13:00,0.007
7/25/2023 14:00,0.067
7/25/2023 15:00,0.068
7/25/2023 16:00,0.053
7/25/2023 16:27,
7/25/2023 16:27,
7/25/2023 16:28,
