dateTime,Water_Level_NoIce_ft_oct18Cal,Coupler Detached (LGR S/N: 21793974),Coupler Attached (LGR S/N: 21793974),Host Connected (LGR S/N: 21793974),Stopped (LGR S/N: 21793974),End Of File (LGR S/N: 21793974)
10/18/2023 10:00,0.89,Logged,,,,
10/18/2023 11:00,0.864,,,,,
10/18/2023 12:00,0.873,,,,,
10/18/2023 13:00,0.87,,,,,
10/18/2023 14:00,0.878,,,,,
10/18/2023 15:00,0.878,,,,,
10/18/2023 16:00,0.884,,,,,
10/18/2023 17:00,0.882,,,,,
10/18/2023 18:00,0.884,,,,,
10/18/2023 19:00,0.884,,,,,
10/18/2023 20:00,0.881,,,,,
10/18/2023 21:00,0.886,,,,,
10/18/2023 22:00,0.878,,,,,
10/18/2023 23:00,0.876,,,,,
10/19/2023 0:00,0.877,,,,,
10/19/2023 1:00,0.877,,,,,
10/19/2023 2:00,0.871,,,,,
10/19/2023 3:00,0.873,,,,,
10/19/2023 4:00,0.867,,,,,
10/19/2023 5:00,0.872,,,,,
10/19/2023 6:00,0.866,,,,,
10/19/2023 7:00,0.857,,,,,
10/19/2023 8:00,0.853,,,,,
10/19/2023 9:00,0.857,,,,,
10/19/2023 10:00,0.875,,,,,
10/19/2023 11:00,0.888,,,,,
10/19/2023 12:00,0.889,,,,,
10/19/2023 13:00,0.9,,,,,
10/19/2023 14:00,0.884,,,,,
10/19/2023 15:00,0.888,,,,,
10/19/2023 16:00,0.884,,,,,
10/19/2023 17:00,0.881,,,,,
10/19/2023 18:00,0.88,,,,,
10/19/2023 19:00,0.88,,,,,
10/19/2023 20:00,0.872,,,,,
10/19/2023 21:00,0.857,,,,,
10/19/2023 22:00,0.846,,,,,
10/19/2023 23:00,0.853,,,,,
10/20/2023 0:00,0.847,,,,,
10/20/2023 1:00,0.844,,,,,
10/20/2023 2:00,0.844,,,,,
10/20/2023 3:00,0.843,,,,,
10/20/2023 4:00,0.838,,,,,
10/20/2023 5:00,0.839,,,,,
10/20/2023 6:00,0.841,,,,,
10/20/2023 7:00,0.847,,,,,
10/20/2023 8:00,0.847,,,,,
10/20/2023 9:00,0.856,,,,,
10/20/2023 10:00,0.856,,,,,
10/20/2023 11:00,0.867,,,,,
10/20/2023 12:00,0.876,,,,,
10/20/2023 13:00,0.885,,,,,
10/20/2023 14:00,0.893,,,,,
10/20/2023 15:00,0.906,,,,,
10/20/2023 16:00,0.907,,,,,
10/20/2023 17:00,0.903,,,,,
10/20/2023 18:00,0.911,,,,,
10/20/2023 19:00,0.908,,,,,
10/20/2023 20:00,0.9,,,,,
10/20/2023 21:00,0.904,,,,,
10/20/2023 22:00,0.893,,,,,
10/20/2023 23:00,0.885,,,,,
10/21/2023 0:00,0.881,,,,,
10/21/2023 1:00,0.887,,,,,
10/21/2023 2:00,0.881,,,,,
10/21/2023 3:00,0.877,,,,,
10/21/2023 4:00,0.87,,,,,
10/21/2023 5:00,0.873,,,,,
10/21/2023 6:00,0.886,,,,,
10/21/2023 7:00,0.953,,,,,
10/21/2023 8:00,0.975,,,,,
10/21/2023 9:00,0.982,,,,,
10/21/2023 10:00,1.002,,,,,
10/21/2023 11:00,1.009,,,,,
10/21/2023 12:00,1.02,,,,,
10/21/2023 13:00,1.036,,,,,
10/21/2023 14:00,1.042,,,,,
10/21/2023 15:00,1.044,,,,,
10/21/2023 16:00,1.042,,,,,
10/21/2023 17:00,1.053,,,,,
10/21/2023 18:00,1.06,,,,,
10/21/2023 19:00,1.06,,,,,
10/21/2023 20:00,1.053,,,,,
10/21/2023 21:00,1.045,,,,,
10/21/2023 22:00,1.047,,,,,
10/21/2023 23:00,1.045,,,,,
10/22/2023 0:00,1.048,,,,,
10/22/2023 1:00,1.053,,,,,
10/22/2023 2:00,1.051,,,,,
10/22/2023 3:00,1.046,,,,,
10/22/2023 4:00,1.04,,,,,
10/22/2023 5:00,1.033,,,,,
10/22/2023 6:00,1.041,,,,,
10/22/2023 7:00,1.033,,,,,
10/22/2023 8:00,1.034,,,,,
10/22/2023 9:00,1.036,,,,,
10/22/2023 10:00,1.032,,,,,
10/22/2023 11:00,1.032,,,,,
10/22/2023 12:00,1.042,,,,,
10/22/2023 13:00,1.046,,,,,
10/22/2023 14:00,1.048,,,,,
10/22/2023 15:00,1.055,,,,,
10/22/2023 16:00,1.054,,,,,
10/22/2023 17:00,1.056,,,,,
10/22/2023 18:00,1.054,,,,,
10/22/2023 19:00,1.058,,,,,
10/22/2023 20:00,1.049,,,,,
10/22/2023 21:00,1.048,,,,,
10/22/2023 22:00,1.04,,,,,
10/22/2023 23:00,1.044,,,,,
10/23/2023 0:00,1.037,,,,,
10/23/2023 1:00,1.035,,,,,
10/23/2023 2:00,1.037,,,,,
10/23/2023 3:00,1.032,,,,,
10/23/2023 4:00,1.039,,,,,
10/23/2023 5:00,1.03,,,,,
10/23/2023 6:00,1.027,,,,,
10/23/2023 7:00,1.02,,,,,
10/23/2023 8:00,1.021,,,,,
10/23/2023 9:00,1.024,,,,,
10/23/2023 10:00,1.026,,,,,
10/23/2023 11:00,1.029,,,,,
10/23/2023 12:00,1.037,,,,,
10/23/2023 13:00,1.042,,,,,
10/23/2023 14:00,1.043,,,,,
10/23/2023 15:00,1.048,,,,,
10/23/2023 16:00,1.039,,,,,
10/23/2023 17:00,1.048,,,,,
10/23/2023 18:00,1.061,,,,,
10/23/2023 19:00,1.051,,,,,
10/23/2023 20:00,1.048,,,,,
10/23/2023 21:00,1.045,,,,,
10/23/2023 22:00,1.043,,,,,
10/23/2023 23:00,1.042,,,,,
10/24/2023 0:00,1.037,,,,,
10/24/2023 1:00,1.036,,,,,
10/24/2023 2:00,1.037,,,,,
10/24/2023 3:00,1.024,,,,,
10/24/2023 4:00,1.024,,,,,
10/24/2023 5:00,1.027,,,,,
10/24/2023 6:00,1.019,,,,,
10/24/2023 7:00,1.021,,,,,
10/24/2023 8:00,1.024,,,,,
10/24/2023 9:00,1.011,,,,,
10/24/2023 10:00,1.005,,,,,
10/24/2023 11:00,1.017,,,,,
10/24/2023 12:00,0.997,,,,,
10/24/2023 13:00,1.001,,,,,
10/24/2023 14:00,0.991,,,,,
10/24/2023 15:00,0.98,,,,,
10/24/2023 16:00,0.996,,,,,
10/24/2023 17:00,0.997,,,,,
10/24/2023 18:00,0.994,,,,,
10/24/2023 19:00,1.004,,,,,
10/24/2023 20:00,1.006,,,,,
10/24/2023 21:00,1,,,,,
10/24/2023 22:00,1.007,,,,,
10/24/2023 23:00,1.002,,,,,
10/25/2023 0:00,1.006,,,,,
10/25/2023 1:00,0.997,,,,,
10/25/2023 2:00,1,,,,,
10/25/2023 3:00,1.003,,,,,
10/25/2023 4:00,1.006,,,,,
10/25/2023 5:00,1.005,,,,,
10/25/2023 6:00,1.006,,,,,
10/25/2023 7:00,0.999,,,,,
10/25/2023 8:00,1.01,,,,,
10/25/2023 9:00,0.999,,,,,
10/25/2023 10:00,1.013,,,,,
10/25/2023 11:00,1.017,,,,,
10/25/2023 12:00,1.025,,,,,
10/25/2023 13:00,1.034,,,,,
10/25/2023 14:00,1.352,,,,,
10/25/2023 15:00,1.27,,,,,
10/25/2023 16:00,1.068,,,,,
10/25/2023 17:00,1.024,,,,,
10/25/2023 18:00,1.036,,,,,
10/25/2023 19:00,1.038,,,,,
10/25/2023 20:00,1.063,,,,,
10/25/2023 21:00,1.052,,,,,
10/25/2023 22:00,1.043,,,,,
10/25/2023 23:00,1.044,,,,,
10/26/2023 0:00,1.042,,,,,
10/26/2023 1:00,1.038,,,,,
10/26/2023 2:00,1.041,,,,,
10/26/2023 3:00,1.032,,,,,
10/26/2023 4:00,1.037,,,,,
10/26/2023 5:00,1.031,,,,,
10/26/2023 6:00,1.035,,,,,
10/26/2023 7:00,1.03,,,,,
10/26/2023 8:00,1.029,,,,,
10/26/2023 9:00,1.036,,,,,
10/26/2023 10:00,1.04,,,,,
10/26/2023 11:00,1.048,,,,,
10/26/2023 12:00,1.046,,,,,
10/26/2023 13:00,1.035,,,,,
10/26/2023 14:00,1.059,,,,,
10/26/2023 15:00,1.055,,,,,
10/26/2023 16:00,1.056,,,,,
10/26/2023 17:00,1.063,,,,,
10/26/2023 18:00,1.066,,,,,
10/26/2023 19:00,1.054,,,,,
10/26/2023 20:00,1.05,,,,,
10/26/2023 21:00,1.041,,,,,
10/26/2023 22:00,1.039,,,,,
10/26/2023 23:00,1.038,,,,,
10/27/2023 0:00,1.044,,,,,
10/27/2023 1:00,1.039,,,,,
10/27/2023 2:00,1.037,,,,,
10/27/2023 3:00,1.032,,,,,
10/27/2023 4:00,1.038,,,,,
10/27/2023 5:00,1.035,,,,,
10/27/2023 6:00,1.038,,,,,
10/27/2023 7:00,1.03,,,,,
10/27/2023 8:00,1.028,,,,,
10/27/2023 9:00,1.023,,,,,
10/27/2023 10:00,1.022,,,,,
10/27/2023 11:00,1.028,,,,,
10/27/2023 12:00,1.029,,,,,
10/27/2023 13:00,1.039,,,,,
10/27/2023 14:00,1.049,,,,,
10/27/2023 15:00,1.039,,,,,
10/27/2023 16:00,1.04,,,,,
10/27/2023 17:00,1.041,,,,,
10/27/2023 18:00,1.04,,,,,
10/27/2023 19:00,1.041,,,,,
10/27/2023 20:00,1.041,,,,,
10/27/2023 21:00,1.026,,,,,
10/27/2023 22:00,1.031,,,,,
10/27/2023 23:00,1.026,,,,,
10/28/2023 0:00,1.026,,,,,
10/28/2023 1:00,1.028,,,,,
10/28/2023 2:00,1.03,,,,,
10/28/2023 3:00,1.016,,,,,
10/28/2023 4:00,1.024,,,,,
10/28/2023 5:00,1.029,,,,,
10/28/2023 6:00,1.034,,,,,
10/28/2023 7:00,1.043,,,,,
10/28/2023 8:00,1.042,,,,,
10/28/2023 9:00,1.052,,,,,
10/28/2023 10:00,1.054,,,,,
10/28/2023 11:00,1.059,,,,,
10/28/2023 12:00,1.065,,,,,
10/28/2023 13:00,1.062,,,,,
10/28/2023 14:00,1.073,,,,,
10/28/2023 15:00,1.073,,,,,
10/28/2023 16:00,1.073,,,,,
10/28/2023 17:00,1.084,,,,,
10/28/2023 18:00,1.096,,,,,
10/28/2023 19:00,1.102,,,,,
10/28/2023 20:00,1.107,,,,,
10/28/2023 21:00,1.104,,,,,
10/28/2023 22:00,1.108,,,,,
10/28/2023 23:00,1.108,,,,,
10/29/2023 0:00,1.101,,,,,
10/29/2023 1:00,1.108,,,,,
10/29/2023 2:00,1.107,,,,,
10/29/2023 3:00,1.097,,,,,
10/29/2023 4:00,1.105,,,,,
10/29/2023 5:00,1.107,,,,,
10/29/2023 6:00,1.107,,,,,
10/29/2023 7:00,1.104,,,,,
10/29/2023 8:00,1.102,,,,,
10/29/2023 9:00,1.105,,,,,
10/29/2023 10:00,1.103,,,,,
10/29/2023 11:00,1.102,,,,,
10/29/2023 12:00,1.092,,,,,
10/29/2023 13:00,1.096,,,,,
10/29/2023 14:00,1.102,,,,,
10/29/2023 15:00,1.099,,,,,
10/29/2023 16:00,1.1,,,,,
10/29/2023 17:00,1.089,,,,,
10/29/2023 18:00,1.085,,,,,
10/29/2023 19:00,1.067,,,,,
10/29/2023 20:00,1.066,,,,,
10/29/2023 21:00,1.045,,,,,
10/29/2023 22:00,1.049,,,,,
10/29/2023 23:00,1.048,,,,,
10/30/2023 0:00,1.035,,,,,
10/30/2023 1:00,1.033,,,,,
10/30/2023 2:00,1.024,,,,,
10/30/2023 3:00,0.994,,,,,
10/30/2023 4:00,1.002,,,,,
10/30/2023 5:00,1.004,,,,,
10/30/2023 6:00,1.007,,,,,
10/30/2023 7:00,1.002,,,,,
10/30/2023 8:00,0.991,,,,,
10/30/2023 9:00,0.988,,,,,
10/30/2023 10:00,0.974,,,,,
10/30/2023 11:00,0.982,,,,,
10/30/2023 12:00,1.003,,,,,
10/30/2023 13:00,1.028,,,,,
10/30/2023 14:00,1.043,,,,,
10/30/2023 15:00,1.035,,,,,
10/30/2023 16:00,1.034,,,,,
10/30/2023 17:00,1.03,,,,,
10/30/2023 18:00,1.028,,,,,
10/30/2023 19:00,1.018,,,,,
10/30/2023 20:00,1.013,,,,,
10/30/2023 21:00,1.006,,,,,
10/30/2023 22:00,1.001,,,,,
10/30/2023 23:00,0.995,,,,,
10/31/2023 0:00,0.989,,,,,
10/31/2023 1:00,0.969,,,,,
10/31/2023 2:00,0.945,,,,,
10/31/2023 3:00,0.949,,,,,
10/31/2023 4:00,0.942,,,,,
10/31/2023 5:00,0.935,,,,,
10/31/2023 6:00,0.936,,,,,
10/31/2023 7:00,0.934,,,,,
10/31/2023 8:00,0.933,,,,,
10/31/2023 9:00,0.941,,,,,
10/31/2023 10:00,0.956,,,,,
10/31/2023 11:00,0.937,,,,,
10/31/2023 12:00,0.939,,,,,
10/31/2023 13:00,0.98,,,,,
10/31/2023 14:00,0.997,,,,,
10/31/2023 15:00,1,,,,,
10/31/2023 16:00,1.015,,,,,
10/31/2023 17:00,1.033,,,,,
10/31/2023 18:00,1.045,,,,,
10/31/2023 19:00,1.066,,,,,
10/31/2023 20:00,1.059,,,,,
10/31/2023 21:00,1.079,,,,,
10/31/2023 22:00,1.069,,,,,
10/31/2023 23:00,1.041,,,,,
11/1/2023 0:00,1.02,,,,,
11/1/2023 1:00,1,,,,,
11/1/2023 2:00,0.998,,,,,
11/1/2023 3:00,0.994,,,,,
11/1/2023 4:00,0.987,,,,,
11/1/2023 5:00,0.984,,,,,
11/1/2023 6:00,0.978,,,,,
11/1/2023 7:00,0.971,,,,,
11/1/2023 8:00,0.952,,,,,
11/1/2023 9:00,0.955,,,,,
11/1/2023 10:00,0.962,,,,,
11/1/2023 11:00,0.968,,,,,
11/1/2023 12:00,0.985,,,,,
11/1/2023 13:00,1.012,,,,,
11/1/2023 14:00,1.025,,,,,
11/1/2023 15:00,1.053,,,,,
11/1/2023 16:00,1.051,,,,,
11/1/2023 17:00,1.076,,,,,
11/1/2023 18:00,1.081,,,,,
11/1/2023 19:00,1.071,,,,,
11/1/2023 20:00,1.052,,,,,
11/1/2023 21:00,1.089,,,,,
11/1/2023 22:00,1.101,,,,,
11/1/2023 23:00,1.087,,,,,
11/2/2023 0:00,1.093,,,,,
11/2/2023 1:00,1.083,,,,,
11/2/2023 2:00,1.079,,,,,
11/2/2023 3:00,1.072,,,,,
11/2/2023 4:00,1.047,,,,,
11/2/2023 5:00,1.036,,,,,
11/2/2023 6:00,1.023,,,,,
11/2/2023 7:00,1.013,,,,,
11/2/2023 8:00,0.999,,,,,
11/2/2023 9:00,0.992,,,,,
11/2/2023 10:00,0.985,,,,,
11/2/2023 11:00,1.004,,,,,
11/2/2023 12:00,1.052,,,,,
11/2/2023 13:00,1.062,,,,,
11/2/2023 14:00,1.07,,,,,
11/2/2023 15:00,1.063,,,,,
11/2/2023 16:00,1.078,,,,,
11/2/2023 17:00,1.065,,,,,
11/2/2023 18:00,1.061,,,,,
11/2/2023 19:00,1.05,,,,,
11/2/2023 20:00,1.077,,,,,
11/2/2023 21:00,1.102,,,,,
11/2/2023 22:00,1.09,,,,,
11/2/2023 23:00,1.115,,,,,
11/3/2023 0:00,1.119,,,,,
11/3/2023 1:00,1.117,,,,,
11/3/2023 2:00,1.112,,,,,
11/3/2023 3:00,1.107,,,,,
11/3/2023 4:00,1.095,,,,,
11/3/2023 5:00,1.094,,,,,
11/3/2023 6:00,1.09,,,,,
11/3/2023 7:00,1.091,,,,,
11/3/2023 8:00,1.072,,,,,
11/3/2023 9:00,1.063,,,,,
11/3/2023 10:00,1.062,,,,,
11/3/2023 11:00,1.076,,,,,
11/3/2023 12:00,1.079,,,,,
11/3/2023 13:00,1.099,,,,,
11/3/2023 14:00,1.107,,,,,
11/3/2023 15:00,1.104,,,,,
11/3/2023 16:00,1.088,,,,,
11/3/2023 17:00,1.091,,,,,
11/3/2023 18:00,1.094,,,,,
11/3/2023 19:00,1.087,,,,,
11/3/2023 20:00,1.085,,,,,
11/3/2023 21:00,1.083,,,,,
11/3/2023 22:00,1.092,,,,,
11/3/2023 23:00,1.088,,,,,
11/4/2023 0:00,1.075,,,,,
11/4/2023 1:00,1.083,,,,,
11/4/2023 2:00,1.098,,,,,
11/4/2023 3:00,1.09,,,,,
11/4/2023 4:00,1.098,,,,,
11/4/2023 5:00,1.098,,,,,
11/4/2023 6:00,1.105,,,,,
11/4/2023 7:00,1.103,,,,,
11/4/2023 8:00,1.102,,,,,
11/4/2023 9:00,1.099,,,,,
11/4/2023 10:00,1.106,,,,,
11/4/2023 11:00,1.096,,,,,
11/4/2023 12:00,1.096,,,,,
11/4/2023 13:00,1.098,,,,,
11/4/2023 14:00,1.099,,,,,
11/4/2023 15:00,1.092,,,,,
11/4/2023 16:00,1.094,,,,,
11/4/2023 17:00,1.084,,,,,
11/4/2023 18:00,1.092,,,,,
11/4/2023 19:00,1.082,,,,,
11/4/2023 20:00,1.077,,,,,
11/4/2023 21:00,1.081,,,,,
11/4/2023 22:00,1.071,,,,,
11/4/2023 23:00,1.076,,,,,
11/5/2023 0:00,1.069,,,,,
11/5/2023 1:00,1.073,,,,,
11/5/2023 2:00,1.079,,,,,
11/5/2023 3:00,1.078,,,,,
11/5/2023 4:00,1.074,,,,,
11/5/2023 5:00,1.072,,,,,
11/5/2023 6:00,1.07,,,,,
11/5/2023 7:00,1.063,,,,,
11/5/2023 8:00,1.063,,,,,
11/5/2023 9:00,1.062,,,,,
11/5/2023 10:00,1.062,,,,,
11/5/2023 11:00,1.079,,,,,
11/5/2023 12:00,1.08,,,,,
11/5/2023 13:00,1.087,,,,,
11/5/2023 14:00,1.08,,,,,
11/5/2023 15:00,1.078,,,,,
11/5/2023 16:00,1.063,,,,,
11/5/2023 17:00,1.052,,,,,
11/5/2023 18:00,1.06,,,,,
11/5/2023 19:00,1.057,,,,,
11/5/2023 20:00,1.058,,,,,
11/5/2023 21:00,1.067,,,,,
11/5/2023 22:00,1.075,,,,,
11/5/2023 23:00,1.069,,,,,
11/6/2023 0:00,1.067,,,,,
11/6/2023 1:00,1.071,,,,,
11/6/2023 2:00,1.078,,,,,
11/6/2023 3:00,1.068,,,,,
11/6/2023 4:00,1.022,,,,,
11/6/2023 5:00,1.022,,,,,
11/6/2023 6:00,1.029,,,,,
11/6/2023 7:00,1.015,,,,,
11/6/2023 8:00,0.996,,,,,
11/6/2023 9:00,0.989,,,,,
11/6/2023 10:00,0.982,,,,,
11/6/2023 11:00,0.986,,,,,
11/6/2023 12:00,0.986,,,,,
11/6/2023 13:00,0.977,,,,,
11/6/2023 14:00,0.995,,,,,
11/6/2023 15:00,0.995,,,,,
11/6/2023 16:00,1.018,,,,,
11/6/2023 17:00,1.016,,,,,
11/6/2023 18:00,1.01,,,,,
11/6/2023 19:00,0.985,,,,,
11/6/2023 20:00,0.978,,,,,
11/6/2023 21:00,0.981,,,,,
11/6/2023 22:00,0.961,,,,,
11/6/2023 23:00,0.953,,,,,
11/7/2023 0:00,0.949,,,,,
11/7/2023 1:00,0.959,,,,,
11/7/2023 2:00,0.943,,,,,
11/7/2023 3:00,0.944,,,,,
11/7/2023 4:00,0.949,,,,,
11/7/2023 5:00,0.946,,,,,
11/7/2023 6:00,0.948,,,,,
11/7/2023 7:00,0.939,,,,,
11/7/2023 8:00,0.935,,,,,
11/7/2023 9:00,0.927,,,,,
11/7/2023 10:00,0.93,,,,,
11/7/2023 11:00,0.937,,,,,
11/7/2023 12:00,0.941,,,,,
11/7/2023 13:00,0.956,,,,,
11/7/2023 14:00,1.018,,,,,
11/7/2023 15:00,1.047,,,,,
11/7/2023 16:00,1.05,,,,,
11/7/2023 17:00,1.046,,,,,
11/7/2023 18:00,1.057,,,,,
11/7/2023 19:00,1.048,,,,,
11/7/2023 20:00,1.049,,,,,
11/7/2023 21:00,1.052,,,,,
11/7/2023 22:00,1.043,,,,,
11/7/2023 23:00,1.006,,,,,
11/8/2023 0:00,1.023,,,,,
11/8/2023 1:00,1.038,,,,,
11/8/2023 2:00,1.048,,,,,
11/8/2023 3:00,1.046,,,,,
11/8/2023 4:00,1.038,,,,,
11/8/2023 5:00,1.031,,,,,
11/8/2023 6:00,1.035,,,,,
11/8/2023 7:00,1.032,,,,,
11/8/2023 8:00,1.037,,,,,
11/8/2023 9:00,1.03,,,,,
11/8/2023 10:00,0.992,,,,,
11/8/2023 11:00,1,,,,,
11/8/2023 12:00,1.016,,,,,
11/8/2023 13:00,1.01,,,,,
11/8/2023 14:00,0.998,,,,,
11/8/2023 15:00,1.007,,,,,
11/8/2023 16:00,0.998,,,,,
11/8/2023 17:00,0.983,,,,,
11/8/2023 18:00,0.97,,,,,
11/8/2023 19:00,0.952,,,,,
11/8/2023 20:00,0.939,,,,,
11/8/2023 21:00,0.942,,,,,
11/8/2023 22:00,0.937,,,,,
11/8/2023 23:00,0.951,,,,,
11/9/2023 0:00,0.941,,,,,
11/9/2023 1:00,0.925,,,,,
11/9/2023 2:00,0.927,,,,,
11/9/2023 3:00,0.924,,,,,
11/9/2023 4:00,0.919,,,,,
11/9/2023 5:00,0.918,,,,,
11/9/2023 6:00,0.915,,,,,
11/9/2023 7:00,0.91,,,,,
11/9/2023 8:00,0.899,,,,,
11/9/2023 9:00,0.89,,,,,
11/9/2023 10:00,0.872,,,,,
11/9/2023 11:00,0.893,,,,,
11/9/2023 12:00,0.919,,,,,
11/9/2023 13:00,0.92,,,,,
11/9/2023 14:00,0.925,,,,,
11/9/2023 15:00,0.921,,,,,
11/9/2023 16:00,0.923,,,,,
11/9/2023 17:00,0.916,,,,,
11/9/2023 18:00,0.905,,,,,
11/9/2023 19:00,0.904,,,,,
11/9/2023 20:00,0.895,,,,,
11/9/2023 21:00,0.889,,,,,
11/9/2023 22:00,0.89,,,,,
11/9/2023 23:00,0.899,,,,,
11/10/2023 0:00,0.91,,,,,
11/10/2023 1:00,0.915,,,,,
11/10/2023 2:00,0.908,,,,,
11/10/2023 3:00,0.893,,,,,
11/10/2023 4:00,0.885,,,,,
11/10/2023 5:00,0.865,,,,,
11/10/2023 6:00,0.856,,,,,
11/10/2023 7:00,0.838,,,,,
11/10/2023 8:00,0.841,,,,,
11/10/2023 9:00,0.847,,,,,
11/10/2023 10:00,0.856,,,,,
11/10/2023 11:00,0.892,,,,,
11/10/2023 12:00,0.873,,,,,
11/10/2023 13:00,0.875,,,,,
11/10/2023 14:00,0.87,,,,,
11/10/2023 15:00,0.867,,,,,
11/10/2023 16:00,0.871,,,,,
11/10/2023 17:00,0.866,,,,,
11/10/2023 18:00,0.862,,,,,
11/10/2023 19:00,0.857,,,,,
11/10/2023 20:00,0.847,,,,,
11/10/2023 21:00,0.833,,,,,
11/10/2023 22:00,0.858,,,,,
11/10/2023 23:00,0.849,,,,,
11/11/2023 0:00,0.845,,,,,
11/11/2023 1:00,0.829,,,,,
11/11/2023 2:00,0.798,,,,,
11/11/2023 3:00,0.79,,,,,
11/11/2023 4:00,0.788,,,,,
11/11/2023 5:00,0.789,,,,,
11/11/2023 6:00,0.791,,,,,
11/11/2023 7:00,0.783,,,,,
11/11/2023 8:00,0.8,,,,,
11/11/2023 9:00,0.806,,,,,
11/11/2023 10:00,0.824,,,,,
11/11/2023 11:00,0.88,,,,,
11/11/2023 12:00,0.885,,,,,
11/11/2023 13:00,0.859,,,,,
11/11/2023 14:00,0.875,,,,,
11/11/2023 15:00,0.879,,,,,
11/11/2023 16:00,0.879,,,,,
11/11/2023 17:00,0.894,,,,,
11/11/2023 18:00,0.906,,,,,
11/11/2023 19:00,0.914,,,,,
11/11/2023 20:00,0.912,,,,,
11/11/2023 21:00,0.911,,,,,
11/11/2023 22:00,0.922,,,,,
11/11/2023 23:00,0.893,,,,,
11/12/2023 0:00,0.875,,,,,
11/12/2023 1:00,0.85,,,,,
11/12/2023 2:00,0.849,,,,,
11/12/2023 3:00,0.852,,,,,
11/12/2023 4:00,0.849,,,,,
11/12/2023 5:00,0.843,,,,,
11/12/2023 6:00,0.853,,,,,
11/12/2023 7:00,0.858,,,,,
11/12/2023 8:00,0.879,,,,,
11/12/2023 9:00,0.924,,,,,
11/12/2023 10:00,0.961,,,,,
11/12/2023 11:00,1.028,,,,,
11/12/2023 12:00,0.954,,,,,
11/12/2023 13:00,0.919,,,,,
11/12/2023 14:00,0.903,,,,,
11/12/2023 15:00,0.919,,,,,
11/12/2023 16:00,0.899,,,,,
11/12/2023 17:00,0.904,,,,,
11/12/2023 18:00,0.916,,,,,
11/12/2023 19:00,0.906,,,,,
11/12/2023 20:00,0.895,,,,,
11/12/2023 21:00,0.896,,,,,
11/12/2023 22:00,0.922,,,,,
11/12/2023 23:00,0.912,,,,,
11/13/2023 0:00,0.9,,,,,
11/13/2023 1:00,0.877,,,,,
11/13/2023 2:00,0.874,,,,,
11/13/2023 3:00,0.864,,,,,
11/13/2023 4:00,0.851,,,,,
11/13/2023 5:00,0.833,,,,,
11/13/2023 6:00,0.864,,,,,
11/13/2023 7:00,0.886,,,,,
11/13/2023 8:00,0.886,,,,,
11/13/2023 9:00,0.872,,,,,
11/13/2023 10:00,0.906,,,,,
11/13/2023 11:00,0.951,,,,,
11/13/2023 12:00,0.91,,,,,
11/13/2023 13:00,0.903,,,,,
11/13/2023 14:00,0.905,,,,,
11/13/2023 15:00,0.915,,,,,
11/13/2023 16:00,0.89,,,,,
11/13/2023 17:00,0.926,,,,,
11/13/2023 18:00,0.937,,,,,
11/13/2023 19:00,0.911,,,,,
11/13/2023 20:00,0.89,,,,,
11/13/2023 21:00,0.895,,,,,
11/13/2023 22:00,0.913,,,,,
11/13/2023 23:00,0.905,,,,,
11/14/2023 0:00,0.887,,,,,
11/14/2023 1:00,0.891,,,,,
11/14/2023 2:00,0.888,,,,,
11/14/2023 3:00,0.872,,,,,
11/14/2023 4:00,0.865,,,,,
11/14/2023 5:00,0.857,,,,,
11/14/2023 6:00,0.835,,,,,
11/14/2023 7:00,0.823,,,,,
11/14/2023 8:00,0.826,,,,,
11/14/2023 9:00,0.8,,,,,
11/14/2023 10:00,0.81,,,,,
11/14/2023 11:00,0.881,,,,,
11/14/2023 12:00,0.832,,,,,
11/14/2023 13:00,0.867,,,,,
11/14/2023 14:00,0.885,,,,,
11/14/2023 15:00,0.921,,,,,
11/14/2023 16:00,0.908,,,,,
11/14/2023 17:00,0.925,,,,,
11/14/2023 18:00,0.928,,,,,
11/14/2023 19:00,0.907,,,,,
11/14/2023 20:00,0.887,,,,,
11/14/2023 21:00,0.899,,,,,
11/14/2023 22:00,0.919,,,,,
11/14/2023 23:00,0.9,,,,,
11/15/2023 0:00,0.904,,,,,
11/15/2023 1:00,0.939,,,,,
11/15/2023 2:00,0.991,,,,,
11/15/2023 3:00,1.002,,,,,
11/15/2023 4:00,0.984,,,,,
11/15/2023 5:00,0.954,,,,,
11/15/2023 6:00,0.921,,,,,
11/15/2023 7:00,0.955,,,,,
11/15/2023 8:00,0.964,,,,,
11/15/2023 9:00,0.954,,,,,
11/15/2023 10:00,0.938,,,,,
11/15/2023 11:00,0.883,,,,,
11/15/2023 12:00,0.898,,,,,
11/15/2023 13:00,0.914,,,,,
11/15/2023 14:00,0.922,,,,,
11/15/2023 15:00,0.904,,,,,
11/15/2023 16:00,0.903,,,,,
11/15/2023 17:00,0.912,,,,,
11/15/2023 18:00,0.93,,,,,
11/15/2023 19:00,0.917,,,,,
11/15/2023 20:00,0.9,,,,,
11/15/2023 21:00,0.909,,,,,
11/15/2023 22:00,0.918,,,,,
11/15/2023 23:00,0.902,,,,,
11/16/2023 0:00,0.916,,,,,
11/16/2023 1:00,0.989,,,,,
11/16/2023 2:00,1.001,,,,,
11/16/2023 3:00,1.003,,,,,
11/16/2023 4:00,0.998,,,,,
11/16/2023 5:00,0.985,,,,,
11/16/2023 6:00,0.964,,,,,
11/16/2023 7:00,0.923,,,,,
11/16/2023 8:00,0.89,,,,,
11/16/2023 9:00,0.86,,,,,
11/16/2023 10:00,0.847,,,,,
11/16/2023 11:00,0.847,,,,,
11/16/2023 12:00,0.851,,,,,
11/16/2023 13:00,0.865,,,,,
11/16/2023 14:00,0.903,,,,,
11/16/2023 15:00,0.901,,,,,
11/16/2023 16:00,0.906,,,,,
11/16/2023 17:00,0.912,,,,,
11/16/2023 18:00,0.927,,,,,
11/16/2023 19:00,0.947,,,,,
11/16/2023 20:00,0.964,,,,,
11/16/2023 21:00,1.001,,,,,
11/16/2023 22:00,0.99,,,,,
11/16/2023 23:00,1,,,,,
11/17/2023 0:00,1.014,,,,,
11/17/2023 1:00,1.023,,,,,
11/17/2023 2:00,1.021,,,,,
11/17/2023 3:00,1.011,,,,,
11/17/2023 4:00,1.005,,,,,
11/17/2023 5:00,0.989,,,,,
11/17/2023 6:00,0.97,,,,,
11/17/2023 7:00,0.963,,,,,
11/17/2023 8:00,0.954,,,,,
11/17/2023 9:00,0.951,,,,,
11/17/2023 10:00,0.939,,,,,
11/17/2023 11:00,0.949,,,,,
11/17/2023 12:00,0.939,,,,,
11/17/2023 13:00,0.947,,,,,
11/17/2023 14:00,0.959,,,,,
11/17/2023 15:00,0.947,,,,,
11/17/2023 16:00,0.952,,,,,
11/17/2023 17:00,0.954,,,,,
11/17/2023 18:00,0.958,,,,,
11/17/2023 19:00,0.964,,,,,
11/17/2023 20:00,0.953,,,,,
11/17/2023 21:00,0.95,,,,,
11/17/2023 22:00,0.945,,,,,
11/17/2023 23:00,0.939,,,,,
11/18/2023 0:00,0.947,,,,,
11/18/2023 1:00,0.947,,,,,
11/18/2023 2:00,0.936,,,,,
11/18/2023 3:00,0.949,,,,,
11/18/2023 4:00,0.933,,,,,
11/18/2023 5:00,0.933,,,,,
11/18/2023 6:00,0.923,,,,,
11/18/2023 7:00,0.91,,,,,
11/18/2023 8:00,0.915,,,,,
11/18/2023 9:00,0.917,,,,,
11/18/2023 10:00,0.925,,,,,
11/18/2023 11:00,0.935,,,,,
11/18/2023 12:00,0.962,,,,,
11/18/2023 13:00,0.965,,,,,
11/18/2023 14:00,0.98,,,,,
11/18/2023 15:00,0.976,,,,,
11/18/2023 16:00,0.973,,,,,
11/18/2023 17:00,0.974,,,,,
11/18/2023 18:00,0.951,,,,,
11/18/2023 19:00,0.93,,,,,
11/18/2023 20:00,0.913,,,,,
11/18/2023 21:00,0.92,,,,,
11/18/2023 22:00,0.912,,,,,
11/18/2023 23:00,0.912,,,,,
11/19/2023 0:00,0.95,,,,,
11/19/2023 1:00,0.99,,,,,
11/19/2023 2:00,0.995,,,,,
11/19/2023 3:00,0.997,,,,,
11/19/2023 4:00,0.998,,,,,
11/19/2023 5:00,0.992,,,,,
11/19/2023 6:00,0.996,,,,,
11/19/2023 7:00,0.988,,,,,
11/19/2023 8:00,0.977,,,,,
11/19/2023 9:00,0.975,,,,,
11/19/2023 10:00,0.968,,,,,
11/19/2023 11:00,0.959,,,,,
11/19/2023 12:00,0.968,,,,,
11/19/2023 13:00,0.974,,,,,
11/19/2023 14:00,0.977,,,,,
11/19/2023 15:00,0.964,,,,,
11/19/2023 16:00,0.96,,,,,
11/19/2023 17:00,0.948,,,,,
11/19/2023 18:00,0.948,,,,,
11/19/2023 19:00,0.961,,,,,
11/19/2023 20:00,0.952,,,,,
11/19/2023 21:00,0.953,,,,,
11/19/2023 22:00,0.958,,,,,
11/19/2023 23:00,0.973,,,,,
11/20/2023 0:00,0.976,,,,,
11/20/2023 1:00,0.984,,,,,
11/20/2023 2:00,0.976,,,,,
11/20/2023 3:00,0.975,,,,,
11/20/2023 4:00,0.968,,,,,
11/20/2023 5:00,0.967,,,,,
11/20/2023 6:00,0.96,,,,,
11/20/2023 7:00,0.953,,,,,
11/20/2023 8:00,0.954,,,,,
11/20/2023 9:00,0.952,,,,,
11/20/2023 10:00,0.947,,,,,
11/20/2023 11:00,0.966,,,,,
11/20/2023 12:00,0.963,,,,,
11/20/2023 13:00,0.959,,,,,
11/20/2023 14:00,0.981,,,,,
11/20/2023 15:00,0.979,,,,,
11/20/2023 16:00,0.965,,,,,
11/20/2023 17:00,0.968,,,,,
11/20/2023 18:00,0.964,,,,,
11/20/2023 19:00,0.97,,,,,
11/20/2023 20:00,0.953,,,,,
11/20/2023 21:00,0.968,,,,,
11/20/2023 22:00,0.96,,,,,
11/20/2023 23:00,0.962,,,,,
11/21/2023 0:00,0.973,,,,,
11/21/2023 1:00,0.997,,,,,
11/21/2023 2:00,0.989,,,,,
11/21/2023 3:00,0.975,,,,,
11/21/2023 4:00,0.97,,,,,
11/21/2023 5:00,0.958,,,,,
11/21/2023 6:00,0.955,,,,,
11/21/2023 7:00,0.942,,,,,
11/21/2023 8:00,0.947,,,,,
11/21/2023 9:00,0.945,,,,,
11/21/2023 10:00,0.94,,,,,
11/21/2023 11:00,0.942,,,,,
11/21/2023 12:00,0.938,,,,,
11/21/2023 13:00,0.951,,,,,
11/21/2023 14:00,0.964,,,,,
11/21/2023 15:00,0.957,,,,,
11/21/2023 16:00,0.96,,,,,
11/21/2023 17:00,0.965,,,,,
11/21/2023 18:00,0.957,,,,,
11/21/2023 19:00,0.948,,,,,
11/21/2023 20:00,0.951,,,,,
11/21/2023 21:00,0.952,,,,,
11/21/2023 22:00,0.952,,,,,
11/21/2023 23:00,0.948,,,,,
11/22/2023 0:00,0.943,,,,,
11/22/2023 1:00,0.947,,,,,
11/22/2023 2:00,0.948,,,,,
11/22/2023 3:00,0.945,,,,,
11/22/2023 4:00,0.929,,,,,
11/22/2023 5:00,0.902,,,,,
11/22/2023 6:00,0.897,,,,,
11/22/2023 7:00,0.896,,,,,
11/22/2023 8:00,0.897,,,,,
11/22/2023 9:00,0.887,,,,,
11/22/2023 10:00,0.873,,,,,
11/22/2023 11:00,0.914,,,,,
11/22/2023 12:00,0.91,,,,,
11/22/2023 13:00,0.922,,,,,
11/22/2023 14:00,0.923,,,,,
11/22/2023 15:00,0.925,,,,,
11/22/2023 16:00,0.928,,,,,
11/22/2023 17:00,0.92,,,,,
11/22/2023 18:00,0.908,,,,,
11/22/2023 19:00,0.905,,,,,
11/22/2023 20:00,0.9,,,,,
11/22/2023 21:00,0.888,,,,,
11/22/2023 22:00,0.919,,,,,
11/22/2023 23:00,0.919,,,,,
11/23/2023 0:00,0.904,,,,,
11/23/2023 1:00,0.901,,,,,
11/23/2023 2:00,0.886,,,,,
11/23/2023 3:00,0.883,,,,,
11/23/2023 4:00,0.885,,,,,
11/23/2023 5:00,0.886,,,,,
11/23/2023 6:00,0.886,,,,,
11/23/2023 7:00,0.882,,,,,
11/23/2023 8:00,0.872,,,,,
11/23/2023 9:00,0.876,,,,,
11/23/2023 10:00,0.872,,,,,
11/23/2023 11:00,0.861,,,,,
11/23/2023 12:00,0.881,,,,,
11/23/2023 13:00,0.922,,,,,
11/23/2023 14:00,0.93,,,,,
11/23/2023 15:00,0.944,,,,,
11/23/2023 16:00,0.934,,,,,
11/23/2023 17:00,0.944,,,,,
11/23/2023 18:00,0.962,,,,,
11/23/2023 19:00,0.96,,,,,
11/23/2023 20:00,0.954,,,,,
11/23/2023 21:00,0.953,,,,,
11/23/2023 22:00,0.971,,,,,
11/23/2023 23:00,0.958,,,,,
11/24/2023 0:00,0.958,,,,,
11/24/2023 1:00,0.982,,,,,
11/24/2023 2:00,0.99,,,,,
11/24/2023 3:00,0.989,,,,,
11/24/2023 4:00,0.991,,,,,
11/24/2023 5:00,0.985,,,,,
11/24/2023 6:00,0.954,,,,,
11/24/2023 7:00,0.946,,,,,
11/24/2023 8:00,0.936,,,,,
11/24/2023 9:00,0.907,,,,,
11/24/2023 10:00,0.899,,,,,
11/24/2023 11:00,0.888,,,,,
11/24/2023 12:00,0.918,,,,,
11/24/2023 13:00,0.911,,,,,
11/24/2023 14:00,0.91,,,,,
11/24/2023 15:00,0.902,,,,,
11/24/2023 16:00,0.911,,,,,
11/24/2023 17:00,0.926,,,,,
11/24/2023 18:00,0.918,,,,,
11/24/2023 19:00,0.913,,,,,
11/24/2023 20:00,0.917,,,,,
11/24/2023 21:00,0.925,,,,,
11/24/2023 22:00,0.938,,,,,
11/24/2023 23:00,0.957,,,,,
11/25/2023 0:00,0.963,,,,,
11/25/2023 1:00,0.96,,,,,
11/25/2023 2:00,0.937,,,,,
11/25/2023 3:00,0.961,,,,,
11/25/2023 4:00,0.965,,,,,
11/25/2023 5:00,0.968,,,,,
11/25/2023 6:00,0.959,,,,,
11/25/2023 7:00,0.954,,,,,
11/25/2023 8:00,0.95,,,,,
11/25/2023 9:00,0.949,,,,,
11/25/2023 10:00,0.935,,,,,
11/25/2023 11:00,0.93,,,,,
11/25/2023 12:00,0.927,,,,,
11/25/2023 13:00,0.943,,,,,
11/25/2023 14:00,0.94,,,,,
11/25/2023 15:00,0.933,,,,,
11/25/2023 16:00,0.941,,,,,
11/25/2023 17:00,0.931,,,,,
11/25/2023 18:00,0.931,,,,,
11/25/2023 19:00,0.928,,,,,
11/25/2023 20:00,0.924,,,,,
11/25/2023 21:00,0.914,,,,,
11/25/2023 22:00,0.898,,,,,
11/25/2023 23:00,0.885,,,,,
11/26/2023 0:00,0.869,,,,,
11/26/2023 1:00,0.877,,,,,
11/26/2023 2:00,0.899,,,,,
11/26/2023 3:00,0.882,,,,,
11/26/2023 4:00,0.872,,,,,
11/26/2023 5:00,0.864,,,,,
11/26/2023 6:00,0.851,,,,,
11/26/2023 7:00,0.846,,,,,
11/26/2023 8:00,0.845,,,,,
11/26/2023 9:00,0.851,,,,,
11/26/2023 10:00,0.851,,,,,
11/26/2023 11:00,0.86,,,,,
11/26/2023 12:00,0.896,,,,,
11/26/2023 13:00,0.963,,,,,
11/26/2023 14:00,0.985,,,,,
11/26/2023 15:00,0.957,,,,,
11/26/2023 16:00,0.937,,,,,
11/26/2023 17:00,0.921,,,,,
11/26/2023 18:00,0.921,,,,,
11/26/2023 19:00,0.886,,,,,
11/26/2023 20:00,0.848,,,,,
11/26/2023 21:00,0.84,,,,,
11/26/2023 22:00,0.799,,,,,
11/26/2023 23:00,0.8,,,,,
11/27/2023 0:00,0.802,,,,,
11/27/2023 1:00,0.802,,,,,
11/27/2023 2:00,0.795,,,,,
11/27/2023 3:00,0.776,,,,,
11/27/2023 4:00,0.774,,,,,
11/27/2023 5:00,0.762,,,,,
11/27/2023 6:00,0.768,,,,,
11/27/2023 7:00,0.77,,,,,
11/27/2023 8:00,0.774,,,,,
11/27/2023 9:00,0.775,,,,,
11/27/2023 10:00,0.773,,,,,
11/27/2023 11:00,0.794,,,,,
11/27/2023 12:00,0.798,,,,,
11/27/2023 13:00,0.834,,,,,
11/27/2023 14:00,0.922,,,,,
11/27/2023 15:00,0.947,,,,,
11/27/2023 16:00,0.905,,,,,
11/27/2023 17:00,0.871,,,,,
11/27/2023 18:00,0.84,,,,,
11/27/2023 19:00,0.811,,,,,
11/27/2023 20:00,0.788,,,,,
11/27/2023 21:00,0.756,,,,,
11/27/2023 22:00,0.739,,,,,
11/27/2023 23:00,0.724,,,,,
11/28/2023 0:00,0.733,,,,,
11/28/2023 1:00,0.783,,,,,
11/28/2023 2:00,0.934,,,,,
11/28/2023 3:00,1.054,,,,,
11/28/2023 4:00,1.036,,,,,
11/28/2023 5:00,1.045,,,,,
11/28/2023 6:00,1.023,,,,,
11/28/2023 7:00,1.036,,,,,
11/28/2023 8:00,1.081,,,,,
11/28/2023 9:00,0.952,,,,,
11/28/2023 10:00,0.933,,,,,
11/28/2023 11:00,1.448,,,,,
11/28/2023 12:00,1.493,,,,,
11/28/2023 13:00,1.515,,,,,
11/28/2023 14:00,1.638,,,,,
11/28/2023 15:00,1.622,,,,,
11/28/2023 16:00,1.437,,,,,
11/28/2023 17:00,1.353,,,,,
11/28/2023 18:00,1.297,,,,,
11/28/2023 19:00,1.224,,,,,
11/28/2023 20:00,1.175,,,,,
11/28/2023 21:00,1.136,,,,,
11/28/2023 22:00,1.107,,,,,
11/28/2023 23:00,1.089,,,,,
11/29/2023 0:00,1.091,,,,,
11/29/2023 1:00,1.024,,,,,
11/29/2023 2:00,1.101,,,,,
11/29/2023 3:00,1.284,,,,,
11/29/2023 4:00,1.526,,,,,
11/29/2023 5:00,1.677,,,,,
11/29/2023 6:00,1.781,,,,,
11/29/2023 7:00,1.793,,,,,
11/29/2023 8:00,1.673,,,,,
11/29/2023 9:00,1.721,,,,,
11/29/2023 10:00,1.804,,,,,
11/29/2023 11:00,1.846,,,,,
11/29/2023 12:00,1.863,,,,,
11/29/2023 13:00,1.853,,,,,
11/29/2023 14:00,1.896,,,,,
11/29/2023 15:00,1.942,,,,,
11/29/2023 16:00,2.044,,,,,
11/29/2023 17:00,2.001,,,,,
11/29/2023 18:00,1.967,,,,,
11/29/2023 19:00,1.908,,,,,
11/29/2023 20:00,1.833,,,,,
11/29/2023 21:00,1.756,,,,,
11/29/2023 22:00,1.718,,,,,
11/29/2023 23:00,1.679,,,,,
11/30/2023 0:00,1.662,,,,,
11/30/2023 1:00,1.646,,,,,
11/30/2023 2:00,1.645,,,,,
11/30/2023 3:00,1.653,,,,,
11/30/2023 4:00,1.655,,,,,
11/30/2023 5:00,1.651,,,,,
11/30/2023 6:00,1.65,,,,,
11/30/2023 7:00,1.643,,,,,
11/30/2023 8:00,1.629,,,,,
11/30/2023 9:00,1.621,,,,,
11/30/2023 10:00,1.616,,,,,
11/30/2023 11:00,1.638,,,,,
11/30/2023 12:00,1.656,,,,,
11/30/2023 13:00,1.746,,,,,
11/30/2023 14:00,1.835,,,,,
11/30/2023 15:00,1.926,,,,,
11/30/2023 16:00,1.875,,,,,
11/30/2023 17:00,1.827,,,,,
11/30/2023 18:00,1.776,,,,,
11/30/2023 19:00,1.727,,,,,
11/30/2023 20:00,1.669,,,,,
11/30/2023 21:00,1.632,,,,,
11/30/2023 22:00,1.614,,,,,
11/30/2023 23:00,1.596,,,,,
12/1/2023 0:00,1.599,,,,,
12/1/2023 1:00,1.59,,,,,
12/1/2023 2:00,1.599,,,,,
12/1/2023 3:00,1.602,,,,,
12/1/2023 4:00,1.588,,,,,
12/1/2023 5:00,1.579,,,,,
12/1/2023 6:00,1.583,,,,,
12/1/2023 7:00,1.582,,,,,
12/1/2023 8:00,1.574,,,,,
12/1/2023 9:00,1.572,,,,,
12/1/2023 10:00,1.588,,,,,
12/1/2023 11:00,1.661,,,,,
12/1/2023 12:00,1.761,,,,,
12/1/2023 13:00,1.828,,,,,
12/1/2023 14:00,1.779,,,,,
12/1/2023 15:00,1.687,,,,,
12/1/2023 16:00,1.623,,,,,
12/1/2023 17:00,1.579,,,,,
12/1/2023 18:00,1.548,,,,,
12/1/2023 19:00,1.536,,,,,
12/1/2023 20:00,1.51,,,,,
12/1/2023 21:00,1.493,,,,,
12/1/2023 22:00,1.461,,,,,
12/1/2023 23:00,1.444,,,,,
12/2/2023 0:00,1.443,,,,,
12/2/2023 1:00,1.477,,,,,
12/2/2023 2:00,1.489,,,,,
12/2/2023 3:00,1.496,,,,,
12/2/2023 4:00,1.494,,,,,
12/2/2023 5:00,1.493,,,,,
12/2/2023 6:00,1.475,,,,,
12/2/2023 7:00,1.476,,,,,
12/2/2023 8:00,1.468,,,,,
12/2/2023 9:00,1.48,,,,,
12/2/2023 10:00,1.487,,,,,
12/2/2023 11:00,1.532,,,,,
12/2/2023 12:00,1.546,,,,,
12/2/2023 13:00,1.606,,,,,
12/2/2023 14:00,1.811,,,,,
12/2/2023 15:00,1.913,,,,,
12/2/2023 16:00,1.873,,,,,
12/2/2023 17:00,1.825,,,,,
12/2/2023 18:00,1.803,,,,,
12/2/2023 19:00,1.793,,,,,
12/2/2023 20:00,1.768,,,,,
12/2/2023 21:00,1.777,,,,,
12/2/2023 22:00,1.772,,,,,
12/2/2023 23:00,1.788,,,,,
12/3/2023 0:00,1.802,,,,,
12/3/2023 1:00,1.799,,,,,
12/3/2023 2:00,1.803,,,,,
12/3/2023 3:00,1.799,,,,,
12/3/2023 4:00,1.814,,,,,
12/3/2023 5:00,1.853,,,,,
12/3/2023 6:00,2.017,,,,,
12/3/2023 7:00,2.036,,,,,
12/3/2023 8:00,2.159,,,,,
12/3/2023 9:00,2.218,,,,,
12/3/2023 10:00,2.191,,,,,
12/3/2023 11:00,2.18,,,,,
12/3/2023 12:00,2.192,,,,,
12/3/2023 13:00,2.244,,,,,
12/3/2023 14:00,2.304,,,,,
12/3/2023 15:00,2.31,,,,,
12/3/2023 16:00,2.366,,,,,
12/3/2023 17:00,2.39,,,,,
12/3/2023 18:00,2.399,,,,,
12/3/2023 19:00,2.382,,,,,
12/3/2023 20:00,2.364,,,,,
12/3/2023 21:00,2.34,,,,,
12/3/2023 22:00,2.331,,,,,
12/3/2023 23:00,2.316,,,,,
12/4/2023 0:00,2.319,,,,,
12/4/2023 1:00,2.308,,,,,
12/4/2023 2:00,2.303,,,,,
12/4/2023 3:00,2.313,,,,,
12/4/2023 4:00,2.317,,,,,
12/4/2023 5:00,2.321,,,,,
12/4/2023 6:00,2.323,,,,,
12/4/2023 7:00,2.329,,,,,
12/4/2023 8:00,2.336,,,,,
12/4/2023 9:00,2.33,,,,,
12/4/2023 10:00,2.333,,,,,
12/4/2023 11:00,2.347,,,,,
12/4/2023 12:00,2.382,,,,,
12/4/2023 13:00,2.4,,,,,
12/4/2023 14:00,2.391,,,,,
12/4/2023 15:00,2.408,,,,,
12/4/2023 16:00,2.416,,,,,
12/4/2023 17:00,2.389,,,,,
12/4/2023 18:00,2.374,,,,,
12/4/2023 19:00,2.367,,,,,
12/4/2023 20:00,2.362,,,,,
12/4/2023 21:00,2.357,,,,,
12/4/2023 22:00,2.342,,,,,
12/4/2023 23:00,2.338,,,,,
12/5/2023 0:00,2.381,,,,,
12/5/2023 1:00,2.39,,,,,
12/5/2023 2:00,2.392,,,,,
12/5/2023 3:00,2.387,,,,,
12/5/2023 4:00,2.373,,,,,
12/5/2023 5:00,2.365,,,,,
12/5/2023 6:00,2.362,,,,,
12/5/2023 7:00,2.353,,,,,
12/5/2023 8:00,2.336,,,,,
12/5/2023 9:00,2.328,,,,,
12/5/2023 10:00,2.312,,,,,
12/5/2023 11:00,2.33,,,,,
12/5/2023 12:00,2.376,,,,,
12/5/2023 13:00,2.413,,,,,
12/5/2023 14:00,2.398,,,,,
12/5/2023 15:00,2.39,,,,,
12/5/2023 16:00,2.372,,,,,
12/5/2023 17:00,2.363,,,,,
12/5/2023 18:00,2.351,,,,,
12/5/2023 19:00,2.335,,,,,
12/5/2023 20:00,2.315,,,,,
12/5/2023 21:00,2.3,,,,,
12/5/2023 22:00,2.284,,,,,
12/5/2023 23:00,2.258,,,,,
12/6/2023 0:00,2.263,,,,,
12/6/2023 1:00,2.239,,,,,
12/6/2023 2:00,2.231,,,,,
12/6/2023 3:00,2.218,,,,,
12/6/2023 4:00,2.205,,,,,
12/6/2023 5:00,2.19,,,,,
12/6/2023 6:00,2.173,,,,,
12/6/2023 7:00,2.162,,,,,
12/6/2023 8:00,2.153,,,,,
12/6/2023 9:00,2.143,,,,,
12/6/2023 10:00,2.148,,,,,
12/6/2023 11:00,2.154,,,,,
12/6/2023 12:00,2.144,,,,,
12/6/2023 13:00,2.196,,,,,
12/6/2023 14:00,2.276,,,,,
12/6/2023 15:00,2.292,,,,,
12/6/2023 16:00,2.23,,,,,
12/6/2023 17:00,2.156,,,,,
12/6/2023 18:00,2.137,,,,,
12/6/2023 19:00,2.087,,,,,
12/6/2023 20:00,2.037,,,,,
12/6/2023 21:00,1.999,,,,,
12/6/2023 22:00,1.972,,,,,
12/6/2023 23:00,1.937,,,,,
12/7/2023 0:00,1.916,,,,,
12/7/2023 1:00,1.946,,,,,
12/7/2023 2:00,2.052,,,,,
12/7/2023 3:00,2.1,,,,,
12/7/2023 4:00,2.138,,,,,
12/7/2023 5:00,2.101,,,,,
12/7/2023 6:00,2.062,,,,,
12/7/2023 7:00,2.057,,,,,
12/7/2023 8:00,2.078,,,,,
12/7/2023 9:00,2.082,,,,,
12/7/2023 10:00,2.114,,,,,
12/7/2023 11:00,2.087,,,,,
12/7/2023 12:00,2.132,,,,,
12/7/2023 13:00,2.177,,,,,
12/7/2023 14:00,2.267,,,,,
12/7/2023 15:00,2.408,,,,,
12/7/2023 16:00,2.317,,,,,
12/7/2023 17:00,2.273,,,,,
12/7/2023 18:00,2.151,,,,,
12/7/2023 19:00,2.035,,,,,
12/7/2023 20:00,1.973,,,,,
12/7/2023 21:00,1.926,,,,,
12/7/2023 22:00,1.907,,,,,
12/7/2023 23:00,1.903,,,,,
12/8/2023 0:00,1.912,,,,,
12/8/2023 1:00,1.917,,,,,
12/8/2023 2:00,1.932,,,,,
12/8/2023 3:00,1.931,,,,,
12/8/2023 4:00,1.938,,,,,
12/8/2023 5:00,1.956,,,,,
12/8/2023 6:00,1.941,,,,,
12/8/2023 7:00,1.945,,,,,
12/8/2023 8:00,1.915,,,,,
12/8/2023 9:00,1.879,,,,,
12/8/2023 10:00,1.893,,,,,
12/8/2023 11:00,1.878,,,,,
12/8/2023 12:00,1.9,,,,,
12/8/2023 13:00,1.921,,,,,
12/8/2023 14:00,1.902,,,,,
12/8/2023 15:00,1.907,,,,,
12/8/2023 16:00,1.944,,,,,
12/8/2023 17:00,1.929,,,,,
12/8/2023 18:00,1.902,,,,,
12/8/2023 19:00,1.892,,,,,
12/8/2023 20:00,1.898,,,,,
12/8/2023 21:00,1.878,,,,,
12/8/2023 22:00,1.86,,,,,
12/8/2023 23:00,1.85,,,,,
12/9/2023 0:00,1.836,,,,,
12/9/2023 1:00,1.838,,,,,
12/9/2023 2:00,1.844,,,,,
12/9/2023 3:00,1.84,,,,,
12/9/2023 4:00,1.83,,,,,
12/9/2023 5:00,1.862,,,,,
12/9/2023 6:00,1.876,,,,,
12/9/2023 7:00,1.877,,,,,
12/9/2023 8:00,1.878,,,,,
12/9/2023 9:00,1.875,,,,,
12/9/2023 10:00,1.87,,,,,
12/9/2023 11:00,1.885,,,,,
12/9/2023 12:00,1.968,,,,,
12/9/2023 13:00,2.05,,,,,
12/9/2023 14:00,2.084,,,,,
12/9/2023 15:00,2.103,,,,,
12/9/2023 16:00,2.089,,,,,
12/9/2023 17:00,2.047,,,,,
12/9/2023 18:00,1.997,,,,,
12/9/2023 19:00,1.953,,,,,
12/9/2023 20:00,1.92,,,,,
12/9/2023 21:00,1.887,,,,,
12/9/2023 22:00,1.879,,,,,
12/9/2023 23:00,1.855,,,,,
12/10/2023 0:00,1.825,,,,,
12/10/2023 1:00,1.79,,,,,
12/10/2023 2:00,1.785,,,,,
12/10/2023 3:00,1.767,,,,,
12/10/2023 4:00,1.702,,,,,
12/10/2023 5:00,1.729,,,,,
12/10/2023 6:00,1.65,,,,,
12/10/2023 7:00,1.613,,,,,
12/10/2023 8:00,1.612,,,,,
12/10/2023 9:00,1.676,,,,,
12/10/2023 10:00,1.706,,,,,
12/10/2023 11:00,1.736,,,,,
12/10/2023 12:00,1.768,,,,,
12/10/2023 13:00,1.8,,,,,
12/10/2023 14:00,1.844,,,,,
12/10/2023 15:00,1.928,,,,,
12/10/2023 16:00,2.001,,,,,
12/10/2023 17:00,2.057,,,,,
12/10/2023 18:00,2.055,,,,,
12/10/2023 19:00,2.025,,,,,
12/10/2023 20:00,1.974,,,,,
12/10/2023 21:00,1.929,,,,,
12/10/2023 22:00,1.888,,,,,
12/10/2023 23:00,1.865,,,,,
12/11/2023 0:00,1.854,,,,,
12/11/2023 1:00,1.833,,,,,
12/11/2023 2:00,1.839,,,,,
12/11/2023 3:00,1.855,,,,,
12/11/2023 4:00,1.914,,,,,
12/11/2023 5:00,1.959,,,,,
12/11/2023 6:00,1.971,,,,,
12/11/2023 7:00,1.979,,,,,
12/11/2023 8:00,1.98,,,,,
12/11/2023 9:00,1.994,,,,,
12/11/2023 10:00,2.013,,,,,
12/11/2023 11:00,2.017,,,,,
12/11/2023 12:00,2.035,,,,,
12/11/2023 13:00,2.121,,,,,
12/11/2023 14:00,2.18,,,,,
12/11/2023 15:00,2.183,,,,,
12/11/2023 16:00,2.174,,,,,
12/11/2023 17:00,2.157,,,,,
12/11/2023 18:00,2.128,,,,,
12/11/2023 19:00,2.089,,,,,
12/11/2023 20:00,2.043,,,,,
12/11/2023 21:00,1.979,,,,,
12/11/2023 22:00,1.931,,,,,
12/11/2023 23:00,1.911,,,,,
12/12/2023 0:00,1.891,,,,,
12/12/2023 1:00,1.868,,,,,
12/12/2023 2:00,1.851,,,,,
12/12/2023 3:00,1.831,,,,,
12/12/2023 4:00,1.868,,,,,
12/12/2023 5:00,1.88,,,,,
12/12/2023 6:00,1.898,,,,,
12/12/2023 7:00,1.916,,,,,
12/12/2023 8:00,1.911,,,,,
12/12/2023 9:00,1.904,,,,,
12/12/2023 10:00,1.899,,,,,
12/12/2023 11:00,1.902,,,,,
12/12/2023 12:00,1.916,,,,,
12/12/2023 13:00,1.908,,,,,
12/12/2023 14:00,1.93,,,,,
12/12/2023 15:00,1.898,,,,,
12/12/2023 16:00,1.878,,,,,
12/12/2023 17:00,1.881,,,,,
12/12/2023 18:00,1.854,,,,,
12/12/2023 19:00,1.828,,,,,
12/12/2023 20:00,1.818,,,,,
12/12/2023 21:00,1.817,,,,,
12/12/2023 22:00,1.83,,,,,
12/12/2023 23:00,1.806,,,,,
12/13/2023 0:00,1.793,,,,,
12/13/2023 1:00,1.794,,,,,
12/13/2023 2:00,1.809,,,,,
12/13/2023 3:00,1.798,,,,,
12/13/2023 4:00,1.796,,,,,
12/13/2023 5:00,1.805,,,,,
12/13/2023 6:00,1.813,,,,,
12/13/2023 7:00,1.835,,,,,
12/13/2023 8:00,1.831,,,,,
12/13/2023 9:00,1.806,,,,,
12/13/2023 10:00,1.799,,,,,
12/13/2023 11:00,1.83,,,,,
12/13/2023 12:00,1.701,,,,,
12/13/2023 13:00,1.814,,,,,
12/13/2023 14:00,1.908,,,,,
12/13/2023 15:00,1.975,,,,,
12/13/2023 16:00,1.914,,,,,
12/13/2023 17:00,1.888,,,,,
12/13/2023 18:00,1.865,,,,,
12/13/2023 19:00,1.873,,,,,
12/13/2023 20:00,1.883,,,,,
12/13/2023 21:00,1.902,,,,,
12/13/2023 22:00,1.902,,,,,
12/13/2023 23:00,1.906,,,,,
12/14/2023 0:00,1.897,,,,,
12/14/2023 1:00,1.889,,,,,
12/14/2023 2:00,1.881,,,,,
12/14/2023 3:00,1.883,,,,,
12/14/2023 4:00,1.862,,,,,
12/14/2023 5:00,1.839,,,,,
12/14/2023 6:00,1.813,,,,,
12/14/2023 7:00,1.807,,,,,
12/14/2023 8:00,1.8,,,,,
12/14/2023 9:00,1.815,,,,,
12/14/2023 10:00,1.821,,,,,
12/14/2023 11:00,1.843,,,,,
12/14/2023 12:00,1.859,,,,,
12/14/2023 13:00,1.931,,,,,
12/14/2023 14:00,1.978,,,,,
12/14/2023 15:00,1.954,,,,,
12/14/2023 16:00,1.892,,,,,
12/14/2023 17:00,1.853,,,,,
12/14/2023 18:00,1.809,,,,,
12/14/2023 19:00,1.772,,,,,
12/14/2023 20:00,1.772,,,,,
12/14/2023 21:00,1.771,,,,,
12/14/2023 22:00,1.77,,,,,
12/14/2023 23:00,1.763,,,,,
12/15/2023 0:00,1.771,,,,,
12/15/2023 1:00,1.744,,,,,
12/15/2023 2:00,1.75,,,,,
12/15/2023 3:00,1.765,,,,,
12/15/2023 4:00,1.77,,,,,
12/15/2023 5:00,1.787,,,,,
12/15/2023 6:00,1.784,,,,,
12/15/2023 7:00,1.778,,,,,
12/15/2023 8:00,1.771,,,,,
12/15/2023 9:00,1.778,,,,,
12/15/2023 10:00,1.767,,,,,
12/15/2023 11:00,1.718,,,,,
12/15/2023 12:00,1.781,,,,,
12/15/2023 13:00,1.825,,,,,
12/15/2023 14:00,1.879,,,,,
12/15/2023 15:00,1.89,,,,,
12/15/2023 16:00,1.799,,,,,
12/15/2023 17:00,1.707,,,,,
12/15/2023 18:00,1.64,,,,,
12/15/2023 19:00,1.601,,,,,
12/15/2023 20:00,1.621,,,,,
12/15/2023 21:00,1.583,,,,,
12/15/2023 22:00,1.552,,,,,
12/15/2023 23:00,1.521,,,,,
12/16/2023 0:00,1.561,,,,,
12/16/2023 1:00,1.585,,,,,
12/16/2023 2:00,1.614,,,,,
12/16/2023 3:00,1.629,,,,,
12/16/2023 4:00,1.604,,,,,
12/16/2023 5:00,1.607,,,,,
12/16/2023 6:00,1.553,,,,,
12/16/2023 7:00,1.589,,,,,
12/16/2023 8:00,1.615,,,,,
12/16/2023 9:00,1.591,,,,,
12/16/2023 10:00,1.594,,,,,
12/16/2023 11:00,1.552,,,,,
12/16/2023 12:00,1.561,,,,,
12/16/2023 13:00,1.532,,,,,
12/16/2023 14:00,1.652,,,,,
12/16/2023 15:00,1.844,,,,,
12/16/2023 16:00,1.977,,,,,
12/16/2023 17:00,1.984,,,,,
12/16/2023 18:00,2.077,,,,,
12/16/2023 19:00,2.137,,,,,
12/16/2023 20:00,2.06,,,,,
12/16/2023 21:00,2.008,,,,,
12/16/2023 22:00,1.944,,,,,
12/16/2023 23:00,1.93,,,,,
12/17/2023 0:00,1.913,,,,,
12/17/2023 1:00,1.868,,,,,
12/17/2023 2:00,1.833,,,,,
12/17/2023 3:00,1.726,,,,,
12/17/2023 4:00,1.712,,,,,
12/17/2023 5:00,1.646,,,,,
12/17/2023 6:00,1.653,,,,,
12/17/2023 7:00,1.613,,,,,
12/17/2023 8:00,1.583,,,,,
12/17/2023 9:00,1.563,,,,,
12/17/2023 10:00,1.54,,,,,
12/17/2023 11:00,1.537,,,,,
12/17/2023 12:00,1.57,,,,,
12/17/2023 13:00,1.576,,,,,
12/17/2023 14:00,1.716,,,,,
12/17/2023 15:00,1.902,,,,,
12/17/2023 16:00,2.029,,,,,
12/17/2023 17:00,2.198,,,,,
12/17/2023 18:00,2.184,,,,,
12/17/2023 19:00,2.128,,,,,
12/17/2023 20:00,2.04,,,,,
12/17/2023 21:00,1.907,,,,,
12/17/2023 22:00,1.682,,,,,
12/17/2023 23:00,1.611,,,,,
12/18/2023 0:00,1.58,,,,,
12/18/2023 1:00,1.569,,,,,
12/18/2023 2:00,1.55,,,,,
12/18/2023 3:00,1.547,,,,,
12/18/2023 4:00,1.548,,,,,
12/18/2023 5:00,1.56,,,,,
12/18/2023 6:00,1.547,,,,,
12/18/2023 7:00,1.55,,,,,
12/18/2023 8:00,1.545,,,,,
12/18/2023 9:00,1.507,,,,,
12/18/2023 10:00,1.495,,,,,
12/18/2023 11:00,1.552,,,,,
12/18/2023 12:00,1.602,,,,,
12/18/2023 13:00,1.436,,,,,
12/18/2023 14:00,1.092,,,,,
12/18/2023 15:00,1.769,,,,,
12/18/2023 16:00,1.942,,,,,
12/18/2023 17:00,2.233,,,,,
12/18/2023 18:00,2.286,,,,,
12/18/2023 19:00,2.314,,,,,
12/18/2023 20:00,2.268,,,,,
12/18/2023 21:00,2.115,,,,,
12/18/2023 22:00,1.993,,,,,
12/18/2023 23:00,1.92,,,,,
12/19/2023 0:00,1.842,,,,,
12/19/2023 1:00,1.797,,,,,
12/19/2023 2:00,1.744,,,,,
12/19/2023 3:00,1.726,,,,,
12/19/2023 4:00,1.703,,,,,
12/19/2023 5:00,1.697,,,,,
12/19/2023 6:00,1.694,,,,,
12/19/2023 7:00,1.68,,,,,
12/19/2023 8:00,1.702,,,,,
12/19/2023 9:00,1.693,,,,,
12/19/2023 10:00,1.692,,,,,
12/19/2023 11:00,1.523,,,,,
12/19/2023 12:00,1.174,,,,,
12/19/2023 13:00,1.08,,,,,
12/19/2023 14:00,1.651,,,,,
12/19/2023 15:00,1.757,,,,,
12/19/2023 16:00,1.749,,,,,
12/19/2023 17:00,1.717,,,,,
12/19/2023 18:00,1.665,,,,,
12/19/2023 19:00,1.682,,,,,
12/19/2023 20:00,1.768,,,,,
12/19/2023 21:00,1.812,,,,,
12/19/2023 22:00,1.84,,,,,
12/19/2023 23:00,1.858,,,,,
12/20/2023 0:00,1.901,,,,,
12/20/2023 1:00,1.913,,,,,
12/20/2023 2:00,1.927,,,,,
12/20/2023 3:00,1.924,,,,,
12/20/2023 4:00,1.893,,,,,
12/20/2023 5:00,1.871,,,,,
12/20/2023 6:00,1.866,,,,,
12/20/2023 7:00,1.863,,,,,
12/20/2023 8:00,1.858,,,,,
12/20/2023 9:00,1.858,,,,,
12/20/2023 10:00,1.864,,,,,
12/20/2023 11:00,1.846,,,,,
12/20/2023 12:00,1.872,,,,,
12/20/2023 13:00,1.926,,,,,
12/20/2023 14:00,1.966,,,,,
12/20/2023 15:00,1.967,,,,,
12/20/2023 16:00,1.921,,,,,
12/20/2023 17:00,1.975,,,,,
12/20/2023 18:00,2.097,,,,,
12/20/2023 19:00,2.113,,,,,
12/20/2023 20:00,2.076,,,,,
12/20/2023 21:00,1.915,,,,,
12/20/2023 22:00,1.87,,,,,
12/20/2023 23:00,1.839,,,,,
12/21/2023 0:00,1.811,,,,,
12/21/2023 1:00,1.811,,,,,
12/21/2023 2:00,1.913,,,,,
12/21/2023 3:00,1.879,,,,,
12/21/2023 4:00,1.864,,,,,
12/21/2023 5:00,1.859,,,,,
12/21/2023 6:00,1.842,,,,,
12/21/2023 7:00,1.784,,,,,
12/21/2023 8:00,1.838,,,,,
12/21/2023 9:00,1.772,,,,,
12/21/2023 10:00,1.843,,,,,
12/21/2023 11:00,1.785,,,,,
12/21/2023 12:00,1.849,,,,,
12/21/2023 13:00,1.886,,,,,
12/21/2023 14:00,1.918,,,,,
12/21/2023 15:00,1.931,,,,,
12/21/2023 16:00,1.852,,,,,
12/21/2023 17:00,1.773,,,,,
12/21/2023 18:00,1.749,,,,,
12/21/2023 19:00,1.709,,,,,
12/21/2023 20:00,1.584,,,,,
12/21/2023 21:00,1.501,,,,,
12/21/2023 22:00,1.428,,,,,
12/21/2023 23:00,1.328,,,,,
12/22/2023 0:00,1.315,,,,,
12/22/2023 1:00,1.215,,,,,
12/22/2023 2:00,1.273,,,,,
12/22/2023 3:00,1.291,,,,,
12/22/2023 4:00,1.37,,,,,
12/22/2023 5:00,1.436,,,,,
12/22/2023 6:00,1.434,,,,,
12/22/2023 7:00,1.437,,,,,
12/22/2023 8:00,1.461,,,,,
12/22/2023 9:00,1.501,,,,,
12/22/2023 10:00,1.529,,,,,
12/22/2023 11:00,1.604,,,,,
12/22/2023 12:00,1.704,,,,,
12/22/2023 13:00,1.907,,,,,
12/22/2023 14:00,1.844,,,,,
12/22/2023 15:00,1.749,,,,,
12/22/2023 16:00,1.749,,,,,
12/22/2023 17:00,1.714,,,,,
12/22/2023 18:00,1.626,,,,,
12/22/2023 19:00,1.587,,,,,
12/22/2023 20:00,1.574,,,,,
12/22/2023 21:00,1.685,,,,,
12/22/2023 22:00,1.744,,,,,
12/22/2023 23:00,1.748,,,,,
12/23/2023 0:00,1.744,,,,,
12/23/2023 1:00,1.742,,,,,
12/23/2023 2:00,1.706,,,,,
12/23/2023 3:00,1.641,,,,,
12/23/2023 4:00,1.639,,,,,
12/23/2023 5:00,1.632,,,,,
12/23/2023 6:00,1.692,,,,,
12/23/2023 7:00,1.692,,,,,
12/23/2023 8:00,1.637,,,,,
12/23/2023 9:00,1.64,,,,,
12/23/2023 10:00,1.639,,,,,
12/23/2023 11:00,1.617,,,,,
12/23/2023 12:00,1.575,,,,,
12/23/2023 13:00,1.562,,,,,
12/23/2023 14:00,1.599,,,,,
12/23/2023 15:00,1.637,,,,,
12/23/2023 16:00,1.631,,,,,
12/23/2023 17:00,1.6,,,,,
12/23/2023 18:00,1.558,,,,,
12/23/2023 19:00,1.551,,,,,
12/23/2023 20:00,1.592,,,,,
12/23/2023 21:00,1.596,,,,,
12/23/2023 22:00,1.586,,,,,
12/23/2023 23:00,1.58,,,,,
12/24/2023 0:00,1.584,,,,,
12/24/2023 1:00,1.573,,,,,
12/24/2023 2:00,1.587,,,,,
12/24/2023 3:00,1.588,,,,,
12/24/2023 4:00,1.457,,,,,
12/24/2023 5:00,1.4,,,,,
12/24/2023 6:00,1.383,,,,,
12/24/2023 7:00,1.364,,,,,
12/24/2023 8:00,1.376,,,,,
12/24/2023 9:00,1.392,,,,,
12/24/2023 10:00,1.407,,,,,
12/24/2023 11:00,1.53,,,,,
12/24/2023 12:00,1.657,,,,,
12/24/2023 13:00,1.682,,,,,
12/24/2023 14:00,1.717,,,,,
12/24/2023 15:00,1.728,,,,,
12/24/2023 16:00,1.715,,,,,
12/24/2023 17:00,1.7,,,,,
12/24/2023 18:00,1.683,,,,,
12/24/2023 19:00,1.67,,,,,
12/24/2023 20:00,1.655,,,,,
12/24/2023 21:00,1.649,,,,,
12/24/2023 22:00,1.642,,,,,
12/24/2023 23:00,1.63,,,,,
12/25/2023 0:00,1.621,,,,,
12/25/2023 1:00,1.601,,,,,
12/25/2023 2:00,1.59,,,,,
12/25/2023 3:00,1.596,,,,,
12/25/2023 4:00,1.601,,,,,
12/25/2023 5:00,1.602,,,,,
12/25/2023 6:00,1.578,,,,,
12/25/2023 7:00,1.563,,,,,
12/25/2023 8:00,1.549,,,,,
12/25/2023 9:00,1.521,,,,,
12/25/2023 10:00,1.509,,,,,
12/25/2023 11:00,1.524,,,,,
12/25/2023 12:00,1.493,,,,,
12/25/2023 13:00,1.454,,,,,
12/25/2023 14:00,1.511,,,,,
12/25/2023 15:00,1.552,,,,,
12/25/2023 16:00,1.571,,,,,
12/25/2023 17:00,1.609,,,,,
12/25/2023 18:00,1.667,,,,,
12/25/2023 19:00,1.665,,,,,
12/25/2023 20:00,1.653,,,,,
12/25/2023 21:00,1.618,,,,,
12/25/2023 22:00,1.569,,,,,
12/25/2023 23:00,1.493,,,,,
12/26/2023 0:00,1.449,,,,,
12/26/2023 1:00,1.427,,,,,
12/26/2023 2:00,1.403,,,,,
12/26/2023 3:00,1.41,,,,,
12/26/2023 4:00,1.438,,,,,
12/26/2023 5:00,1.467,,,,,
12/26/2023 6:00,1.484,,,,,
12/26/2023 7:00,1.493,,,,,
12/26/2023 8:00,1.453,,,,,
12/26/2023 9:00,1.427,,,,,
12/26/2023 10:00,1.425,,,,,
12/26/2023 11:00,1.421,,,,,
12/26/2023 12:00,1.401,,,,,
12/26/2023 13:00,1.426,,,,,
12/26/2023 14:00,1.481,,,,,
12/26/2023 15:00,1.509,,,,,
12/26/2023 16:00,1.517,,,,,
12/26/2023 17:00,1.54,,,,,
12/26/2023 18:00,1.641,,,,,
12/26/2023 19:00,1.657,,,,,
12/26/2023 20:00,1.642,,,,,
12/26/2023 21:00,1.619,,,,,
12/26/2023 22:00,1.55,,,,,
12/26/2023 23:00,1.546,,,,,
12/27/2023 0:00,1.574,,,,,
12/27/2023 1:00,1.574,,,,,
12/27/2023 2:00,1.574,,,,,
12/27/2023 3:00,1.582,,,,,
12/27/2023 4:00,1.57,,,,,
12/27/2023 5:00,1.569,,,,,
12/27/2023 6:00,1.565,,,,,
12/27/2023 7:00,1.56,,,,,
12/27/2023 8:00,1.562,,,,,
12/27/2023 9:00,1.538,,,,,
12/27/2023 10:00,1.515,,,,,
12/27/2023 11:00,1.52,,,,,
12/27/2023 12:00,1.511,,,,,
12/27/2023 13:00,1.479,,,,,
12/27/2023 14:00,1.611,,,,,
12/27/2023 15:00,1.688,,,,,
12/27/2023 16:00,1.705,,,,,
12/27/2023 17:00,1.708,,,,,
12/27/2023 18:00,1.686,,,,,
12/27/2023 19:00,1.67,,,,,
12/27/2023 20:00,1.633,,,,,
12/27/2023 21:00,1.62,,,,,
12/27/2023 22:00,1.613,,,,,
12/27/2023 23:00,1.541,,,,,
12/28/2023 0:00,1.461,,,,,
12/28/2023 1:00,1.447,,,,,
12/28/2023 2:00,1.447,,,,,
12/28/2023 3:00,1.479,,,,,
12/28/2023 4:00,1.504,,,,,
12/28/2023 5:00,1.529,,,,,
12/28/2023 6:00,1.54,,,,,
12/28/2023 7:00,1.546,,,,,
12/28/2023 8:00,1.533,,,,,
12/28/2023 9:00,1.542,,,,,
12/28/2023 10:00,1.541,,,,,
12/28/2023 11:00,1.551,,,,,
12/28/2023 12:00,1.565,,,,,
12/28/2023 13:00,1.612,,,,,
12/28/2023 14:00,1.637,,,,,
12/28/2023 15:00,1.667,,,,,
12/28/2023 16:00,1.697,,,,,
12/28/2023 17:00,1.705,,,,,
12/28/2023 18:00,1.687,,,,,
12/28/2023 19:00,1.717,,,,,
12/28/2023 20:00,1.696,,,,,
12/28/2023 21:00,1.625,,,,,
12/28/2023 22:00,1.581,,,,,
12/28/2023 23:00,1.531,,,,,
12/29/2023 0:00,1.514,,,,,
12/29/2023 1:00,1.477,,,,,
12/29/2023 2:00,1.472,,,,,
12/29/2023 3:00,1.47,,,,,
12/29/2023 4:00,1.477,,,,,
12/29/2023 5:00,1.481,,,,,
12/29/2023 6:00,1.472,,,,,
12/29/2023 7:00,1.463,,,,,
12/29/2023 8:00,1.462,,,,,
12/29/2023 9:00,1.472,,,,,
12/29/2023 10:00,1.462,,,,,
12/29/2023 11:00,1.458,,,,,
12/29/2023 12:00,1.446,,,,,
12/29/2023 13:00,1.535,,,,,
12/29/2023 14:00,1.619,,,,,
12/29/2023 15:00,1.67,,,,,
12/29/2023 16:00,1.683,,,,,
12/29/2023 17:00,1.704,,,,,
12/29/2023 18:00,1.703,,,,,
12/29/2023 19:00,1.685,,,,,
12/29/2023 20:00,1.624,,,,,
12/29/2023 21:00,1.59,,,,,
12/29/2023 22:00,1.566,,,,,
12/29/2023 23:00,1.504,,,,,
12/30/2023 0:00,1.482,,,,,
12/30/2023 1:00,1.473,,,,,
12/30/2023 2:00,1.46,,,,,
12/30/2023 3:00,1.472,,,,,
12/30/2023 4:00,1.464,,,,,
12/30/2023 5:00,1.4,,,,,
12/30/2023 6:00,1.368,,,,,
12/30/2023 7:00,1.454,,,,,
12/30/2023 8:00,1.487,,,,,
12/30/2023 9:00,1.47,,,,,
12/30/2023 10:00,1.425,,,,,
12/30/2023 11:00,1.403,,,,,
12/30/2023 12:00,1.472,,,,,
12/30/2023 13:00,1.626,,,,,
12/30/2023 14:00,1.57,,,,,
12/30/2023 15:00,1.584,,,,,
12/30/2023 16:00,1.706,,,,,
12/30/2023 17:00,1.742,,,,,
12/30/2023 18:00,1.676,,,,,
12/30/2023 19:00,1.653,,,,,
12/30/2023 20:00,1.674,,,,,
12/30/2023 21:00,1.633,,,,,
12/30/2023 22:00,1.595,,,,,
12/30/2023 23:00,1.505,,,,,
12/31/2023 0:00,1.472,,,,,
12/31/2023 1:00,1.498,,,,,
12/31/2023 2:00,1.543,,,,,
12/31/2023 3:00,1.565,,,,,
12/31/2023 4:00,1.54,,,,,
12/31/2023 5:00,1.494,,,,,
12/31/2023 6:00,1.448,,,,,
12/31/2023 7:00,1.438,,,,,
12/31/2023 8:00,1.507,,,,,
12/31/2023 9:00,1.503,,,,,
12/31/2023 10:00,1.507,,,,,
12/31/2023 11:00,1.53,,,,,
12/31/2023 12:00,1.533,,,,,
12/31/2023 13:00,1.504,,,,,
12/31/2023 14:00,1.514,,,,,
12/31/2023 15:00,1.552,,,,,
12/31/2023 16:00,1.63,,,,,
12/31/2023 17:00,1.703,,,,,
12/31/2023 18:00,1.694,,,,,
12/31/2023 19:00,1.649,,,,,
12/31/2023 20:00,1.676,,,,,
12/31/2023 21:00,1.634,,,,,
12/31/2023 22:00,1.579,,,,,
12/31/2023 23:00,1.576,,,,,
1/1/2024 0:00,1.518,,,,,
1/1/2024 1:00,1.5,,,,,
1/1/2024 2:00,1.497,,,,,
1/1/2024 3:00,1.499,,,,,
1/1/2024 4:00,1.528,,,,,
1/1/2024 5:00,1.532,,,,,
1/1/2024 6:00,1.485,,,,,
1/1/2024 7:00,1.489,,,,,
1/1/2024 8:00,1.483,,,,,
1/1/2024 9:00,1.487,,,,,
1/1/2024 10:00,1.484,,,,,
1/1/2024 11:00,1.501,,,,,
1/1/2024 12:00,1.535,,,,,
1/1/2024 13:00,1.566,,,,,
1/1/2024 14:00,1.563,,,,,
1/1/2024 15:00,1.566,,,,,
1/1/2024 16:00,1.574,,,,,
1/1/2024 17:00,1.634,,,,,
1/1/2024 18:00,1.676,,,,,
1/1/2024 19:00,1.675,,,,,
1/1/2024 20:00,1.661,,,,,
1/1/2024 21:00,1.63,,,,,
1/1/2024 22:00,1.577,,,,,
1/1/2024 23:00,1.56,,,,,
1/2/2024 0:00,1.545,,,,,
1/2/2024 1:00,1.539,,,,,
1/2/2024 2:00,1.53,,,,,
1/2/2024 3:00,1.537,,,,,
1/2/2024 4:00,1.534,,,,,
1/2/2024 5:00,1.532,,,,,
1/2/2024 6:00,1.52,,,,,
1/2/2024 7:00,1.503,,,,,
1/2/2024 8:00,1.488,,,,,
1/2/2024 9:00,1.495,,,,,
1/2/2024 10:00,1.494,,,,,
1/2/2024 11:00,1.475,,,,,
1/2/2024 12:00,1.484,,,,,
1/2/2024 13:00,1.512,,,,,
1/2/2024 14:00,1.536,,,,,
1/2/2024 15:00,1.55,,,,,
1/2/2024 16:00,1.571,,,,,
1/2/2024 17:00,1.6,,,,,
1/2/2024 18:00,1.677,,,,,
1/2/2024 19:00,1.676,,,,,
1/2/2024 20:00,1.653,,,,,
1/2/2024 21:00,1.546,,,,,
1/2/2024 22:00,1.476,,,,,
1/2/2024 23:00,1.477,,,,,
1/3/2024 0:00,1.501,,,,,
1/3/2024 1:00,1.514,,,,,
1/3/2024 2:00,1.518,,,,,
1/3/2024 3:00,1.53,,,,,
1/3/2024 4:00,1.494,,,,,
1/3/2024 5:00,1.47,,,,,
1/3/2024 6:00,1.457,,,,,
1/3/2024 7:00,1.46,,,,,
1/3/2024 8:00,1.457,,,,,
1/3/2024 9:00,1.407,,,,,
1/3/2024 10:00,1.317,,,,,
1/3/2024 11:00,1.334,,,,,
1/3/2024 12:00,1.413,,,,,
1/3/2024 13:00,1.462,,,,,
1/3/2024 14:00,1.488,,,,,
1/3/2024 15:00,1.504,,,,,
1/3/2024 16:00,1.513,,,,,
1/3/2024 17:00,1.627,,,,,
1/3/2024 18:00,1.629,,,,,
1/3/2024 19:00,1.631,,,,,
1/3/2024 20:00,1.615,,,,,
1/3/2024 21:00,1.604,,,,,
1/3/2024 22:00,1.596,,,,,
1/3/2024 23:00,1.574,,,,,
1/4/2024 0:00,1.574,,,,,
1/4/2024 1:00,1.541,,,,,
1/4/2024 2:00,1.489,,,,,
1/4/2024 3:00,1.49,,,,,
1/4/2024 4:00,1.534,,,,,
1/4/2024 5:00,1.531,,,,,
1/4/2024 6:00,1.496,,,,,
1/4/2024 7:00,1.492,,,,,
1/4/2024 8:00,1.496,,,,,
1/4/2024 9:00,1.503,,,,,
1/4/2024 10:00,1.511,,,,,
1/4/2024 11:00,1.519,,,,,
1/4/2024 12:00,1.538,,,,,
1/4/2024 13:00,1.613,,,,,
1/4/2024 14:00,1.593,,,,,
1/4/2024 15:00,1.588,,,,,
1/4/2024 16:00,1.583,,,,,
1/4/2024 17:00,1.572,,,,,
1/4/2024 18:00,1.574,,,,,
1/4/2024 19:00,1.56,,,,,
1/4/2024 20:00,1.562,,,,,
1/4/2024 21:00,1.556,,,,,
1/4/2024 22:00,1.55,,,,,
1/4/2024 23:00,1.549,,,,,
1/5/2024 0:00,1.551,,,,,
1/5/2024 1:00,1.521,,,,,
1/5/2024 2:00,1.5,,,,,
1/5/2024 3:00,1.516,,,,,
1/5/2024 4:00,1.55,,,,,
1/5/2024 5:00,1.557,,,,,
1/5/2024 6:00,1.545,,,,,
1/5/2024 7:00,1.517,,,,,
1/5/2024 8:00,1.474,,,,,
1/5/2024 9:00,1.503,,,,,
1/5/2024 10:00,1.554,,,,,
1/5/2024 11:00,1.609,,,,,
1/5/2024 12:00,1.589,,,,,
1/5/2024 13:00,1.536,,,,,
1/5/2024 14:00,1.54,,,,,
1/5/2024 15:00,1.548,,,,,
1/5/2024 16:00,1.538,,,,,
1/5/2024 17:00,1.543,,,,,
1/5/2024 18:00,1.544,,,,,
1/5/2024 19:00,1.538,,,,,
1/5/2024 20:00,1.544,,,,,
1/5/2024 21:00,1.53,,,,,
1/5/2024 22:00,1.537,,,,,
1/5/2024 23:00,1.537,,,,,
1/6/2024 0:00,1.547,,,,,
1/6/2024 1:00,1.541,,,,,
1/6/2024 2:00,1.525,,,,,
1/6/2024 3:00,1.528,,,,,
1/6/2024 4:00,1.518,,,,,
1/6/2024 5:00,1.521,,,,,
1/6/2024 6:00,1.512,,,,,
1/6/2024 7:00,1.518,,,,,
1/6/2024 8:00,1.517,,,,,
1/6/2024 9:00,1.551,,,,,
1/6/2024 10:00,1.578,,,,,
1/6/2024 11:00,1.586,,,,,
1/6/2024 12:00,1.581,,,,,
1/6/2024 13:00,1.582,,,,,
1/6/2024 14:00,1.582,,,,,
1/6/2024 15:00,1.585,,,,,
1/6/2024 16:00,1.581,,,,,
1/6/2024 17:00,1.539,,,,,
1/6/2024 18:00,1.524,,,,,
1/6/2024 19:00,1.524,,,,,
1/6/2024 20:00,1.514,,,,,
1/6/2024 21:00,1.543,,,,,
1/6/2024 22:00,1.545,,,,,
1/6/2024 23:00,1.547,,,,,
1/7/2024 0:00,1.534,,,,,
1/7/2024 1:00,1.473,,,,,
1/7/2024 2:00,1.477,,,,,
1/7/2024 3:00,1.486,,,,,
1/7/2024 4:00,1.492,,,,,
1/7/2024 5:00,1.5,,,,,
1/7/2024 6:00,1.501,,,,,
1/7/2024 7:00,1.511,,,,,
1/7/2024 8:00,1.49,,,,,
1/7/2024 9:00,1.448,,,,,
1/7/2024 10:00,1.427,,,,,
1/7/2024 11:00,1.439,,,,,
1/7/2024 12:00,1.456,,,,,
1/7/2024 13:00,1.491,,,,,
1/7/2024 14:00,1.516,,,,,
1/7/2024 15:00,1.51,,,,,
1/7/2024 16:00,1.485,,,,,
1/7/2024 17:00,1.523,,,,,
1/7/2024 18:00,1.585,,,,,
1/7/2024 19:00,1.605,,,,,
1/7/2024 20:00,1.626,,,,,
1/7/2024 21:00,1.613,,,,,
1/7/2024 22:00,1.546,,,,,
1/7/2024 23:00,1.516,,,,,
1/8/2024 0:00,1.527,,,,,
1/8/2024 1:00,1.551,,,,,
1/8/2024 2:00,1.547,,,,,
1/8/2024 3:00,1.548,,,,,
1/8/2024 4:00,1.553,,,,,
1/8/2024 5:00,1.54,,,,,
1/8/2024 6:00,1.541,,,,,
1/8/2024 7:00,1.518,,,,,
1/8/2024 8:00,1.529,,,,,
1/8/2024 9:00,1.541,,,,,
1/8/2024 10:00,1.541,,,,,
1/8/2024 11:00,1.548,,,,,
1/8/2024 12:00,1.562,,,,,
1/8/2024 13:00,1.584,,,,,
1/8/2024 14:00,1.594,,,,,
1/8/2024 15:00,1.576,,,,,
1/8/2024 16:00,1.558,,,,,
1/8/2024 17:00,1.484,,,,,
1/8/2024 18:00,1.494,,,,,
1/8/2024 19:00,1.527,,,,,
1/8/2024 20:00,1.555,,,,,
1/8/2024 21:00,1.546,,,,,
1/8/2024 22:00,1.565,,,,,
1/8/2024 23:00,1.556,,,,,
1/9/2024 0:00,1.556,,,,,
1/9/2024 1:00,1.552,,,,,
1/9/2024 2:00,1.557,,,,,
1/9/2024 3:00,1.556,,,,,
1/9/2024 4:00,1.544,,,,,
1/9/2024 5:00,1.541,,,,,
1/9/2024 6:00,1.539,,,,,
1/9/2024 7:00,1.483,,,,,
1/9/2024 8:00,1.481,,,,,
1/9/2024 9:00,1.474,,,,,
1/9/2024 10:00,1.478,,,,,
1/9/2024 11:00,1.553,,,,,
1/9/2024 12:00,1.63,,,,,
1/9/2024 13:00,1.64,,,,,
1/9/2024 14:00,1.646,,,,,
1/9/2024 15:00,1.653,,,,,
1/9/2024 16:00,1.649,,,,,
1/9/2024 17:00,1.648,,,,,
1/9/2024 18:00,1.646,,,,,
1/9/2024 19:00,1.664,,,,,
1/9/2024 20:00,1.666,,,,,
1/9/2024 21:00,1.666,,,,,
1/9/2024 22:00,1.666,,,,,
1/9/2024 23:00,1.667,,,,,
1/10/2024 0:00,1.664,,,,,
1/10/2024 1:00,1.666,,,,,
1/10/2024 2:00,1.665,,,,,
1/10/2024 3:00,1.656,,,,,
1/10/2024 4:00,1.662,,,,,
1/10/2024 5:00,1.658,,,,,
1/10/2024 6:00,1.651,,,,,
1/10/2024 7:00,1.644,,,,,
1/10/2024 8:00,1.643,,,,,
1/10/2024 9:00,1.642,,,,,
1/10/2024 10:00,1.629,,,,,
1/10/2024 11:00,1.569,,,,,
1/10/2024 12:00,1.53,,,,,
1/10/2024 13:00,1.5,,,,,
1/10/2024 14:00,1.507,,,,,
1/10/2024 15:00,1.576,,,,,
1/10/2024 16:00,1.566,,,,,
1/10/2024 17:00,1.553,,,,,
1/10/2024 18:00,1.533,,,,,
1/10/2024 19:00,1.562,,,,,
1/10/2024 20:00,1.574,,,,,
1/10/2024 21:00,1.57,,,,,
1/10/2024 22:00,1.567,,,,,
1/10/2024 23:00,1.542,,,,,
1/11/2024 0:00,1.505,,,,,
1/11/2024 1:00,1.513,,,,,
1/11/2024 2:00,1.544,,,,,
1/11/2024 3:00,1.582,,,,,
1/11/2024 4:00,1.552,,,,,
1/11/2024 5:00,1.52,,,,,
1/11/2024 6:00,1.52,,,,,
1/11/2024 7:00,1.541,,,,,
1/11/2024 8:00,1.586,,,,,
1/11/2024 9:00,1.586,,,,,
1/11/2024 10:00,1.589,,,,,
1/11/2024 11:00,1.592,,,,,
1/11/2024 12:00,1.582,,,,,
1/11/2024 13:00,1.534,,,,,
1/11/2024 14:00,1.562,,,,,
1/11/2024 15:00,1.589,,,,,
1/11/2024 16:00,1.628,,,,,
1/11/2024 17:00,1.605,,,,,
1/11/2024 18:00,1.548,,,,,
1/11/2024 19:00,1.539,,,,,
1/11/2024 20:00,1.541,,,,,
1/11/2024 21:00,1.536,,,,,
1/11/2024 22:00,1.538,,,,,
1/11/2024 23:00,1.547,,,,,
1/12/2024 0:00,1.555,,,,,
1/12/2024 1:00,1.563,,,,,
1/12/2024 2:00,1.559,,,,,
1/12/2024 3:00,1.562,,,,,
1/12/2024 4:00,1.566,,,,,
1/12/2024 5:00,1.559,,,,,
1/12/2024 6:00,1.563,,,,,
1/12/2024 7:00,1.552,,,,,
1/12/2024 8:00,1.546,,,,,
1/12/2024 9:00,1.543,,,,,
1/12/2024 10:00,1.497,,,,,
1/12/2024 11:00,1.466,,,,,
1/12/2024 12:00,1.512,,,,,
1/12/2024 13:00,1.55,,,,,
1/12/2024 14:00,1.539,,,,,
1/12/2024 15:00,1.49,,,,,
1/12/2024 16:00,1.518,,,,,
1/12/2024 17:00,1.529,,,,,
1/12/2024 18:00,1.537,,,,,
1/12/2024 19:00,1.563,,,,,
1/12/2024 20:00,1.598,,,,,
1/12/2024 21:00,1.59,,,,,
1/12/2024 22:00,1.59,,,,,
1/12/2024 23:00,1.588,,,,,
1/13/2024 0:00,1.591,,,,,
1/13/2024 1:00,1.605,,,,,
1/13/2024 2:00,1.601,,,,,
1/13/2024 3:00,1.585,,,,,
1/13/2024 4:00,1.594,,,,,
1/13/2024 5:00,1.571,,,,,
1/13/2024 6:00,1.477,,,,,
1/13/2024 7:00,1.49,,,,,
1/13/2024 8:00,1.547,,,,,
1/13/2024 9:00,1.551,,,,,
1/13/2024 10:00,1.521,,,,,
1/13/2024 11:00,1.476,,,,,
1/13/2024 12:00,1.472,,,,,
1/13/2024 13:00,1.5,,,,,
1/13/2024 14:00,1.553,,,,,
1/13/2024 15:00,1.607,,,,,
1/13/2024 16:00,1.637,,,,,
1/13/2024 17:00,1.626,,,,,
1/13/2024 18:00,1.577,,,,,
1/13/2024 19:00,1.567,,,,,
1/13/2024 20:00,1.566,,,,,
1/13/2024 21:00,1.565,,,,,
1/13/2024 22:00,1.571,,,,,
1/13/2024 23:00,1.58,,,,,
1/14/2024 0:00,1.583,,,,,
1/14/2024 1:00,1.591,,,,,
1/14/2024 2:00,1.626,,,,,
1/14/2024 3:00,1.63,,,,,
1/14/2024 4:00,1.635,,,,,
1/14/2024 5:00,1.624,,,,,
1/14/2024 6:00,1.613,,,,,
1/14/2024 7:00,1.617,,,,,
1/14/2024 8:00,1.63,,,,,
1/14/2024 9:00,1.625,,,,,
1/14/2024 10:00,1.584,,,,,
1/14/2024 11:00,1.55,,,,,
1/14/2024 12:00,1.56,,,,,
1/14/2024 13:00,1.625,,,,,
1/14/2024 14:00,1.632,,,,,
1/14/2024 15:00,1.659,,,,,
1/14/2024 16:00,1.661,,,,,
1/14/2024 17:00,1.659,,,,,
1/14/2024 18:00,1.631,,,,,
1/14/2024 19:00,1.615,,,,,
1/14/2024 20:00,1.613,,,,,
1/14/2024 21:00,1.613,,,,,
1/14/2024 22:00,1.597,,,,,
1/14/2024 23:00,1.589,,,,,
1/15/2024 0:00,1.608,,,,,
1/15/2024 1:00,1.649,,,,,
1/15/2024 2:00,1.651,,,,,
1/15/2024 3:00,1.656,,,,,
1/15/2024 4:00,1.656,,,,,
1/15/2024 5:00,1.655,,,,,
1/15/2024 6:00,1.656,,,,,
1/15/2024 7:00,1.654,,,,,
1/15/2024 8:00,1.624,,,,,
1/15/2024 9:00,1.583,,,,,
1/15/2024 10:00,1.584,,,,,
1/15/2024 11:00,1.583,,,,,
1/15/2024 12:00,1.597,,,,,
1/15/2024 13:00,1.641,,,,,
1/15/2024 14:00,1.673,,,,,
1/15/2024 15:00,1.681,,,,,
1/15/2024 16:00,1.654,,,,,
1/15/2024 17:00,1.635,,,,,
1/15/2024 18:00,1.638,,,,,
1/15/2024 19:00,1.63,,,,,
1/15/2024 20:00,1.58,,,,,
1/15/2024 21:00,1.532,,,,,
1/15/2024 22:00,1.541,,,,,
1/15/2024 23:00,1.541,,,,,
1/16/2024 0:00,1.562,,,,,
1/16/2024 1:00,1.592,,,,,
1/16/2024 2:00,1.582,,,,,
1/16/2024 3:00,1.571,,,,,
1/16/2024 4:00,1.524,,,,,
1/16/2024 5:00,1.5,,,,,
1/16/2024 6:00,1.535,,,,,
1/16/2024 7:00,1.535,,,,,
1/16/2024 8:00,1.516,,,,,
1/16/2024 9:00,1.487,,,,,
1/16/2024 10:00,1.485,,,,,
1/16/2024 11:00,1.529,,,,,
1/16/2024 12:00,1.539,,,,,
1/16/2024 13:00,1.571,,,,,
1/16/2024 14:00,1.593,,,,,
1/16/2024 15:00,1.608,,,,,
1/16/2024 16:00,1.614,,,,,
1/16/2024 17:00,1.616,,,,,
1/16/2024 18:00,1.622,,,,,
1/16/2024 19:00,1.601,,,,,
1/16/2024 20:00,1.59,,,,,
1/16/2024 21:00,1.612,,,,,
1/16/2024 22:00,1.63,,,,,
1/16/2024 23:00,1.661,,,,,
1/17/2024 0:00,1.667,,,,,
1/17/2024 1:00,1.668,,,,,
1/17/2024 2:00,1.657,,,,,
1/17/2024 3:00,1.625,,,,,
1/17/2024 4:00,1.558,,,,,
1/17/2024 5:00,1.542,,,,,
1/17/2024 6:00,1.546,,,,,
1/17/2024 7:00,1.569,,,,,
1/17/2024 8:00,1.573,,,,,
1/17/2024 9:00,1.592,,,,,
1/17/2024 10:00,1.638,,,,,
1/17/2024 11:00,1.665,,,,,
1/17/2024 12:00,1.689,,,,,
1/17/2024 13:00,1.68,,,,,
1/17/2024 14:00,1.677,,,,,
1/17/2024 15:00,1.646,,,,,
1/17/2024 16:00,1.631,,,,,
1/17/2024 17:00,1.624,,,,,
1/17/2024 18:00,1.646,,,,,
1/17/2024 19:00,1.701,,,,,
1/17/2024 20:00,1.72,,,,,
1/17/2024 21:00,1.728,,,,,
1/17/2024 22:00,1.72,,,,,
1/17/2024 23:00,1.627,,,,,
1/18/2024 0:00,1.603,,,,,
1/18/2024 1:00,1.637,,,,,
1/18/2024 2:00,1.679,,,,,
1/18/2024 3:00,1.682,,,,,
1/18/2024 4:00,1.693,,,,,
1/18/2024 5:00,1.694,,,,,
1/18/2024 6:00,1.698,,,,,
1/18/2024 7:00,1.734,,,,,
1/18/2024 8:00,1.729,,,,,
1/18/2024 9:00,1.675,,,,,
1/18/2024 10:00,1.694,,,,,
1/18/2024 11:00,1.723,,,,,
1/18/2024 12:00,1.733,,,,,
1/18/2024 13:00,1.74,,,,,
1/18/2024 14:00,1.718,,,,,
1/18/2024 15:00,1.65,,,,,
1/18/2024 16:00,1.668,,,,,
1/18/2024 17:00,1.663,,,,,
1/18/2024 18:00,1.665,,,,,
1/18/2024 19:00,1.665,,,,,
1/18/2024 20:00,1.725,,,,,
1/18/2024 21:00,1.747,,,,,
1/18/2024 22:00,1.746,,,,,
1/18/2024 23:00,1.74,,,,,
1/19/2024 0:00,1.74,,,,,
1/19/2024 1:00,1.737,,,,,
1/19/2024 2:00,1.749,,,,,
1/19/2024 3:00,1.737,,,,,
1/19/2024 4:00,1.731,,,,,
1/19/2024 5:00,1.722,,,,,
1/19/2024 6:00,1.728,,,,,
1/19/2024 7:00,1.723,,,,,
1/19/2024 8:00,1.719,,,,,
1/19/2024 9:00,1.717,,,,,
1/19/2024 10:00,1.72,,,,,
1/19/2024 11:00,1.729,,,,,
1/19/2024 12:00,1.736,,,,,
1/19/2024 13:00,1.729,,,,,
1/19/2024 14:00,1.739,,,,,
1/19/2024 15:00,1.742,,,,,
1/19/2024 16:00,1.743,,,,,
1/19/2024 17:00,1.742,,,,,
1/19/2024 18:00,1.742,,,,,
1/19/2024 19:00,1.748,,,,,
1/19/2024 20:00,1.772,,,,,
1/19/2024 21:00,1.803,,,,,
1/19/2024 22:00,1.778,,,,,
1/19/2024 23:00,1.771,,,,,
1/20/2024 0:00,1.771,,,,,
1/20/2024 1:00,1.785,,,,,
1/20/2024 2:00,1.785,,,,,
1/20/2024 3:00,1.778,,,,,
1/20/2024 4:00,1.775,,,,,
1/20/2024 5:00,1.772,,,,,
1/20/2024 6:00,1.765,,,,,
1/20/2024 7:00,1.768,,,,,
1/20/2024 8:00,1.762,,,,,
1/20/2024 9:00,1.762,,,,,
1/20/2024 10:00,1.76,,,,,
1/20/2024 11:00,1.767,,,,,
1/20/2024 12:00,1.778,,,,,
1/20/2024 13:00,1.783,,,,,
1/20/2024 14:00,1.791,,,,,
1/20/2024 15:00,1.793,,,,,
1/20/2024 16:00,1.791,,,,,
1/20/2024 17:00,1.796,,,,,
1/20/2024 18:00,1.797,,,,,
1/20/2024 19:00,1.787,,,,,
1/20/2024 20:00,1.784,,,,,
1/20/2024 21:00,1.786,,,,,
1/20/2024 22:00,1.778,,,,,
1/20/2024 23:00,1.778,,,,,
1/21/2024 0:00,1.775,,,,,
1/21/2024 1:00,1.78,,,,,
1/21/2024 2:00,1.781,,,,,
1/21/2024 3:00,1.775,,,,,
1/21/2024 4:00,1.774,,,,,
1/21/2024 5:00,1.774,,,,,
1/21/2024 6:00,1.776,,,,,
1/21/2024 7:00,1.776,,,,,
1/21/2024 8:00,1.776,,,,,
1/21/2024 9:00,1.775,,,,,
1/21/2024 10:00,1.778,,,,,
1/21/2024 11:00,1.782,,,,,
1/21/2024 12:00,1.791,,,,,
1/21/2024 13:00,1.791,,,,,
1/21/2024 14:00,1.791,,,,,
1/21/2024 15:00,1.788,,,,,
1/21/2024 16:00,1.796,,,,,
1/21/2024 17:00,1.794,,,,,
1/21/2024 18:00,1.818,,,,,
1/21/2024 19:00,1.842,,,,,
1/21/2024 20:00,1.833,,,,,
1/21/2024 21:00,1.806,,,,,
1/21/2024 22:00,1.786,,,,,
1/21/2024 23:00,1.786,,,,,
1/22/2024 0:00,1.776,,,,,
1/22/2024 1:00,1.781,,,,,
1/22/2024 2:00,1.786,,,,,
1/22/2024 3:00,1.781,,,,,
1/22/2024 4:00,1.778,,,,,
1/22/2024 5:00,1.782,,,,,
1/22/2024 6:00,1.774,,,,,
1/22/2024 7:00,1.777,,,,,
1/22/2024 8:00,1.776,,,,,
1/22/2024 9:00,1.777,,,,,
1/22/2024 10:00,1.794,,,,,
1/22/2024 11:00,1.805,,,,,
1/22/2024 12:00,1.833,,,,,
1/22/2024 13:00,1.838,,,,,
1/22/2024 14:00,1.85,,,,,
1/22/2024 15:00,1.846,,,,,
1/22/2024 16:00,1.845,,,,,
1/22/2024 17:00,1.843,,,,,
1/22/2024 18:00,1.838,,,,,
1/22/2024 19:00,1.845,,,,,
1/22/2024 20:00,1.827,,,,,
1/22/2024 21:00,1.808,,,,,
1/22/2024 22:00,1.773,,,,,
1/22/2024 23:00,1.768,,,,,
1/23/2024 0:00,1.766,,,,,
1/23/2024 1:00,1.744,,,,,
1/23/2024 2:00,1.735,,,,,
1/23/2024 3:00,1.788,,,,,
1/23/2024 4:00,1.813,,,,,
1/23/2024 5:00,1.779,,,,,
1/23/2024 6:00,1.762,,,,,
1/23/2024 7:00,1.758,,,,,
1/23/2024 8:00,1.748,,,,,
1/23/2024 9:00,1.739,,,,,
1/23/2024 10:00,1.738,,,,,
1/23/2024 11:00,1.737,,,,,
1/23/2024 12:00,1.757,,,,,
1/23/2024 13:00,1.771,,,,,
1/23/2024 14:00,1.771,,,,,
1/23/2024 15:00,1.775,,,,,
1/23/2024 16:00,1.811,,,,,
1/23/2024 17:00,1.842,,,,,
1/23/2024 18:00,1.818,,,,,
1/23/2024 19:00,1.791,,,,,
1/23/2024 20:00,1.785,,,,,
1/23/2024 21:00,1.773,,,,,
1/23/2024 22:00,1.767,,,,,
1/23/2024 23:00,1.749,,,,,
1/24/2024 0:00,1.754,,,,,
1/24/2024 1:00,1.76,,,,,
1/24/2024 2:00,1.77,,,,,
1/24/2024 3:00,1.758,,,,,
1/24/2024 4:00,1.757,,,,,
1/24/2024 5:00,1.756,,,,,
1/24/2024 6:00,1.757,,,,,
1/24/2024 7:00,1.759,,,,,
1/24/2024 8:00,1.744,,,,,
1/24/2024 9:00,1.731,,,,,
1/24/2024 10:00,1.729,,,,,
1/24/2024 11:00,1.734,,,,,
1/24/2024 12:00,1.738,,,,,
1/24/2024 13:00,1.773,,,,,
1/24/2024 14:00,1.79,,,,,
1/24/2024 15:00,1.799,,,,,
1/24/2024 16:00,1.807,,,,,
1/24/2024 17:00,1.801,,,,,
1/24/2024 18:00,1.791,,,,,
1/24/2024 19:00,1.789,,,,,
1/24/2024 20:00,1.786,,,,,
1/24/2024 21:00,1.767,,,,,
1/24/2024 22:00,1.753,,,,,
1/24/2024 23:00,1.747,,,,,
1/25/2024 0:00,1.745,,,,,
1/25/2024 1:00,1.735,,,,,
1/25/2024 2:00,1.744,,,,,
1/25/2024 3:00,1.746,,,,,
1/25/2024 4:00,1.766,,,,,
1/25/2024 5:00,1.781,,,,,
1/25/2024 6:00,1.783,,,,,
1/25/2024 7:00,1.796,,,,,
1/25/2024 8:00,1.788,,,,,
1/25/2024 9:00,1.787,,,,,
1/25/2024 10:00,1.793,,,,,
1/25/2024 11:00,1.789,,,,,
1/25/2024 12:00,1.791,,,,,
1/25/2024 13:00,1.8,,,,,
1/25/2024 14:00,1.799,,,,,
1/25/2024 15:00,1.802,,,,,
1/25/2024 16:00,1.766,,,,,
1/25/2024 17:00,1.739,,,,,
1/25/2024 18:00,1.735,,,,,
1/25/2024 19:00,1.728,,,,,
1/25/2024 20:00,1.731,,,,,
1/25/2024 21:00,1.731,,,,,
1/25/2024 22:00,1.772,,,,,
1/25/2024 23:00,1.793,,,,,
1/26/2024 0:00,1.79,,,,,
1/26/2024 1:00,1.777,,,,,
1/26/2024 2:00,1.715,,,,,
1/26/2024 3:00,1.705,,,,,
1/26/2024 4:00,1.696,,,,,
1/26/2024 5:00,1.691,,,,,
1/26/2024 6:00,1.699,,,,,
1/26/2024 7:00,1.706,,,,,
1/26/2024 8:00,1.697,,,,,
1/26/2024 9:00,1.722,,,,,
1/26/2024 10:00,1.793,,,,,
1/26/2024 11:00,1.817,,,,,
1/26/2024 12:00,1.823,,,,,
1/26/2024 13:00,1.837,,,,,
1/26/2024 14:00,1.835,,,,,
1/26/2024 15:00,1.845,,,,,
1/26/2024 16:00,1.843,,,,,
1/26/2024 17:00,1.846,,,,,
1/26/2024 18:00,1.858,,,,,
1/26/2024 19:00,1.855,,,,,
1/26/2024 20:00,1.857,,,,,
1/26/2024 21:00,1.851,,,,,
1/26/2024 22:00,1.779,,,,,
1/26/2024 23:00,1.736,,,,,
1/27/2024 0:00,1.73,,,,,
1/27/2024 1:00,1.73,,,,,
1/27/2024 2:00,1.762,,,,,
1/27/2024 3:00,1.8,,,,,
1/27/2024 4:00,1.824,,,,,
1/27/2024 5:00,1.828,,,,,
1/27/2024 6:00,1.83,,,,,
1/27/2024 7:00,1.802,,,,,
1/27/2024 8:00,1.784,,,,,
1/27/2024 9:00,1.755,,,,,
1/27/2024 10:00,1.754,,,,,
1/27/2024 11:00,1.753,,,,,
1/27/2024 12:00,1.801,,,,,
1/27/2024 13:00,1.849,,,,,
1/27/2024 14:00,1.831,,,,,
1/27/2024 15:00,1.817,,,,,
1/27/2024 16:00,1.817,,,,,
1/27/2024 17:00,1.817,,,,,
1/27/2024 18:00,1.843,,,,,
1/27/2024 19:00,1.86,,,,,
1/27/2024 20:00,1.848,,,,,
1/27/2024 21:00,1.818,,,,,
1/27/2024 22:00,1.79,,,,,
1/27/2024 23:00,1.785,,,,,
1/28/2024 0:00,1.784,,,,,
1/28/2024 1:00,1.784,,,,,
1/28/2024 2:00,1.805,,,,,
1/28/2024 3:00,1.804,,,,,
1/28/2024 4:00,1.782,,,,,
1/28/2024 5:00,1.773,,,,,
1/28/2024 6:00,1.761,,,,,
1/28/2024 7:00,1.751,,,,,
1/28/2024 8:00,1.701,,,,,
1/28/2024 9:00,1.677,,,,,
1/28/2024 10:00,1.674,,,,,
1/28/2024 11:00,1.66,,,,,
1/28/2024 12:00,1.663,,,,,
1/28/2024 13:00,1.682,,,,,
1/28/2024 14:00,1.727,,,,,
1/28/2024 15:00,1.758,,,,,
1/28/2024 16:00,1.794,,,,,
1/28/2024 17:00,1.854,,,,,
1/28/2024 18:00,1.905,,,,,
1/28/2024 19:00,1.92,,,,,
1/28/2024 20:00,1.919,,,,,
1/28/2024 21:00,1.836,,,,,
1/28/2024 22:00,1.806,,,,,
1/28/2024 23:00,1.809,,,,,
1/29/2024 0:00,1.832,,,,,
1/29/2024 1:00,1.793,,,,,
1/29/2024 2:00,1.776,,,,,
1/29/2024 3:00,1.759,,,,,
1/29/2024 4:00,1.743,,,,,
1/29/2024 5:00,1.749,,,,,
1/29/2024 6:00,1.773,,,,,
1/29/2024 7:00,1.789,,,,,
1/29/2024 8:00,1.806,,,,,
1/29/2024 9:00,1.809,,,,,
1/29/2024 10:00,1.826,,,,,
1/29/2024 11:00,1.834,,,,,
1/29/2024 12:00,1.843,,,,,
1/29/2024 13:00,1.804,,,,,
1/29/2024 14:00,1.789,,,,,
1/29/2024 15:00,1.79,,,,,
1/29/2024 16:00,1.859,,,,,
1/29/2024 17:00,1.924,,,,,
1/29/2024 18:00,1.932,,,,,
1/29/2024 19:00,1.849,,,,,
1/29/2024 20:00,1.77,,,,,
1/29/2024 21:00,1.757,,,,,
1/29/2024 22:00,1.796,,,,,
1/29/2024 23:00,1.791,,,,,
1/30/2024 0:00,1.836,,,,,
1/30/2024 1:00,1.851,,,,,
1/30/2024 2:00,1.842,,,,,
1/30/2024 3:00,1.839,,,,,
1/30/2024 4:00,1.835,,,,,
1/30/2024 5:00,1.839,,,,,
1/30/2024 6:00,1.832,,,,,
1/30/2024 7:00,1.839,,,,,
1/30/2024 8:00,1.843,,,,,
1/30/2024 9:00,1.777,,,,,
1/30/2024 10:00,1.697,,,,,
1/30/2024 11:00,1.688,,,,,
1/30/2024 12:00,1.68,,,,,
1/30/2024 13:00,1.683,,,,,
1/30/2024 14:00,1.684,,,,,
1/30/2024 15:00,1.686,,,,,
1/30/2024 16:00,1.757,,,,,
1/30/2024 17:00,1.865,,,,,
1/30/2024 18:00,1.911,,,,,
1/30/2024 19:00,1.903,,,,,
1/30/2024 20:00,1.867,,,,,
1/30/2024 21:00,1.82,,,,,
1/30/2024 22:00,1.792,,,,,
1/30/2024 23:00,1.791,,,,,
1/31/2024 0:00,1.784,,,,,
1/31/2024 1:00,1.776,,,,,
1/31/2024 2:00,1.777,,,,,
1/31/2024 3:00,1.766,,,,,
1/31/2024 4:00,1.746,,,,,
1/31/2024 5:00,1.714,,,,,
1/31/2024 6:00,1.714,,,,,
1/31/2024 7:00,1.773,,,,,
1/31/2024 8:00,1.79,,,,,
1/31/2024 9:00,1.79,,,,,
1/31/2024 10:00,1.773,,,,,
1/31/2024 11:00,1.691,,,,,
1/31/2024 12:00,1.661,,,,,
1/31/2024 13:00,1.679,,,,,
1/31/2024 14:00,1.68,,,,,
1/31/2024 15:00,1.672,,,,,
1/31/2024 16:00,1.749,,,,,
1/31/2024 17:00,1.848,,,,,
1/31/2024 18:00,1.893,,,,,
1/31/2024 19:00,1.91,,,,,
1/31/2024 20:00,1.905,,,,,
1/31/2024 21:00,1.872,,,,,
1/31/2024 22:00,1.862,,,,,
1/31/2024 23:00,1.851,,,,,
2/1/2024 0:00,1.781,,,,,
2/1/2024 1:00,1.756,,,,,
2/1/2024 2:00,1.744,,,,,
2/1/2024 3:00,1.731,,,,,
2/1/2024 4:00,1.733,,,,,
2/1/2024 5:00,1.729,,,,,
2/1/2024 6:00,1.744,,,,,
2/1/2024 7:00,1.789,,,,,
2/1/2024 8:00,1.797,,,,,
2/1/2024 9:00,1.785,,,,,
2/1/2024 10:00,1.752,,,,,
2/1/2024 11:00,1.76,,,,,
2/1/2024 12:00,1.776,,,,,
2/1/2024 13:00,1.792,,,,,
2/1/2024 14:00,1.787,,,,,
2/1/2024 15:00,1.776,,,,,
2/1/2024 16:00,1.811,,,,,
2/1/2024 17:00,1.855,,,,,
2/1/2024 18:00,1.901,,,,,
2/1/2024 19:00,1.914,,,,,
2/1/2024 20:00,1.911,,,,,
2/1/2024 21:00,1.934,,,,,
2/1/2024 22:00,1.905,,,,,
2/1/2024 23:00,1.869,,,,,
2/2/2024 0:00,1.838,,,,,
2/2/2024 1:00,1.81,,,,,
2/2/2024 2:00,1.801,,,,,
2/2/2024 3:00,1.782,,,,,
2/2/2024 4:00,1.787,,,,,
2/2/2024 5:00,1.782,,,,,
2/2/2024 6:00,1.79,,,,,
2/2/2024 7:00,1.824,,,,,
2/2/2024 8:00,1.821,,,,,
2/2/2024 9:00,1.758,,,,,
2/2/2024 10:00,1.793,,,,,
2/2/2024 11:00,1.832,,,,,
2/2/2024 12:00,1.834,,,,,
2/2/2024 13:00,1.796,,,,,
2/2/2024 14:00,1.749,,,,,
2/2/2024 15:00,1.752,,,,,
2/2/2024 16:00,1.837,,,,,
2/2/2024 17:00,1.887,,,,,
2/2/2024 18:00,1.932,,,,,
2/2/2024 19:00,1.899,,,,,
2/2/2024 20:00,1.85,,,,,
2/2/2024 21:00,1.818,,,,,
2/2/2024 22:00,1.813,,,,,
2/2/2024 23:00,1.824,,,,,
2/3/2024 0:00,1.829,,,,,
2/3/2024 1:00,1.84,,,,,
2/3/2024 2:00,1.835,,,,,
2/3/2024 3:00,1.842,,,,,
2/3/2024 4:00,1.87,,,,,
2/3/2024 5:00,1.876,,,,,
2/3/2024 6:00,1.885,,,,,
2/3/2024 7:00,1.888,,,,,
2/3/2024 8:00,1.892,,,,,
2/3/2024 9:00,1.894,,,,,
2/3/2024 10:00,1.903,,,,,
2/3/2024 11:00,1.902,,,,,
2/3/2024 12:00,1.909,,,,,
2/3/2024 13:00,1.916,,,,,
2/3/2024 14:00,1.909,,,,,
2/3/2024 15:00,1.922,,,,,
2/3/2024 16:00,1.925,,,,,
2/3/2024 17:00,1.934,,,,,
2/3/2024 18:00,1.938,,,,,
2/3/2024 19:00,1.951,,,,,
2/3/2024 20:00,1.955,,,,,
2/3/2024 21:00,1.956,,,,,
2/3/2024 22:00,1.964,,,,,
2/3/2024 23:00,1.951,,,,,
2/4/2024 0:00,1.924,,,,,
2/4/2024 1:00,1.929,,,,,
2/4/2024 2:00,1.966,,,,,
2/4/2024 3:00,1.979,,,,,
2/4/2024 4:00,1.996,,,,,
2/4/2024 5:00,1.988,,,,,
2/4/2024 6:00,1.989,,,,,
2/4/2024 7:00,1.988,,,,,
2/4/2024 8:00,1.967,,,,,
2/4/2024 9:00,1.952,,,,,
2/4/2024 10:00,1.952,,,,,
2/4/2024 11:00,1.958,,,,,
2/4/2024 12:00,1.962,,,,,
2/4/2024 13:00,1.968,,,,,
2/4/2024 14:00,1.972,,,,,
2/4/2024 15:00,1.973,,,,,
2/4/2024 16:00,1.988,,,,,
2/4/2024 17:00,1.997,,,,,
2/4/2024 18:00,1.996,,,,,
2/4/2024 19:00,1.975,,,,,
2/4/2024 20:00,1.971,,,,,
2/4/2024 21:00,1.958,,,,,
2/4/2024 22:00,1.953,,,,,
2/4/2024 23:00,1.961,,,,,
2/5/2024 0:00,1.965,,,,,
2/5/2024 1:00,1.936,,,,,
2/5/2024 2:00,1.911,,,,,
2/5/2024 3:00,1.908,,,,,
2/5/2024 4:00,1.908,,,,,
2/5/2024 5:00,1.912,,,,,
2/5/2024 6:00,1.891,,,,,
2/5/2024 7:00,1.865,,,,,
2/5/2024 8:00,1.862,,,,,
2/5/2024 9:00,1.812,,,,,
2/5/2024 10:00,1.796,,,,,
2/5/2024 11:00,1.806,,,,,
2/5/2024 12:00,1.821,,,,,
2/5/2024 13:00,1.86,,,,,
2/5/2024 14:00,1.885,,,,,
2/5/2024 15:00,1.896,,,,,
2/5/2024 16:00,1.903,,,,,
2/5/2024 17:00,1.918,,,,,
2/5/2024 18:00,1.928,,,,,
2/5/2024 19:00,1.925,,,,,
2/5/2024 20:00,1.918,,,,,
2/5/2024 21:00,1.908,,,,,
2/5/2024 22:00,1.895,,,,,
2/5/2024 23:00,1.883,,,,,
2/6/2024 0:00,1.873,,,,,
2/6/2024 1:00,1.899,,,,,
2/6/2024 2:00,1.945,,,,,
2/6/2024 3:00,1.952,,,,,
2/6/2024 4:00,1.954,,,,,
2/6/2024 5:00,1.959,,,,,
2/6/2024 6:00,1.954,,,,,
2/6/2024 7:00,1.952,,,,,
2/6/2024 8:00,1.951,,,,,
2/6/2024 9:00,1.952,,,,,
2/6/2024 10:00,1.948,,,,,
2/6/2024 11:00,1.957,,,,,
2/6/2024 12:00,1.996,,,,,
2/6/2024 13:00,2.025,,,,,
2/6/2024 14:00,2.04,,,,,
2/6/2024 15:00,2.057,,,,,
2/6/2024 16:00,2.075,,,,,
2/6/2024 17:00,2.107,,,,,
2/6/2024 18:00,2.111,,,,,
2/6/2024 19:00,2.101,,,,,
2/6/2024 20:00,2.095,,,,,
2/6/2024 21:00,2.098,,,,,
2/6/2024 22:00,2.088,,,,,
2/6/2024 23:00,2.084,,,,,
2/7/2024 0:00,2.077,,,,,
2/7/2024 1:00,2.069,,,,,
2/7/2024 2:00,2.069,,,,,
2/7/2024 3:00,2.014,,,,,
2/7/2024 4:00,1.929,,,,,
2/7/2024 5:00,1.908,,,,,
2/7/2024 6:00,1.911,,,,,
2/7/2024 7:00,1.903,,,,,
2/7/2024 8:00,1.903,,,,,
2/7/2024 9:00,1.906,,,,,
2/7/2024 10:00,1.958,,,,,
2/7/2024 11:00,2.003,,,,,
2/7/2024 12:00,2.019,,,,,
2/7/2024 13:00,2.026,,,,,
2/7/2024 14:00,2.044,,,,,
2/7/2024 15:00,2.09,,,,,
2/7/2024 16:00,2.107,,,,,
2/7/2024 17:00,2.116,,,,,
2/7/2024 18:00,2.098,,,,,
2/7/2024 19:00,2.096,,,,,
2/7/2024 20:00,2.096,,,,,
2/7/2024 21:00,2.088,,,,,
2/7/2024 22:00,2.093,,,,,
2/7/2024 23:00,2.086,,,,,
2/8/2024 0:00,2.076,,,,,
2/8/2024 1:00,2.035,,,,,
2/8/2024 2:00,2.008,,,,,
2/8/2024 3:00,2.01,,,,,
2/8/2024 4:00,2.017,,,,,
2/8/2024 5:00,2.02,,,,,
2/8/2024 6:00,2.027,,,,,
2/8/2024 7:00,2.039,,,,,
2/8/2024 8:00,2.031,,,,,
2/8/2024 9:00,2.031,,,,,
2/8/2024 10:00,2.031,,,,,
2/8/2024 11:00,2.03,,,,,
2/8/2024 12:00,2.038,,,,,
2/8/2024 13:00,2.051,,,,,
2/8/2024 14:00,2.062,,,,,
2/8/2024 15:00,2.063,,,,,
2/8/2024 16:00,2.061,,,,,
2/8/2024 17:00,2.062,,,,,
2/8/2024 18:00,2.073,,,,,
2/8/2024 19:00,2.065,,,,,
2/8/2024 20:00,2.057,,,,,
2/8/2024 21:00,2.051,,,,,
2/8/2024 22:00,2.05,,,,,
2/8/2024 23:00,2.049,,,,,
2/9/2024 0:00,2.059,,,,,
2/9/2024 1:00,2.047,,,,,
2/9/2024 2:00,2.047,,,,,
2/9/2024 3:00,2.043,,,,,
2/9/2024 4:00,2.034,,,,,
2/9/2024 5:00,2.043,,,,,
2/9/2024 6:00,2.036,,,,,
2/9/2024 7:00,2.038,,,,,
2/9/2024 8:00,2.039,,,,,
2/9/2024 9:00,2.032,,,,,
2/9/2024 10:00,1.945,,,,,
2/9/2024 11:00,1.887,,,,,
2/9/2024 12:00,1.881,,,,,
2/9/2024 13:00,1.94,,,,,
2/9/2024 14:00,1.97,,,,,
2/9/2024 15:00,1.992,,,,,
2/9/2024 16:00,2.04,,,,,
2/9/2024 17:00,2.105,,,,,
2/9/2024 18:00,2.143,,,,,
2/9/2024 19:00,2.131,,,,,
2/9/2024 20:00,2.085,,,,,
2/9/2024 21:00,2.046,,,,,
2/9/2024 22:00,2.034,,,,,
2/9/2024 23:00,2.031,,,,,
2/10/2024 0:00,1.996,,,,,
2/10/2024 1:00,1.997,,,,,
2/10/2024 2:00,2.028,,,,,
2/10/2024 3:00,2.031,,,,,
2/10/2024 4:00,2.037,,,,,
2/10/2024 5:00,2.035,,,,,
2/10/2024 6:00,2.036,,,,,
2/10/2024 7:00,2.039,,,,,
2/10/2024 8:00,2.04,,,,,
2/10/2024 9:00,1.987,,,,,
2/10/2024 10:00,1.952,,,,,
2/10/2024 11:00,1.948,,,,,
2/10/2024 12:00,1.958,,,,,
2/10/2024 13:00,1.972,,,,,
2/10/2024 14:00,1.979,,,,,
2/10/2024 15:00,1.984,,,,,
2/10/2024 16:00,1.992,,,,,
2/10/2024 17:00,2,,,,,
2/10/2024 18:00,2.007,,,,,
2/10/2024 19:00,2.005,,,,,
2/10/2024 20:00,1.996,,,,,
2/10/2024 21:00,1.981,,,,,
2/10/2024 22:00,2.005,,,,,
2/10/2024 23:00,2.036,,,,,
2/11/2024 0:00,2.058,,,,,
2/11/2024 1:00,2.065,,,,,
2/11/2024 2:00,2.066,,,,,
2/11/2024 3:00,2.067,,,,,
2/11/2024 4:00,2.057,,,,,
2/11/2024 5:00,2.063,,,,,
2/11/2024 6:00,2.076,,,,,
2/11/2024 7:00,2.093,,,,,
2/11/2024 8:00,2.124,,,,,
2/11/2024 9:00,2.23,,,,,
2/11/2024 10:00,2.38,,,,,
2/11/2024 11:00,2.387,,,,,
2/11/2024 12:00,2.336,,,,,
2/11/2024 13:00,2.275,,,,,
2/11/2024 14:00,2.224,,,,,
2/11/2024 15:00,2.192,,,,,
2/11/2024 16:00,2.177,,,,,
2/11/2024 17:00,2.171,,,,,
2/11/2024 18:00,2.17,,,,,
2/11/2024 19:00,2.156,,,,,
2/11/2024 20:00,2.144,,,,,
2/11/2024 21:00,2.127,,,,,
2/11/2024 22:00,2.117,,,,,
2/11/2024 23:00,2.145,,,,,
2/12/2024 0:00,2.16,,,,,
2/12/2024 1:00,2.166,,,,,
2/12/2024 2:00,2.163,,,,,
2/12/2024 3:00,2.162,,,,,
2/12/2024 4:00,2.143,,,,,
2/12/2024 5:00,2.113,,,,,
2/12/2024 6:00,2.105,,,,,
2/12/2024 7:00,2.115,,,,,
2/12/2024 8:00,2.103,,,,,
2/12/2024 9:00,2.068,,,,,
2/12/2024 10:00,2.029,,,,,
2/12/2024 11:00,2.022,,,,,
2/12/2024 12:00,2.011,,,,,
2/12/2024 13:00,2.036,,,,,
2/12/2024 14:00,2.048,,,,,
2/12/2024 15:00,2.066,,,,,
2/12/2024 16:00,2.074,,,,,
2/12/2024 17:00,2.096,,,,,
2/12/2024 18:00,2.097,,,,,
2/12/2024 19:00,2.103,,,,,
2/12/2024 20:00,2.117,,,,,
2/12/2024 21:00,2.11,,,,,
2/12/2024 22:00,2.108,,,,,
2/12/2024 23:00,2.12,,,,,
2/13/2024 0:00,2.142,,,,,
2/13/2024 1:00,2.14,,,,,
2/13/2024 2:00,2.149,,,,,
2/13/2024 3:00,2.159,,,,,
2/13/2024 4:00,2.151,,,,,
2/13/2024 5:00,2.123,,,,,
2/13/2024 6:00,2.054,,,,,
2/13/2024 7:00,2.02,,,,,
2/13/2024 8:00,2.028,,,,,
2/13/2024 9:00,2.045,,,,,
2/13/2024 10:00,2.049,,,,,
2/13/2024 11:00,2.019,,,,,
2/13/2024 12:00,2.021,,,,,
2/13/2024 13:00,2.043,,,,,
2/13/2024 14:00,2.064,,,,,
2/13/2024 15:00,2.073,,,,,
2/13/2024 16:00,2.07,,,,,
2/13/2024 17:00,2.09,,,,,
2/13/2024 18:00,2.111,,,,,
2/13/2024 19:00,2.099,,,,,
2/13/2024 20:00,2.092,,,,,
2/13/2024 21:00,2.073,,,,,
2/13/2024 22:00,2.088,,,,,
2/13/2024 23:00,2.142,,,,,
2/14/2024 0:00,2.152,,,,,
2/14/2024 1:00,2.15,,,,,
2/14/2024 2:00,2.146,,,,,
2/14/2024 3:00,2.129,,,,,
2/14/2024 4:00,2.097,,,,,
2/14/2024 5:00,2.054,,,,,
2/14/2024 6:00,2.037,,,,,
2/14/2024 7:00,2.019,,,,,
2/14/2024 8:00,1.99,,,,,
2/14/2024 9:00,1.943,,,,,
2/14/2024 10:00,1.915,,,,,
2/14/2024 11:00,1.921,,,,,
2/14/2024 12:00,1.926,,,,,
2/14/2024 13:00,1.942,,,,,
2/14/2024 14:00,1.959,,,,,
2/14/2024 15:00,1.981,,,,,
2/14/2024 16:00,2.004,,,,,
2/14/2024 17:00,2.014,,,,,
2/14/2024 18:00,2.035,,,,,
2/14/2024 19:00,2.028,,,,,
2/14/2024 20:00,2.019,,,,,
2/14/2024 21:00,2.007,,,,,
2/14/2024 22:00,2.006,,,,,
2/14/2024 23:00,2,,,,,
2/15/2024 0:00,1.997,,,,,
2/15/2024 1:00,1.989,,,,,
2/15/2024 2:00,1.983,,,,,
2/15/2024 3:00,1.996,,,,,
2/15/2024 4:00,2.047,,,,,
2/15/2024 5:00,2.073,,,,,
2/15/2024 6:00,2.072,,,,,
2/15/2024 7:00,2.066,,,,,
2/15/2024 8:00,2.062,,,,,
2/15/2024 9:00,2.064,,,,,
2/15/2024 10:00,2.074,,,,,
2/15/2024 11:00,2.069,,,,,
2/15/2024 12:00,2.092,,,,,
2/15/2024 13:00,2.109,,,,,
2/15/2024 14:00,2.122,,,,,
2/15/2024 15:00,2.137,,,,,
2/15/2024 16:00,2.146,,,,,
2/15/2024 17:00,2.149,,,,,
2/15/2024 18:00,2.143,,,,,
2/15/2024 19:00,2.147,,,,,
2/15/2024 20:00,2.15,,,,,
2/15/2024 21:00,2.124,,,,,
2/15/2024 22:00,2.104,,,,,
2/15/2024 23:00,2.124,,,,,
2/16/2024 0:00,2.133,,,,,
2/16/2024 1:00,2.128,,,,,
2/16/2024 2:00,2.124,,,,,
2/16/2024 3:00,2.126,,,,,
2/16/2024 4:00,2.119,,,,,
2/16/2024 5:00,2.082,,,,,
2/16/2024 6:00,2.027,,,,,
2/16/2024 7:00,2.02,,,,,
2/16/2024 8:00,2.009,,,,,
2/16/2024 9:00,2.013,,,,,
2/16/2024 10:00,2.022,,,,,
2/16/2024 11:00,2.014,,,,,
2/16/2024 12:00,2.047,,,,,
2/16/2024 13:00,2.06,,,,,
2/16/2024 14:00,1.996,,,,,
2/16/2024 15:00,2.068,,,,,
2/16/2024 16:00,2.1,,,,,
2/16/2024 17:00,2.103,,,,,
2/16/2024 18:00,2.086,,,,,
2/16/2024 19:00,2.072,,,,,
2/16/2024 20:00,2.086,,,,,
2/16/2024 21:00,2.087,,,,,
2/16/2024 22:00,2.087,,,,,
2/16/2024 23:00,2.084,,,,,
2/17/2024 0:00,2.084,,,,,
2/17/2024 1:00,2.087,,,,,
2/17/2024 2:00,2.088,,,,,
2/17/2024 3:00,2.08,,,,,
2/17/2024 4:00,2.073,,,,,
2/17/2024 5:00,1.997,,,,,
2/17/2024 6:00,1.943,,,,,
2/17/2024 7:00,1.936,,,,,
2/17/2024 8:00,1.931,,,,,
2/17/2024 9:00,1.928,,,,,
2/17/2024 10:00,1.959,,,,,
2/17/2024 11:00,2.022,,,,,
2/17/2024 12:00,2.034,,,,,
2/17/2024 13:00,2.057,,,,,
2/17/2024 14:00,2.063,,,,,
2/17/2024 15:00,2.065,,,,,
2/17/2024 16:00,2.083,,,,,
2/17/2024 17:00,2.088,,,,,
2/17/2024 18:00,2.103,,,,,
2/17/2024 19:00,2.084,,,,,
2/17/2024 20:00,2.057,,,,,
2/17/2024 21:00,2.006,,,,,
2/17/2024 22:00,2.009,,,,,
2/17/2024 23:00,2.005,,,,,
2/18/2024 0:00,1.965,,,,,
2/18/2024 1:00,1.947,,,,,
2/18/2024 2:00,1.945,,,,,
2/18/2024 3:00,1.946,,,,,
2/18/2024 4:00,1.949,,,,,
2/18/2024 5:00,1.939,,,,,
2/18/2024 6:00,1.932,,,,,
2/18/2024 7:00,1.923,,,,,
2/18/2024 8:00,1.919,,,,,
2/18/2024 9:00,1.884,,,,,
2/18/2024 10:00,1.856,,,,,
2/18/2024 11:00,1.789,,,,,
2/18/2024 12:00,1.779,,,,,
2/18/2024 13:00,1.787,,,,,
2/18/2024 14:00,1.805,,,,,
2/18/2024 15:00,1.826,,,,,
2/18/2024 16:00,1.888,,,,,
2/18/2024 17:00,1.983,,,,,
2/18/2024 18:00,2.055,,,,,
2/18/2024 19:00,2.107,,,,,
2/18/2024 20:00,2.129,,,,,
2/18/2024 21:00,2.083,,,,,
2/18/2024 22:00,2.054,,,,,
2/18/2024 23:00,2.043,,,,,
2/19/2024 0:00,2.046,,,,,
2/19/2024 1:00,2.034,,,,,
2/19/2024 2:00,2.028,,,,,
2/19/2024 3:00,2.034,,,,,
2/19/2024 4:00,2.036,,,,,
2/19/2024 5:00,2.031,,,,,
2/19/2024 6:00,2.027,,,,,
2/19/2024 7:00,2.027,,,,,
2/19/2024 8:00,2.024,,,,,
2/19/2024 9:00,1.999,,,,,
2/19/2024 10:00,1.911,,,,,
2/19/2024 11:00,1.831,,,,,
2/19/2024 12:00,1.812,,,,,
2/19/2024 13:00,1.756,,,,,
2/19/2024 14:00,1.755,,,,,
2/19/2024 15:00,1.781,,,,,
2/19/2024 16:00,1.824,,,,,
2/19/2024 17:00,1.928,,,,,
2/19/2024 18:00,2.002,,,,,
2/19/2024 19:00,2.049,,,,,
2/19/2024 20:00,2.057,,,,,
2/19/2024 21:00,2.063,,,,,
2/19/2024 22:00,2.089,,,,,
2/19/2024 23:00,2.066,,,,,
2/20/2024 0:00,2.03,,,,,
2/20/2024 1:00,1.996,,,,,
2/20/2024 2:00,1.949,,,,,
2/20/2024 3:00,1.962,,,,,
2/20/2024 4:00,1.989,,,,,
2/20/2024 5:00,1.987,,,,,
2/20/2024 6:00,1.987,,,,,
2/20/2024 7:00,1.983,,,,,
2/20/2024 8:00,1.989,,,,,
2/20/2024 9:00,1.982,,,,,
2/20/2024 10:00,1.987,,,,,
2/20/2024 11:00,1.997,,,,,
2/20/2024 12:00,2.002,,,,,
2/20/2024 13:00,1.998,,,,,
2/20/2024 14:00,2.01,,,,,
2/20/2024 15:00,2.014,,,,,
2/20/2024 16:00,2.017,,,,,
2/20/2024 17:00,2.016,,,,,
2/20/2024 18:00,2.013,,,,,
2/20/2024 19:00,2.012,,,,,
2/20/2024 20:00,2.009,,,,,
2/20/2024 21:00,2.009,,,,,
2/20/2024 22:00,2.007,,,,,
2/20/2024 23:00,2.004,,,,,
2/21/2024 0:00,2.004,,,,,
2/21/2024 1:00,2.019,,,,,
2/21/2024 2:00,2.028,,,,,
2/21/2024 3:00,2.025,,,,,
2/21/2024 4:00,2.015,,,,,
2/21/2024 5:00,2.004,,,,,
2/21/2024 6:00,1.996,,,,,
2/21/2024 7:00,2,,,,,
2/21/2024 8:00,2.001,,,,,
2/21/2024 9:00,1.998,,,,,
2/21/2024 10:00,1.99,,,,,
2/21/2024 11:00,1.993,,,,,
2/21/2024 12:00,2.001,,,,,
2/21/2024 13:00,2.012,,,,,
2/21/2024 14:00,2.007,,,,,
2/21/2024 15:00,2.009,,,,,
2/21/2024 16:00,2.005,,,,,
2/21/2024 17:00,2.005,,,,,
2/21/2024 18:00,2.012,,,,,
2/21/2024 19:00,2.007,,,,,
2/21/2024 20:00,2.01,,,,,
2/21/2024 21:00,1.994,,,,,
2/21/2024 22:00,1.996,,,,,
2/21/2024 23:00,1.994,,,,,
2/22/2024 0:00,1.994,,,,,
2/22/2024 1:00,1.992,,,,,
2/22/2024 2:00,1.988,,,,,
2/22/2024 3:00,1.98,,,,,
2/22/2024 4:00,1.977,,,,,
2/22/2024 5:00,1.982,,,,,
2/22/2024 6:00,1.985,,,,,
2/22/2024 7:00,1.964,,,,,
2/22/2024 8:00,1.969,,,,,
2/22/2024 9:00,1.976,,,,,
2/22/2024 10:00,1.98,,,,,
2/22/2024 11:00,1.974,,,,,
2/22/2024 12:00,1.973,,,,,
2/22/2024 13:00,1.991,,,,,
2/22/2024 14:00,1.994,,,,,
2/22/2024 15:00,1.989,,,,,
2/22/2024 16:00,1.997,,,,,
2/22/2024 17:00,1.986,,,,,
2/22/2024 18:00,1.996,,,,,
2/22/2024 19:00,2.167,,,,,
2/22/2024 20:00,2.174,,,,,
2/22/2024 21:00,2.163,,,,,
2/22/2024 22:00,2.159,,,,,
2/22/2024 23:00,2.168,,,,,
2/23/2024 0:00,2.2,,,,,
2/23/2024 1:00,2.211,,,,,
2/23/2024 2:00,2.19,,,,,
2/23/2024 3:00,2.187,,,,,
2/23/2024 4:00,2.172,,,,,
2/23/2024 5:00,2.163,,,,,
2/23/2024 6:00,2.108,,,,,
2/23/2024 7:00,2.071,,,,,
2/23/2024 8:00,2.058,,,,,
2/23/2024 9:00,2.07,,,,,
2/23/2024 10:00,2.11,,,,,
2/23/2024 11:00,2.173,,,,,
2/23/2024 12:00,2.108,,,,,
2/23/2024 13:00,2.07,,,,,
2/23/2024 14:00,2.052,,,,,
2/23/2024 15:00,2.025,,,,,
2/23/2024 16:00,2.023,,,,,
2/23/2024 17:00,2.017,,,,,
2/23/2024 18:00,2.001,,,,,
2/23/2024 19:00,1.998,,,,,
2/23/2024 20:00,1.995,,,,,
2/23/2024 21:00,1.985,,,,,
2/23/2024 22:00,1.98,,,,,
2/23/2024 23:00,1.969,,,,,
2/24/2024 0:00,1.965,,,,,
2/24/2024 1:00,1.959,,,,,
2/24/2024 2:00,1.962,,,,,
2/24/2024 3:00,1.963,,,,,
2/24/2024 4:00,1.943,,,,,
2/24/2024 5:00,1.957,,,,,
2/24/2024 6:00,1.955,,,,,
2/24/2024 7:00,1.951,,,,,
2/24/2024 8:00,1.954,,,,,
2/24/2024 9:00,1.953,,,,,
2/24/2024 10:00,1.841,,,,,
2/24/2024 11:00,1.781,,,,,
2/24/2024 12:00,1.758,,,,,
2/24/2024 13:00,1.794,,,,,
2/24/2024 14:00,1.802,,,,,
2/24/2024 15:00,1.835,,,,,
2/24/2024 16:00,1.936,,,,,
2/24/2024 17:00,2.014,,,,,
2/24/2024 18:00,2.178,,,,,
2/24/2024 19:00,2.165,,,,,
2/24/2024 20:00,2.144,,,,,
2/24/2024 21:00,2.117,,,,,
2/24/2024 22:00,2.056,,,,,
2/24/2024 23:00,1.992,,,,,
2/25/2024 0:00,1.966,,,,,
2/25/2024 1:00,1.964,,,,,
2/25/2024 2:00,1.948,,,,,
2/25/2024 3:00,1.938,,,,,
2/25/2024 4:00,1.939,,,,,
2/25/2024 5:00,1.934,,,,,
2/25/2024 6:00,1.944,,,,,
2/25/2024 7:00,1.93,,,,,
2/25/2024 8:00,1.924,,,,,
2/25/2024 9:00,1.921,,,,,
2/25/2024 10:00,1.877,,,,,
2/25/2024 11:00,1.791,,,,,
2/25/2024 12:00,1.811,,,,,
2/25/2024 13:00,1.88,,,,,
2/25/2024 14:00,1.91,,,,,
2/25/2024 15:00,1.933,,,,,
2/25/2024 16:00,2.002,,,,,
2/25/2024 17:00,2.079,,,,,
2/25/2024 18:00,2.16,,,,,
2/25/2024 19:00,2.301,,,,,
2/25/2024 20:00,2.251,,,,,
2/25/2024 21:00,2.15,,,,,
2/25/2024 22:00,2.066,,,,,
2/25/2024 23:00,2.038,,,,,
2/26/2024 0:00,2.024,,,,,
2/26/2024 1:00,2.007,,,,,
2/26/2024 2:00,2.001,,,,,
2/26/2024 3:00,1.994,,,,,
2/26/2024 4:00,1.993,,,,,
2/26/2024 5:00,1.991,,,,,
2/26/2024 6:00,1.988,,,,,
2/26/2024 7:00,1.977,,,,,
2/26/2024 8:00,1.982,,,,,
2/26/2024 9:00,1.985,,,,,
2/26/2024 10:00,1.979,,,,,
2/26/2024 11:00,1.966,,,,,
2/26/2024 12:00,1.992,,,,,
2/26/2024 13:00,1.999,,,,,
2/26/2024 14:00,2.005,,,,,
2/26/2024 15:00,2,,,,,
2/26/2024 16:00,2.025,,,,,
2/26/2024 17:00,2.035,,,,,
2/26/2024 18:00,2.03,,,,,
2/26/2024 19:00,2.21,,,,,
2/26/2024 20:00,2.25,,,,,
2/26/2024 21:00,2.263,,,,,
2/26/2024 22:00,2.178,,,,,
2/26/2024 23:00,2.065,,,,,
2/27/2024 0:00,2.023,,,,,
2/27/2024 1:00,2.029,,,,,
2/27/2024 2:00,2.264,,,,,
2/27/2024 3:00,2.251,,,,,
2/27/2024 4:00,2.124,,,,,
2/27/2024 5:00,2.023,,,,,
2/27/2024 6:00,2.004,,,,,
2/27/2024 7:00,2.032,,,,,
2/27/2024 8:00,2.051,,,,,
2/27/2024 9:00,2.23,,,,,
2/27/2024 10:00,2.263,,,,,
2/27/2024 11:00,2.231,,,,,
2/27/2024 12:00,2.196,,,,,
2/27/2024 13:00,2.189,,,,,
2/27/2024 14:00,2.213,,,,,
2/27/2024 15:00,2.266,,,,,
2/27/2024 16:00,2.333,,,,,
2/27/2024 17:00,2.316,,,,,
2/27/2024 18:00,2.249,,,,,
2/27/2024 19:00,2.195,,,,,
2/27/2024 20:00,2.155,,,,,
2/27/2024 21:00,2.129,,,,,
2/27/2024 22:00,2.095,,,,,
2/27/2024 23:00,2.074,,,,,
2/28/2024 0:00,2.061,,,,,
2/28/2024 1:00,2.025,,,,,
2/28/2024 2:00,2.014,,,,,
2/28/2024 3:00,1.993,,,,,
2/28/2024 4:00,2.001,,,,,
2/28/2024 5:00,1.997,,,,,
2/28/2024 6:00,2.001,,,,,
2/28/2024 7:00,1.925,,,,,
2/28/2024 8:00,1.744,,,,,
2/28/2024 9:00,1.687,,,,,
2/28/2024 10:00,1.687,,,,,
2/28/2024 11:00,1.716,,,,,
2/28/2024 12:00,1.822,,,,,
2/28/2024 13:00,1.873,,,,,
2/28/2024 14:00,1.896,,,,,
2/28/2024 15:00,2.039,,,,,
2/28/2024 16:00,2.176,,,,,
2/28/2024 17:00,2.4,,,,,
2/28/2024 18:00,2.357,,,,,
2/28/2024 19:00,2.237,,,,,
2/28/2024 20:00,2.119,,,,,
2/28/2024 21:00,2.056,,,,,
2/28/2024 22:00,2.005,,,,,
2/28/2024 23:00,1.966,,,,,
2/29/2024 0:00,1.948,,,,,
2/29/2024 1:00,1.888,,,,,
2/29/2024 2:00,1.871,,,,,
2/29/2024 3:00,1.857,,,,,
2/29/2024 4:00,1.823,,,,,
2/29/2024 5:00,1.799,,,,,
2/29/2024 6:00,1.795,,,,,
2/29/2024 7:00,1.813,,,,,
2/29/2024 8:00,1.804,,,,,
2/29/2024 9:00,1.781,,,,,
2/29/2024 10:00,1.747,,,,,
2/29/2024 11:00,1.752,,,,,
2/29/2024 12:00,1.8,,,,,
2/29/2024 13:00,1.85,,,,,
2/29/2024 14:00,1.93,,,,,
2/29/2024 15:00,1.963,,,,,
2/29/2024 16:00,1.981,,,,,
2/29/2024 17:00,2.009,,,,,
2/29/2024 18:00,1.984,,,,,
2/29/2024 19:00,1.951,,,,,
2/29/2024 20:00,1.906,,,,,
2/29/2024 21:00,1.866,,,,,
2/29/2024 22:00,1.968,,,,,
2/29/2024 23:00,1.999,,,,,
3/1/2024 0:00,2.275,,,,,
3/1/2024 1:00,2.347,,,,,
3/1/2024 2:00,2.367,,,,,
3/1/2024 3:00,2.371,,,,,
3/1/2024 4:00,2.413,,,,,
3/1/2024 5:00,2.44,,,,,
3/1/2024 6:00,2.44,,,,,
3/1/2024 7:00,2.428,,,,,
3/1/2024 8:00,2.434,,,,,
3/1/2024 9:00,2.378,,,,,
3/1/2024 10:00,2.265,,,,,
3/1/2024 11:00,2.216,,,,,
3/1/2024 12:00,2.182,,,,,
3/1/2024 13:00,2.206,,,,,
3/1/2024 14:00,2.213,,,,,
3/1/2024 15:00,2.224,,,,,
3/1/2024 16:00,2.237,,,,,
3/1/2024 17:00,2.225,,,,,
3/1/2024 18:00,2.184,,,,,
3/1/2024 19:00,2.149,,,,,
3/1/2024 20:00,2.123,,,,,
3/1/2024 21:00,2.123,,,,,
3/1/2024 22:00,2.145,,,,,
3/1/2024 23:00,2.178,,,,,
3/2/2024 0:00,2.182,,,,,
3/2/2024 1:00,2.179,,,,,
3/2/2024 2:00,2.179,,,,,
3/2/2024 3:00,2.173,,,,,
3/2/2024 4:00,2.169,,,,,
3/2/2024 5:00,2.169,,,,,
3/2/2024 6:00,2.165,,,,,
3/2/2024 7:00,2.112,,,,,
3/2/2024 8:00,2.041,,,,,
3/2/2024 9:00,1.95,,,,,
3/2/2024 10:00,1.968,,,,,
3/2/2024 11:00,2.005,,,,,
3/2/2024 12:00,2.035,,,,,
3/2/2024 13:00,2.089,,,,,
3/2/2024 14:00,2.139,,,,,
3/2/2024 15:00,2.18,,,,,
3/2/2024 16:00,2.18,,,,,
3/2/2024 17:00,2.164,,,,,
3/2/2024 18:00,2.16,,,,,
3/2/2024 19:00,2.161,,,,,
3/2/2024 20:00,2.141,,,,,
3/2/2024 21:00,2.135,,,,,
3/2/2024 22:00,2.149,,,,,
3/2/2024 23:00,2.161,,,,,
3/3/2024 0:00,2.174,,,,,
3/3/2024 1:00,2.169,,,,,
3/3/2024 2:00,2.16,,,,,
3/3/2024 3:00,2.151,,,,,
3/3/2024 4:00,2.159,,,,,
3/3/2024 5:00,2.161,,,,,
3/3/2024 6:00,2.159,,,,,
3/3/2024 7:00,2.164,,,,,
3/3/2024 8:00,2.157,,,,,
3/3/2024 9:00,2.066,,,,,
3/3/2024 10:00,2.069,,,,,
3/3/2024 11:00,2.138,,,,,
3/3/2024 12:00,2.158,,,,,
3/3/2024 13:00,2.177,,,,,
3/3/2024 14:00,2.181,,,,,
3/3/2024 15:00,2.181,,,,,
3/3/2024 16:00,2.202,,,,,
3/3/2024 17:00,2.232,,,,,
3/3/2024 18:00,2.228,,,,,
3/3/2024 19:00,2.236,,,,,
3/3/2024 20:00,2.233,,,,,
3/3/2024 21:00,2.199,,,,,
3/3/2024 22:00,2.179,,,,,
3/3/2024 23:00,2.18,,,,,
3/4/2024 0:00,2.204,,,,,
3/4/2024 1:00,2.198,,,,,
3/4/2024 2:00,2.19,,,,,
3/4/2024 3:00,2.171,,,,,
3/4/2024 4:00,2.175,,,,,
3/4/2024 5:00,2.175,,,,,
3/4/2024 6:00,2.156,,,,,
3/4/2024 7:00,2.139,,,,,
3/4/2024 8:00,2.112,,,,,
3/4/2024 9:00,2.091,,,,,
3/4/2024 10:00,2.105,,,,,
3/4/2024 11:00,2.1,,,,,
3/4/2024 12:00,2.105,,,,,
3/4/2024 13:00,2.157,,,,,
3/4/2024 14:00,2.25,,,,,
3/4/2024 15:00,2.29,,,,,
3/4/2024 16:00,2.306,,,,,
3/4/2024 17:00,2.299,,,,,
3/4/2024 18:00,2.306,,,,,
3/4/2024 19:00,2.297,,,,,
3/4/2024 20:00,2.264,,,,,
3/4/2024 21:00,2.22,,,,,
3/4/2024 22:00,2.247,,,,,
3/4/2024 23:00,2.258,,,,,
3/5/2024 0:00,2.252,,,,,
3/5/2024 1:00,2.221,,,,,
3/5/2024 2:00,2.208,,,,,
3/5/2024 3:00,2.209,,,,,
3/5/2024 4:00,2.225,,,,,
3/5/2024 5:00,2.229,,,,,
3/5/2024 6:00,2.227,,,,,
3/5/2024 7:00,2.232,,,,,
3/5/2024 8:00,2.234,,,,,
3/5/2024 9:00,2.232,,,,,
3/5/2024 10:00,2.231,,,,,
3/5/2024 11:00,2.239,,,,,
3/5/2024 12:00,2.248,,,,,
3/5/2024 13:00,2.295,,,,,
3/5/2024 14:00,2.288,,,,,
3/5/2024 15:00,2.277,,,,,
3/5/2024 16:00,2.293,,,,,
3/5/2024 17:00,2.299,,,,,
3/5/2024 18:00,2.271,,,,,
3/5/2024 19:00,2.242,,,,,
3/5/2024 20:00,2.23,,,,,
3/5/2024 21:00,2.259,,,,,
3/5/2024 22:00,2.264,,,,,
3/5/2024 23:00,2.27,,,,,
3/6/2024 0:00,2.26,,,,,
3/6/2024 1:00,2.246,,,,,
3/6/2024 2:00,2.185,,,,,
3/6/2024 3:00,2.163,,,,,
3/6/2024 4:00,2.184,,,,,
3/6/2024 5:00,2.231,,,,,
3/6/2024 6:00,2.244,,,,,
3/6/2024 7:00,2.241,,,,,
3/6/2024 8:00,2.216,,,,,
3/6/2024 9:00,2.182,,,,,
3/6/2024 10:00,2.172,,,,,
3/6/2024 11:00,2.186,,,,,
3/6/2024 12:00,2.217,,,,,
3/6/2024 13:00,2.243,,,,,
3/6/2024 14:00,2.294,,,,,
3/6/2024 15:00,2.347,,,,,
3/6/2024 16:00,2.354,,,,,
3/6/2024 17:00,2.328,,,,,
3/6/2024 18:00,2.3,,,,,
3/6/2024 19:00,2.291,,,,,
3/6/2024 20:00,2.28,,,,,
3/6/2024 21:00,2.267,,,,,
3/6/2024 22:00,2.255,,,,,
3/6/2024 23:00,2.195,,,,,
3/7/2024 0:00,2.19,,,,,
3/7/2024 1:00,2.221,,,,,
3/7/2024 2:00,2.237,,,,,
3/7/2024 3:00,2.252,,,,,
3/7/2024 4:00,2.261,,,,,
3/7/2024 5:00,2.252,,,,,
3/7/2024 6:00,2.243,,,,,
3/7/2024 7:00,2.232,,,,,
3/7/2024 8:00,2.228,,,,,
3/7/2024 9:00,2.231,,,,,
3/7/2024 10:00,2.229,,,,,
3/7/2024 11:00,2.242,,,,,
3/7/2024 12:00,2.227,,,,,
3/7/2024 13:00,2.236,,,,,
3/7/2024 14:00,2.313,,,,,
3/7/2024 15:00,2.329,,,,,
3/7/2024 16:00,2.283,,,,,
3/7/2024 17:00,2.277,,,,,
3/7/2024 18:00,2.254,,,,,
3/7/2024 19:00,2.236,,,,,
3/7/2024 20:00,2.228,,,,,
3/7/2024 21:00,2.222,,,,,
3/7/2024 22:00,2.253,,,,,
3/7/2024 23:00,2.26,,,,,
3/8/2024 0:00,2.239,,,,,
3/8/2024 1:00,2.199,,,,,
3/8/2024 2:00,2.177,,,,,
3/8/2024 3:00,2.199,,,,,
3/8/2024 4:00,2.225,,,,,
3/8/2024 5:00,2.222,,,,,
3/8/2024 6:00,2.229,,,,,
3/8/2024 7:00,2.231,,,,,
3/8/2024 8:00,2.232,,,,,
3/8/2024 9:00,2.218,,,,,
3/8/2024 10:00,2.187,,,,,
3/8/2024 11:00,2.21,,,,,
3/8/2024 12:00,2.245,,,,,
3/8/2024 13:00,2.267,,,,,
3/8/2024 14:00,2.276,,,,,
3/8/2024 15:00,2.27,,,,,
3/8/2024 16:00,2.273,,,,,
3/8/2024 17:00,2.256,,,,,
3/8/2024 18:00,2.238,,,,,
3/8/2024 19:00,2.223,,,,,
3/8/2024 20:00,2.23,,,,,
3/8/2024 21:00,2.224,,,,,
3/8/2024 22:00,2.214,,,,,
3/8/2024 23:00,2.211,,,,,
3/9/2024 0:00,2.187,,,,,
3/9/2024 1:00,2.126,,,,,
3/9/2024 2:00,2.111,,,,,
3/9/2024 3:00,2.101,,,,,
3/9/2024 4:00,2.094,,,,,
3/9/2024 5:00,2.144,,,,,
3/9/2024 6:00,2.133,,,,,
3/9/2024 7:00,2.022,,,,,
3/9/2024 8:00,1.999,,,,,
3/9/2024 9:00,1.983,,,,,
3/9/2024 10:00,2.018,,,,,
3/9/2024 11:00,2.045,,,,,
3/9/2024 12:00,2.131,,,,,
3/9/2024 13:00,2.204,,,,,
3/9/2024 14:00,2.2,,,,,
3/9/2024 15:00,2.214,,,,,
3/9/2024 16:00,2.209,,,,,
3/9/2024 17:00,2.194,,,,,
3/9/2024 18:00,2.2,,,,,
3/9/2024 19:00,2.239,,,,,
3/9/2024 20:00,2.229,,,,,
3/9/2024 21:00,2.244,,,,,
3/9/2024 22:00,2.23,,,,,
3/9/2024 23:00,2.246,,,,,
3/10/2024 0:00,2.243,,,,,
3/10/2024 1:00,2.228,,,,,
3/10/2024 2:00,2.087,,,,,
3/10/2024 3:00,1.888,,,,,
3/10/2024 4:00,1.825,,,,,
3/10/2024 5:00,1.778,,,,,
3/10/2024 6:00,1.913,,,,,
3/10/2024 7:00,1.987,,,,,
3/10/2024 8:00,1.936,,,,,
3/10/2024 9:00,1.914,,,,,
3/10/2024 10:00,1.996,,,,,
3/10/2024 11:00,2.07,,,,,
3/10/2024 12:00,2.176,,,,,
3/10/2024 13:00,2.193,,,,,
3/10/2024 14:00,2.2,,,,,
3/10/2024 15:00,2.185,,,,,
3/10/2024 16:00,2.173,,,,,
3/10/2024 17:00,2.183,,,,,
3/10/2024 18:00,2.154,,,,,
3/10/2024 19:00,2.139,,,,,
3/10/2024 20:00,2.145,,,,,
3/10/2024 21:00,2.163,,,,,
3/10/2024 22:00,2.234,,,,,
3/10/2024 23:00,2.201,,,,,
3/11/2024 0:00,2.213,,,,,
3/11/2024 1:00,2.229,,,,,
3/11/2024 2:00,2.226,,,,,
3/11/2024 3:00,2.22,,,,,
3/11/2024 4:00,2.133,,,,,
3/11/2024 5:00,1.964,,,,,
3/11/2024 6:00,1.869,,,,,
3/11/2024 7:00,1.852,,,,,
3/11/2024 8:00,1.897,,,,,
3/11/2024 9:00,1.938,,,,,
3/11/2024 10:00,1.994,,,,,
3/11/2024 11:00,2.098,,,,,
3/11/2024 12:00,2.159,,,,,
3/11/2024 13:00,2.188,,,,,
3/11/2024 14:00,2.162,,,,,
3/11/2024 15:00,2.147,,,,,
3/11/2024 16:00,2.132,,,,,
3/11/2024 17:00,2.129,,,,,
3/11/2024 18:00,2.119,,,,,
3/11/2024 19:00,2.152,,,,,
3/11/2024 20:00,2.153,,,,,
3/11/2024 21:00,2.155,,,,,
3/11/2024 22:00,2.155,,,,,
3/11/2024 23:00,2.155,,,,,
3/12/2024 0:00,2.152,,,,,
3/12/2024 1:00,2.158,,,,,
3/12/2024 2:00,2.173,,,,,
3/12/2024 3:00,2.182,,,,,
3/12/2024 4:00,2.165,,,,,
3/12/2024 5:00,2.162,,,,,
3/12/2024 6:00,2.172,,,,,
3/12/2024 7:00,2.166,,,,,
3/12/2024 8:00,2.154,,,,,
3/12/2024 9:00,2.141,,,,,
3/12/2024 10:00,2.184,,,,,
3/12/2024 11:00,2.203,,,,,
3/12/2024 12:00,2.206,,,,,
3/12/2024 13:00,2.215,,,,,
3/12/2024 14:00,2.219,,,,,
3/12/2024 15:00,2.219,,,,,
3/12/2024 16:00,2.216,,,,,
3/12/2024 17:00,2.212,,,,,
3/12/2024 18:00,2.176,,,,,
3/12/2024 19:00,2.198,,,,,
3/12/2024 20:00,2.198,,,,,
3/12/2024 21:00,2.19,,,,,
3/12/2024 22:00,2.19,,,,,
3/12/2024 23:00,2.182,,,,,
3/13/2024 0:00,2.169,,,,,
3/13/2024 1:00,2.187,,,,,
3/13/2024 2:00,2.184,,,,,
3/13/2024 3:00,2.174,,,,,
3/13/2024 4:00,2.161,,,,,
3/13/2024 5:00,2.173,,,,,
3/13/2024 6:00,2.167,,,,,
3/13/2024 7:00,2.15,,,,,
3/13/2024 8:00,2.166,,,,,
3/13/2024 9:00,2.167,,,,,
3/13/2024 10:00,2.159,,,,,
3/13/2024 11:00,2.16,,,,,
3/13/2024 12:00,2.165,,,,,
3/13/2024 13:00,2.158,,,,,
3/13/2024 14:00,2.164,,,,,
3/13/2024 15:00,2.143,,,,,
3/13/2024 16:00,2.152,,,,,
3/13/2024 17:00,2.124,,,,,
3/13/2024 18:00,2.135,,,,,
3/13/2024 19:00,2.132,,,,,
3/13/2024 20:00,2.123,,,,,
3/13/2024 21:00,2.11,,,,,
3/13/2024 22:00,2.11,,,,,
3/13/2024 23:00,2.11,,,,,
3/14/2024 0:00,2.121,,,,,
3/14/2024 1:00,2.119,,,,,
3/14/2024 2:00,2.131,,,,,
3/14/2024 3:00,2.123,,,,,
3/14/2024 4:00,2.111,,,,,
3/14/2024 5:00,2.114,,,,,
3/14/2024 6:00,2.048,,,,,
3/14/2024 7:00,1.979,,,,,
3/14/2024 8:00,2.039,,,,,
3/14/2024 9:00,2.052,,,,,
3/14/2024 10:00,2.068,,,,,
3/14/2024 11:00,2.071,,,,,
3/14/2024 12:00,2.112,,,,,
3/14/2024 13:00,2.124,,,,,
3/14/2024 14:00,2.125,,,,,
3/14/2024 15:00,2.022,,,,,
3/14/2024 16:00,1.953,,,,,
3/14/2024 17:00,1.89,,,,,
3/14/2024 18:00,1.849,,,,,
3/14/2024 19:00,1.768,,,,,
3/14/2024 20:00,1.71,,,,,
3/14/2024 21:00,1.701,,,,,
3/14/2024 22:00,1.654,,,,,
3/14/2024 23:00,1.57,,,,,
3/15/2024 0:00,1.551,,,,,
3/15/2024 1:00,1.507,,,,,
3/15/2024 2:00,1.499,,,,,
3/15/2024 3:00,1.493,,,,,
3/15/2024 4:00,1.482,,,,,
3/15/2024 5:00,1.486,,,,,
3/15/2024 6:00,1.488,,,,,
3/15/2024 7:00,1.471,,,,,
3/15/2024 8:00,1.429,,,,,
3/15/2024 9:00,1.484,,,,,
3/15/2024 10:00,1.454,,,,,
3/15/2024 11:00,1.417,,,,,
3/15/2024 12:00,1.387,,,,,
3/15/2024 13:00,1.399,,,,,
3/15/2024 14:00,1.254,,,,,
3/15/2024 15:00,1.013,,,,,
3/15/2024 16:00,0.847,,,,,
3/15/2024 17:00,0.667,,,,,
3/15/2024 18:00,0.525,,,,,
3/15/2024 19:00,0.504,,,,,
3/15/2024 20:00,0.499,,,,,
3/15/2024 21:00,0.452,,,,,
3/15/2024 22:00,0.433,,,,,
3/15/2024 23:00,0.437,,,,,
3/16/2024 0:00,0.427,,,,,
3/16/2024 1:00,0.424,,,,,
3/16/2024 2:00,0.418,,,,,
3/16/2024 3:00,0.408,,,,,
3/16/2024 4:00,0.412,,,,,
3/16/2024 5:00,0.398,,,,,
3/16/2024 6:00,0.374,,,,,
3/16/2024 7:00,0.363,,,,,
3/16/2024 8:00,0.364,,,,,
3/16/2024 9:00,0.362,,,,,
3/16/2024 10:00,0.368,,,,,
3/16/2024 11:00,0.37,,,,,
3/16/2024 12:00,0.394,,,,,
3/16/2024 13:00,0.444,,,,,
3/16/2024 14:00,0.515,,,,,
3/16/2024 15:00,0.621,,,,,
3/16/2024 16:00,0.742,,,,,
3/16/2024 17:00,0.815,,,,,
3/16/2024 18:00,0.816,,,,,
3/16/2024 19:00,0.809,,,,,
3/16/2024 20:00,0.809,,,,,
3/16/2024 21:00,0.849,,,,,
3/16/2024 22:00,0.85,,,,,
3/16/2024 23:00,0.849,,,,,
3/17/2024 0:00,0.848,,,,,
3/17/2024 1:00,0.842,,,,,
3/17/2024 2:00,0.84,,,,,
3/17/2024 3:00,0.837,,,,,
3/17/2024 4:00,0.836,,,,,
3/17/2024 5:00,0.853,,,,,
3/17/2024 6:00,0.856,,,,,
3/17/2024 7:00,0.86,,,,,
3/17/2024 8:00,0.856,,,,,
3/17/2024 9:00,0.861,,,,,
3/17/2024 10:00,0.881,,,,,
3/17/2024 11:00,0.901,,,,,
3/17/2024 12:00,0.926,,,,,
3/17/2024 13:00,0.94,,,,,
3/17/2024 14:00,0.961,,,,,
3/17/2024 15:00,0.97,,,,,
3/17/2024 16:00,0.968,,,,,
3/17/2024 17:00,0.971,,,,,
3/17/2024 18:00,0.976,,,,,
3/17/2024 19:00,0.973,,,,,
3/17/2024 20:00,0.964,,,,,
3/17/2024 21:00,0.959,,,,,
3/17/2024 22:00,0.951,,,,,
3/17/2024 23:00,0.947,,,,,
3/18/2024 0:00,0.943,,,,,
3/18/2024 1:00,0.941,,,,,
3/18/2024 2:00,0.933,,,,,
3/18/2024 3:00,0.929,,,,,
3/18/2024 4:00,0.922,,,,,
3/18/2024 5:00,0.91,,,,,
3/18/2024 6:00,0.915,,,,,
3/18/2024 7:00,0.914,,,,,
3/18/2024 8:00,0.903,,,,,
3/18/2024 9:00,0.902,,,,,
3/18/2024 10:00,0.911,,,,,
3/18/2024 11:00,0.928,,,,,
3/18/2024 12:00,0.937,,,,,
3/18/2024 13:00,0.974,,,,,
3/18/2024 14:00,0.969,,,,,
3/18/2024 15:00,0.961,,,,,
3/18/2024 16:00,0.968,,,,,
3/18/2024 17:00,0.964,,,,,
3/18/2024 18:00,0.978,,,,,
3/18/2024 19:00,0.981,,,,,
3/18/2024 20:00,0.967,,,,,
3/18/2024 21:00,0.98,,,,,
3/18/2024 22:00,1.006,,,,,
3/18/2024 23:00,1.022,,,,,
3/19/2024 0:00,1.01,,,,,
3/19/2024 1:00,0.953,,,,,
3/19/2024 2:00,0.903,,,,,
3/19/2024 3:00,0.891,,,,,
3/19/2024 4:00,0.881,,,,,
3/19/2024 5:00,0.861,,,,,
3/19/2024 6:00,0.846,,,,,
3/19/2024 7:00,0.861,,,,,
3/19/2024 8:00,0.852,,,,,
3/19/2024 9:00,0.861,,,,,
3/19/2024 10:00,0.868,,,,,
3/19/2024 11:00,0.891,,,,,
3/19/2024 12:00,0.912,,,,,
3/19/2024 13:00,0.951,,,,,
3/19/2024 14:00,0.956,,,,,
3/19/2024 15:00,0.941,,,,,
3/19/2024 16:00,0.942,,,,,
3/19/2024 17:00,0.957,,,,,
3/19/2024 18:00,0.971,,,,,
3/19/2024 19:00,1.022,,,,,
3/19/2024 20:00,1.018,,,,,
3/19/2024 21:00,1.042,,,,,
3/19/2024 22:00,1.037,,,,,
3/19/2024 23:00,1.048,,,,,
3/20/2024 0:00,1.057,,,,,
3/20/2024 1:00,1.073,,,,,
3/20/2024 2:00,0.965,,,,,
3/20/2024 3:00,0.887,,,,,
3/20/2024 4:00,0.895,,,,,
3/20/2024 5:00,0.878,,,,,
3/20/2024 6:00,0.868,,,,,
3/20/2024 7:00,0.852,,,,,
3/20/2024 8:00,0.865,,,,,
3/20/2024 9:00,0.875,,,,,
3/20/2024 10:00,0.889,,,,,
3/20/2024 11:00,0.895,,,,,
3/20/2024 12:00,0.918,,,,,
3/20/2024 13:00,0.949,,,,,
3/20/2024 14:00,0.951,,,,,
3/20/2024 15:00,0.955,,,,,
3/20/2024 16:00,0.962,,,,,
3/20/2024 17:00,1.036,,,,,
3/20/2024 18:00,1.073,,,,,
3/20/2024 19:00,1.097,,,,,
3/20/2024 20:00,1.094,,,,,
3/20/2024 21:00,1.031,,,,,
3/20/2024 22:00,1.008,,,,,
3/20/2024 23:00,1.002,,,,,
3/21/2024 0:00,0.993,,,,,
3/21/2024 1:00,0.987,,,,,
3/21/2024 2:00,0.987,,,,,
3/21/2024 3:00,0.988,,,,,
3/21/2024 4:00,0.977,,,,,
3/21/2024 5:00,0.984,,,,,
3/21/2024 6:00,0.923,,,,,
3/21/2024 7:00,0.887,,,,,
3/21/2024 8:00,0.885,,,,,
3/21/2024 9:00,0.895,,,,,
3/21/2024 10:00,0.888,,,,,
3/21/2024 11:00,0.925,,,,,
3/21/2024 12:00,0.989,,,,,
3/21/2024 13:00,1.049,,,,,
3/21/2024 14:00,1.082,,,,,
3/21/2024 15:00,1.092,,,,,
3/21/2024 16:00,1.063,,,,,
3/21/2024 17:00,1.08,,,,,
3/21/2024 18:00,1.084,,,,,
3/21/2024 19:00,1.089,,,,,
3/21/2024 20:00,1.083,,,,,
3/21/2024 21:00,1.073,,,,,
3/21/2024 22:00,1.07,,,,,
3/21/2024 23:00,1.062,,,,,
3/22/2024 0:00,1.066,,,,,
3/22/2024 1:00,1.052,,,,,
3/22/2024 2:00,1.035,,,,,
3/22/2024 3:00,0.964,,,,,
3/22/2024 4:00,0.96,,,,,
3/22/2024 5:00,0.954,,,,,
3/22/2024 6:00,0.946,,,,,
3/22/2024 7:00,0.951,,,,,
3/22/2024 8:00,0.943,,,,,
3/22/2024 9:00,0.943,,,,,
3/22/2024 10:00,0.953,,,,,
3/22/2024 11:00,0.995,,,,,
3/22/2024 12:00,1.013,,,,,
3/22/2024 13:00,1.044,,,,,
3/22/2024 14:00,1.054,,,,,
3/22/2024 15:00,1.065,,,,,
3/22/2024 16:00,1.054,,,,,
3/22/2024 17:00,1.071,,,,,
3/22/2024 18:00,1.08,,,,,
3/22/2024 19:00,1.072,,,,,
3/22/2024 20:00,1.084,,,,,
3/22/2024 21:00,1.099,,,,,
3/22/2024 22:00,1.136,,,,,
3/22/2024 23:00,1.142,,,,,
3/23/2024 0:00,1.142,,,,,
3/23/2024 1:00,1.097,,,,,
3/23/2024 2:00,1.091,,,,,
3/23/2024 3:00,1.065,,,,,
3/23/2024 4:00,1.041,,,,,
3/23/2024 5:00,1.02,,,,,
3/23/2024 6:00,1.036,,,,,
3/23/2024 7:00,1.015,,,,,
3/23/2024 8:00,1.003,,,,,
3/23/2024 9:00,0.998,,,,,
3/23/2024 10:00,1.01,,,,,
3/23/2024 11:00,1.04,,,,,
3/23/2024 12:00,1.1,,,,,
3/23/2024 13:00,1.136,,,,,
3/23/2024 14:00,1.132,,,,,
3/23/2024 15:00,1.133,,,,,
3/23/2024 16:00,1.132,,,,,
3/23/2024 17:00,1.123,,,,,
3/23/2024 18:00,1.086,,,,,
3/23/2024 19:00,1.03,,,,,
3/23/2024 20:00,1.028,,,,,
3/23/2024 21:00,1.032,,,,,
3/23/2024 22:00,1.038,,,,,
3/23/2024 23:00,1.033,,,,,
3/24/2024 0:00,1.033,,,,,
3/24/2024 1:00,1.042,,,,,
3/24/2024 2:00,1.048,,,,,
3/24/2024 3:00,1.055,,,,,
3/24/2024 4:00,1.041,,,,,
3/24/2024 5:00,1.05,,,,,
3/24/2024 6:00,1.045,,,,,
3/24/2024 7:00,1.046,,,,,
3/24/2024 8:00,1.038,,,,,
3/24/2024 9:00,1.078,,,,,
3/24/2024 10:00,1.096,,,,,
3/24/2024 11:00,1.11,,,,,
3/24/2024 12:00,1.113,,,,,
3/24/2024 13:00,1.124,,,,,
3/24/2024 14:00,1.127,,,,,
3/24/2024 15:00,1.107,,,,,
3/24/2024 16:00,1.109,,,,,
3/24/2024 17:00,1.103,,,,,
3/24/2024 18:00,1.101,,,,,
3/24/2024 19:00,1.067,,,,,
3/24/2024 20:00,1.081,,,,,
3/24/2024 21:00,1.095,,,,,
3/24/2024 22:00,1.086,,,,,
3/24/2024 23:00,1.073,,,,,
3/25/2024 0:00,1.065,,,,,
3/25/2024 1:00,1.062,,,,,
3/25/2024 2:00,1.08,,,,,
3/25/2024 3:00,1.084,,,,,
3/25/2024 4:00,1.084,,,,,
3/25/2024 5:00,1.076,,,,,
3/25/2024 6:00,1.056,,,,,
3/25/2024 7:00,1.039,,,,,
3/25/2024 8:00,1.046,,,,,
3/25/2024 9:00,1.062,,,,,
3/25/2024 10:00,1.046,,,,,
3/25/2024 11:00,1.038,,,,,
3/25/2024 12:00,1.039,,,,,
3/25/2024 13:00,1.041,,,,,
3/25/2024 14:00,1.052,,,,,
3/25/2024 15:00,1.083,,,,,
3/25/2024 16:00,1.08,,,,,
3/25/2024 17:00,1.097,,,,,
3/25/2024 18:00,1.1,,,,,
3/25/2024 19:00,1.092,,,,,
3/25/2024 20:00,1.053,,,,,
3/25/2024 21:00,1.034,,,,,
3/25/2024 22:00,0.999,,,,,
3/25/2024 23:00,0.973,,,,,
3/26/2024 0:00,0.956,,,,,
3/26/2024 1:00,0.952,,,,,
3/26/2024 2:00,0.944,,,,,
3/26/2024 3:00,0.946,,,,,
3/26/2024 4:00,0.947,,,,,
3/26/2024 5:00,0.94,,,,,
3/26/2024 6:00,0.944,,,,,
3/26/2024 7:00,0.944,,,,,
3/26/2024 8:00,0.945,,,,,
3/26/2024 9:00,0.943,,,,,
3/26/2024 10:00,0.93,,,,,
3/26/2024 11:00,0.942,,,,,
3/26/2024 12:00,0.973,,,,,
3/26/2024 13:00,0.963,,,,,
3/26/2024 14:00,0.978,,,,,
3/26/2024 15:00,0.99,,,,,
3/26/2024 16:00,1.003,,,,,
3/26/2024 17:00,1.007,,,,,
3/26/2024 18:00,0.996,,,,,
3/26/2024 19:00,0.985,,,,,
3/26/2024 20:00,0.99,,,,,
3/26/2024 21:00,1.031,,,,,
3/26/2024 22:00,1.033,,,,,
3/26/2024 23:00,1.049,,,,,
3/27/2024 0:00,1.079,,,,,
3/27/2024 1:00,1.081,,,,,
3/27/2024 2:00,1.054,,,,,
3/27/2024 3:00,1.037,,,,,
3/27/2024 4:00,1.001,,,,,
3/27/2024 5:00,0.996,,,,,
3/27/2024 6:00,0.991,,,,,
3/27/2024 7:00,0.999,,,,,
3/27/2024 8:00,0.995,,,,,
3/27/2024 9:00,1.005,,,,,
3/27/2024 10:00,1.009,,,,,
3/27/2024 11:00,1.006,,,,,
3/27/2024 12:00,1.017,,,,,
3/27/2024 13:00,1.023,,,,,
3/27/2024 14:00,1.024,,,,,
3/27/2024 15:00,0.984,,,,,
3/27/2024 16:00,0.825,,,,,
3/27/2024 17:00,1.013,,,,,
3/27/2024 18:00,1.019,,,,,
3/27/2024 19:00,1.016,,,,,
3/27/2024 20:00,1.012,,,,,
3/27/2024 21:00,1.033,,,,,
3/27/2024 22:00,1.039,,,,,
3/27/2024 23:00,1.059,,,,,
3/28/2024 0:00,1.063,,,,,
3/28/2024 1:00,1.063,,,,,
3/28/2024 2:00,1.053,,,,,
3/28/2024 3:00,1.025,,,,,
3/28/2024 4:00,0.991,,,,,
3/28/2024 5:00,0.968,,,,,
3/28/2024 6:00,0.95,,,,,
3/28/2024 7:00,0.948,,,,,
3/28/2024 8:00,0.929,,,,,
3/28/2024 9:00,0.917,,,,,
3/28/2024 10:00,0.924,,,,,
3/28/2024 11:00,0.948,,,,,
3/28/2024 12:00,0.953,,,,,
3/28/2024 13:00,0.977,,,,,
3/28/2024 14:00,1.015,,,,,
3/28/2024 15:00,1.035,,,,,
3/28/2024 16:00,1.022,,,,,
3/28/2024 17:00,1.026,,,,,
3/28/2024 18:00,1.016,,,,,
3/28/2024 19:00,1.007,,,,,
3/28/2024 20:00,1.012,,,,,
3/28/2024 21:00,1.013,,,,,
3/28/2024 22:00,1.022,,,,,
3/28/2024 23:00,1.027,,,,,
3/29/2024 0:00,1.027,,,,,
3/29/2024 1:00,1.036,,,,,
3/29/2024 2:00,1.032,,,,,
3/29/2024 3:00,1.027,,,,,
3/29/2024 4:00,1.03,,,,,
3/29/2024 5:00,1.038,,,,,
3/29/2024 6:00,1.054,,,,,
3/29/2024 7:00,1.051,,,,,
3/29/2024 8:00,1.048,,,,,
3/29/2024 9:00,1.025,,,,,
3/29/2024 10:00,1.023,,,,,
3/29/2024 11:00,1.042,,,,,
3/29/2024 12:00,1.053,,,,,
3/29/2024 13:00,1.04,,,,,
3/29/2024 14:00,1.04,,,,,
3/29/2024 15:00,1.045,,,,,
3/29/2024 16:00,1.041,,,,,
3/29/2024 17:00,1.035,,,,,
3/29/2024 18:00,1.03,,,,,
3/29/2024 19:00,1.033,,,,,
3/29/2024 20:00,1.032,,,,,
3/29/2024 21:00,1.036,,,,,
3/29/2024 22:00,1.037,,,,,
3/29/2024 23:00,1.03,,,,,
3/30/2024 0:00,1.028,,,,,
3/30/2024 1:00,1.026,,,,,
3/30/2024 2:00,1.026,,,,,
3/30/2024 3:00,1.026,,,,,
3/30/2024 4:00,1.026,,,,,
3/30/2024 5:00,1.03,,,,,
3/30/2024 6:00,1.024,,,,,
3/30/2024 7:00,1.021,,,,,
3/30/2024 8:00,1.023,,,,,
3/30/2024 9:00,1.014,,,,,
3/30/2024 10:00,1.056,,,,,
3/30/2024 11:00,1.062,,,,,
3/30/2024 12:00,1.062,,,,,
3/30/2024 13:00,1.054,,,,,
3/30/2024 14:00,1.054,,,,,
3/30/2024 15:00,1.049,,,,,
3/30/2024 16:00,1.046,,,,,
3/30/2024 17:00,1.039,,,,,
3/30/2024 18:00,1.063,,,,,
3/30/2024 19:00,1.1,,,,,
3/30/2024 20:00,1.105,,,,,
3/30/2024 21:00,1.112,,,,,
3/30/2024 22:00,1.115,,,,,
3/30/2024 23:00,1.112,,,,,
3/31/2024 0:00,1.109,,,,,
3/31/2024 1:00,1.117,,,,,
3/31/2024 2:00,1.112,,,,,
3/31/2024 3:00,1.106,,,,,
3/31/2024 4:00,1.106,,,,,
3/31/2024 5:00,1.096,,,,,
3/31/2024 6:00,1.096,,,,,
3/31/2024 7:00,1.1,,,,,
3/31/2024 8:00,1.099,,,,,
3/31/2024 9:00,1.105,,,,,
3/31/2024 10:00,1.107,,,,,
3/31/2024 11:00,1.101,,,,,
3/31/2024 12:00,1.116,,,,,
3/31/2024 13:00,1.113,,,,,
3/31/2024 14:00,1.111,,,,,
3/31/2024 15:00,1.116,,,,,
3/31/2024 16:00,1.123,,,,,
3/31/2024 17:00,1.119,,,,,
3/31/2024 18:00,1.123,,,,,
3/31/2024 19:00,1.138,,,,,
3/31/2024 20:00,1.146,,,,,
3/31/2024 21:00,1.138,,,,,
3/31/2024 22:00,1.136,,,,,
3/31/2024 23:00,1.135,,,,,
4/1/2024 0:00,1.133,,,,,
4/1/2024 1:00,1.134,,,,,
4/1/2024 2:00,1.133,,,,,
4/1/2024 3:00,1.123,,,,,
4/1/2024 4:00,1.125,,,,,
4/1/2024 5:00,1.124,,,,,
4/1/2024 6:00,1.121,,,,,
4/1/2024 7:00,1.095,,,,,
4/1/2024 8:00,1.086,,,,,
4/1/2024 9:00,1.125,,,,,
4/1/2024 10:00,1.13,,,,,
4/1/2024 11:00,1.145,,,,,
4/1/2024 12:00,1.156,,,,,
4/1/2024 13:00,1.153,,,,,
4/1/2024 14:00,1.189,,,,,
4/1/2024 15:00,1.184,,,,,
4/1/2024 16:00,1.181,,,,,
4/1/2024 17:00,1.187,,,,,
4/1/2024 18:00,1.191,,,,,
4/1/2024 19:00,1.204,,,,,
4/1/2024 20:00,1.202,,,,,
4/1/2024 21:00,1.196,,,,,
4/1/2024 22:00,1.198,,,,,
4/1/2024 23:00,1.189,,,,,
4/2/2024 0:00,1.19,,,,,
4/2/2024 1:00,1.191,,,,,
4/2/2024 2:00,1.132,,,,,
4/2/2024 3:00,1.117,,,,,
4/2/2024 4:00,1.113,,,,,
4/2/2024 5:00,1.139,,,,,
4/2/2024 6:00,1.134,,,,,
4/2/2024 7:00,1.128,,,,,
4/2/2024 8:00,1.104,,,,,
4/2/2024 9:00,1.1,,,,,
4/2/2024 10:00,1.117,,,,,
4/2/2024 11:00,1.112,,,,,
4/2/2024 12:00,1.121,,,,,
4/2/2024 13:00,1.141,,,,,
4/2/2024 13:15,,,Logged,,,
4/2/2024 13:15,,,,Logged,,
4/2/2024 13:16,,,,,Logged,Logged
