TagID,Event,GhostDate,RS_Num,River,ReleaseSite,Date,Time,UTM_X,UTM_Y,Species,Length,Weight,TagType,QAQC,TagSize,Ant,FinClip,Mortality,Notes
230000142513,Ghost,7/28/2021,7,Colorado River,Hitching Post,5/4/2021,9:45:00,414476,4440260,NA,NA,NA,HA,NA,12,Handheld,NA,0,"no release information, but tag was detected with mobile antenna"
230000228030,Ghost,4/13/2021,2,Fraser River,Fraser River Ranch,9/1/2020,12:00:00,417229,4438617,LOC,382,640,HA,pass,32,Handheld,left pelvic + adp,0,confirmed using encounter history; field confirmation needed; valid detections before ghost date
230000228038,Ghost,10/20/2020,2,Fraser River,Fraser River Ranch,9/1/2020,12:00:00,417229,4438617,LOC,392,650,HA,NA,32,Handheld,left pelvic + adp,0,confirmed using encounter history; field confirmation needed
230000228052,Ghost,10/20/2020,2,Fraser River,Fraser River Ranch,9/1/2020,12:00:00,417229,4438617,LOC,394,580,HA,NA,32,Handheld,left pelvic + adp,0,confirmed using encounter history; field confirmation needed
230000228142,Ghost,10/20/2020,2,Fraser River,Fraser River Ranch,9/1/2020,12:00:00,417229,4438617,LOC,297,268,HA,NA,32,Handheld,left pelvic + adp,0,confirmed using encounter history; field confirmation needed
230000228325,Ghost,10/19/2020,4,Colorado River,Lower River Run,10/5/2020,11:20:00,418207,4439939,LOC,506,1457,HA,NA,32,Handheld,right pelvic + adp,0,confirmed using encounter history; field confirmation needed
230000228344,Ghost,10/19/2020,4,Colorado River,Lower River Run,10/5/2020,11:20:00,418207,4439939,LOC,172,46,HA,NA,32,Handheld,right pelvic + adp,0,confirmed using encounter history; field confirmation needed
230000228378,Ghost,10/19/2020,4,Colorado River,Lower River Run,10/5/2020,11:20:00,418207,4439939,LOC,407,722,HA,NA,32,Handheld,right pelvic + adp,0,confirmed using encounter history; field confirmation needed
230000228405,Ghost,10/19/2020,4,Colorado River,Lower River Run,10/5/2020,11:20:00,418207,4439939,LOC,468,1032,HA,NA,32,Handheld,right pelvic + adp,0,confirmed using encounter history; field confirmation needed
230000228406,Ghost,10/19/2020,4,Colorado River,Lower River Run,10/5/2020,11:20:00,418207,4439939,LOC,446,840,HA,NA,32,Handheld,right pelvic + adp,0,confirmed using encounter history; field confirmation needed
230000228448,Ghost,4/12/2021,4,Colorado River,Lower River Run,10/5/2020,11:20:00,418207,4439939,LOC,172,52,HA,NA,32,Handheld,right pelvic + adp,0,"confirmed using encounter history; field confirmation needed; could be ghost on 10/19/2020, but no movement after 4/12/2021"
230000228453,Ghost,10/19/2020,3,Colorado River,Upper River Run,10/5/2020,17:00:00,418781,4440027,LOC,472,982,HA,NA,32,Handheld,right pelvic + adp,0,confirmed using encounter history; field confirmation needed
230000229046,Ghost,10/21/2020,15,Colorado River,Kinney Creek,10/7/2020,14:42:00,411432,4438897,LOC,329,304,HA,pass,32,Handheld,adp,0,confirmed using encounter history; field confirmation needed
230000229079,Ghost,10/21/2020,15,Colorado River,Kinney Creek,10/7/2020,14:42:00,411432,4438897,LOC,327,366,HA,NA,32,Handheld,adp,0,confirmed using encounter history; field confirmation needed; stationary antenna detection (RB) prior to becoming ghost tag
230000228019,Ghost,7/27/2021,2,Fraser River,Fraser River Ranch,9/1/2020,12:00:00,417229,4438617,LOC,189,61,HA,NA,32,Handheld,left pelvic + adp,0,"confirmed using encounter history; field confirmation needed; could be ghost on 10/20/2020, but no movement after 7/27/2021"
230000228077,Ghost,10/20/2020,2,Fraser River,Fraser River Ranch,9/1/2020,12:00:00,417229,4438617,LOC,349,427,HA,NA,32,Handheld,left pelvic + adp,0,confirmed using encounter history; field confirmation needed
230000228093,Ghost,10/20/2020,2,Fraser River,Fraser River Ranch,9/1/2020,12:00:00,417229,4438617,LOC,368,504,HA,NA,32,Handheld,left pelvic + adp,0,confirmed using encounter history; field confirmation needed
230000228138,Ghost,4/13/2021,2,Fraser River,Fraser River Ranch,9/1/2020,12:00:00,417229,4438617,LOC,138,29,HA,pass,32,Handheld,left pelvic + adp,0,confirmed using encounter history; field confirmation needed
230000228417,Ghost,4/12/2021,4,Colorado River,Lower River Run,10/5/2020,11:20:00,418207,4439939,LOC,255,171,HA,NA,32,Handheld,right pelvic + adp,0,confirmed using encounter history; field confirmation needed
230000228420,Ghost,4/12/2021,4,Colorado River,Lower River Run,10/5/2020,11:20:00,418207,4439939,LOC,227,115,HA,NA,32,Handheld,right pelvic + adp,0,confirmed using encounter history; field confirmation needed
230000228426,Ghost,4/12/2021,4,Colorado River,Lower River Run,10/5/2020,11:20:00,418207,4439939,LOC,201,78,HA,NA,32,Handheld,right pelvic + adp,0,confirmed using encounter history; field confirmation needed
230000228458,Ghost,4/12/2021,3,Colorado River,Upper River Run,10/5/2020,17:00:00,418781,4440027,RBT,435,774,HA,NA,32,Handheld,right pelvic + adp,0,confirmed using encounter history; field confirmation needed
230000228487,Ghost,4/12/2021,3,Colorado River,Upper River Run,10/5/2020,17:00:00,418781,4440027,LOC,238,120,HA,NA,32,Handheld,right pelvic + adp,0,confirmed using encounter history; field confirmation needed; valid detection 10/19/2020
230000228531,Ghost,4/14/2021,6,Colorado River,Windy Gap Dam,10/6/2020,11:15:00,416101,4440146,LOC,225,102,HA,NA,32,Handheld,adp,0,confirmed using encounter history; field confirmation needed
230000228574,Ghost,7/26/2021,3,Colorado River,Upper River Run,10/5/2020,17:00:00,418781,4440027,LOC,285,226,HA,NA,32,Handheld,right pelvic + adp,0,confirmed using encounter history; field confirmation needed
230000228609,Ghost,4/14/2021,6,Colorado River,Windy Gap Dam,10/6/2020,11:15:00,416101,4440146,LOC,347,442,HA,NA,32,Handheld,adp,0,confirmed using encounter history; field confirmation needed
230000228621,Ghost,4/14/2021,7,Colorado River,Hitching Post,10/6/2020,13:58:00,414476,4440260,RBT,242,174,HA,pass,32,Handheld,adp,0,confirmed using encounter history; field confirmation needed; valid detections before ghost date
230000228626,Ghost,4/14/2021,7,Colorado River,Hitching Post,10/6/2020,13:58:00,414476,4440260,LOC,383,574,HA,NA,32,Handheld,adp,0,"confirmed using encounter history; field confirmation needed; could be ghost on 10/21/2020, but no movement after 4/14/2021"
230000228641,Ghost,4/14/2021,7,Colorado River,Hitching Post,10/6/2020,13:58:00,414476,4440260,LOC,326,306,HA,NA,32,Handheld,adp,0,confirmed using encounter history; field confirmation needed
230000228654,Ghost,4/14/2021,6,Colorado River,Windy Gap Dam,10/6/2020,11:15:00,416101,4440146,LOC,412,680,HA,NA,32,Handheld,adp,0,confirmed using encounter history; field confirmation needed
230000228669,Ghost,4/14/2021,6,Colorado River,Windy Gap Dam,10/6/2020,11:15:00,416101,4440146,LOC,409,694,HA,NA,32,Handheld,adp,0,confirmed using encounter history; field confirmation needed
230000228672,Ghost,4/14/2021,6,Colorado River,Windy Gap Dam,10/6/2020,11:15:00,416101,4440146,LOC,305,314,HA,pass,32,Handheld,adp,0,confirmed using encounter history; field confirmation needed
230000228698,Ghost,4/14/2021,6,Colorado River,Windy Gap Dam,10/6/2020,11:15:00,416101,4440146,LOC,335,421,HA,NA,32,Handheld,adp,0,confirmed using encounter history; field confirmation needed
230000228747,Ghost,10/21/2020,7,Colorado River,Hitching Post,10/6/2020,13:58:00,414476,4440260,LOC,152,40,HA,pass,32,Handheld,adp,0,confirmed using encounter history; field confirmation needed; valid detections before ghost date
230000228785,Ghost,4/14/2021,7,Colorado River,Hitching Post,10/6/2020,13:58:00,414476,4440260,LOC,324,358,HA,NA,32,Handheld,adp,0,confirmed using encounter history; field confirmation needed
230000228795,Ghost,4/14/2021,10,Colorado River,Upper Red Barn Fry Site,10/6/2020,16:38:00,412728,4439665,LOC,363,507,HA,NA,32,Handheld,adp,0,confirmed using encounter history; field confirmation needed
230000228875,Ghost,4/14/2021,10,Colorado River,Upper Red Barn Fry Site,10/6/2020,16:38:00,412728,4439665,LOC,360,476,HA,NA,32,Handheld,adp,0,confirmed using encounter history; field confirmation needed; valid detections before ghost date
230000228926,Ghost,4/14/2021,13,Colorado River,Below Red Barn Diversion #1,10/7/2020,11:20:00,412184,4439304,LOC,346,351,HA,NA,32,Handheld,adp,0,confirmed using encounter history; field confirmation needed
230000228935,Ghost,4/14/2021,13,Colorado River,Below Red Barn Diversion #1,10/7/2020,11:20:00,412184,4439304,LOC,345,383,HA,NA,32,Handheld,adp,0,confirmed using encounter history; field confirmation needed
230000228939,Ghost,4/14/2021,13,Colorado River,Below Red Barn Diversion #1,10/7/2020,11:20:00,412184,4439304,LOC,377,593,HA,NA,32,Handheld,adp,0,confirmed using encounter history; field confirmation needed
230000228948,Ghost,4/14/2021,15,Colorado River,Kinney Creek,10/7/2020,14:42:00,411432,4438897,LOC,331,338,HA,NA,32,Handheld,adp,0,confirmed using encounter history; field confirmation needed
230000228959,Ghost,4/14/2021,13,Colorado River,Below Red Barn Diversion #1,10/7/2020,11:20:00,412184,4439304,LOC,227,118,HA,NA,32,Handheld,adp,0,confirmed using encounter history; field confirmation needed; valid detections before ghost date
230000228976,Ghost,4/14/2021,13,Colorado River,Below Red Barn Diversion #1,10/7/2020,11:20:00,412184,4439304,LOC,367,492,HA,NA,32,Handheld,adp,0,confirmed using encounter history; field confirmation needed
230000229006,Ghost,7/28/2021,19,Colorado River,Sheriff Ranch Fry Site,10/7/2020,16:48:00,409096,4438050,RBT,243,158,HA,pass,32,Handheld,adp,0,confirmed using encounter history; field confirmation needed
230000229058,Ghost,10/21/2020,15,Colorado River,Kinney Creek,10/7/2020,14:42:00,411432,4438897,LOC,355,426,HA,pass,32,Handheld,adp,0,confirmed using encounter history; field confirmation needed
230000229074,Ghost,10/21/2020,15,Colorado River,Kinney Creek,10/7/2020,14:42:00,411432,4438897,LOC,372,492,HA,NA,32,Handheld,adp,0,confirmed using encounter history; field confirmation needed
230000229099,Ghost,4/14/2021,19,Colorado River,Sheriff Ranch Fry Site,10/7/2020,16:48:00,409096,4438050,LOC,276,243,HA,NA,32,Handheld,adp,0,confirmed using encounter history; field confirmation needed
226001581475,Ghost,4/12/2021,4,Colorado River,Lower River Run,10/5/2020,11:20:00,418207,4439939,RBT,72,4,HA,NA,12,Handheld,right pelvic + adp,0,confirmed using encounter history; field confirmation needed
230000142590,Ghost,7/28/2021,8,Colorado River,Chimney Rock Above Island,5/4/2021,10:30:00,413880,4440093,LOC,313,305,HA,NA,32,Handheld,adp,0,confirmed using encounter history; field confirmation needed
230000142602,Ghost,7/28/2021,8,Colorado River,Chimney Rock Above Island,5/6/2021,10:30:00,413880,4440093,LOC,350,409,HA,NA,32,Handheld,adp,0,confirmed using encounter history; field confirmation needed
230000142603,Ghost,7/28/2021,8,Colorado River,Chimney Rock Above Island,5/4/2021,10:30:00,413880,4440093,LOC,291,265,HA,NA,32,Handheld,adp,0,confirmed using encounter history; field confirmation needed
230000142611,Ghost,7/28/2021,8,Colorado River,Chimney Rock Above Island,5/4/2021,10:30:00,413880,4440093,LOC,268,182,HA,NA,32,Handheld,adp,0,confirmed using encounter history; field confirmation needed
230000142619,Ghost,7/28/2021,8,Colorado River,Chimney Rock Above Island,5/4/2021,10:30:00,413880,4440093,LOC,330,282,HA,NA,32,Handheld,adp,0,confirmed using encounter history; field confirmation needed
230000142639,Ghost,7/28/2021,8,Colorado River,Chimney Rock Above Island,5/6/2021,10:30:00,413880,4440093,LOC,368,418,HA,NA,32,Handheld,adp,0,confirmed using encounter history; field confirmation needed
230000142640,Ghost,7/28/2021,8,Colorado River,Chimney Rock Above Island,5/4/2021,10:30:00,413880,4440093,LOC,213,93,HA,NA,32,Handheld,adp,0,confirmed using encounter history; field confirmation needed
230000142649,Ghost,7/28/2021,8,Colorado River,Chimney Rock Above Island,5/4/2021,10:30:00,413880,4440093,LOC,247,150,HA,NA,32,Handheld,adp,0,confirmed using encounter history; field confirmation needed
230000142733,Ghost,7/28/2021,8,Colorado River,Chimney Rock Above Island,5/4/2021,10:30:00,413880,4440093,LOC,214,96,HA,NA,32,Handheld,adp,0,confirmed using encounter history; field confirmation needed
230000224445,Ghost,7/28/2021,16,Colorado River,Dark Timber Above Railroad,5/6/2021,14:30:00,410945,4438654,RBT,417,662,HA,NA,32,Handheld,adp,0,confirmed using encounter history; field confirmation needed
230000224448,Ghost,7/28/2021,16,Colorado River,Dark Timber Above Railroad,5/6/2021,14:30:00,410945,4438654,RBT,364,209,HA,NA,32,Handheld,adp,0,confirmed using encounter history; field confirmation needed
230000224450,Ghost,7/28/2021,16,Colorado River,Dark Timber Above Railroad,5/6/2021,14:30:00,410945,4438654,RBT,413,750,HA,NA,32,Handheld,adp,0,confirmed using encounter history; field confirmation needed
230000224507,Ghost,7/28/2021,8,Colorado River,Chimney Rock Above Island,5/6/2021,10:30:00,413880,4440093,RBT,237,137,HA,NA,32,Handheld,adp,0,confirmed using encounter history; field confirmation needed
230000224518,Ghost,7/28/2021,18,Colorado River,Shefiff Ranch Middle Field,5/4/2021,16:30:00,409595,4438221,LOC,238,125,HA,pass,32,Handheld,adp,0,confirmed using encounter history; field confirmation needed; valid detections before ghost date
230000224571,Ghost,7/28/2021,19,Colorado River,Sheriff Ranch Fry Site,10/7/2020,16:48:00,409096,4438050,RBT,342,382,HA,NA,32,Handheld,adp,0,confirmed using encounter history; field confirmation needed
230000228041,Ghost,7/27/2021,2,Fraser River,Fraser River Ranch,9/1/2020,12:00:00,417229,4438617,LOC,381,638,HA,NA,32,Handheld,left pelvic + adp,0,confirmed using encounter history; field confirmation needed
230000228075,Ghost,7/27/2021,2,Fraser River,Fraser River Ranch,9/1/2020,12:00:00,417229,4438617,LOC,453,847,HA,NA,32,Handheld,left pelvic + adp,0,confirmed using encounter history; field confirmation needed
230000228341,Ghost,7/26/2021,4,Colorado River,Lower River Run,10/5/2020,11:20:00,418207,4439939,LOC,199,90,HA,NA,32,Handheld,right pelvic + adp,0,confirmed using encounter history; field confirmation needed
230000228357,Ghost,7/26/2021,4,Colorado River,Lower River Run,10/5/2020,11:20:00,418207,4439939,LOC,192,67,HA,NA,32,Handheld,right pelvic + adp,0,confirmed using encounter history; field confirmation needed
230000228464,Ghost,4/12/2021,3,Colorado River,Upper River Run,10/5/2020,17:00:00,418781,4440027,LOC,271,174,HA,NA,32,Handheld,right pelvic + adp,0,confirmed using encounter history; field confirmation needed
230000228465,Ghost,7/26/2021,3,Colorado River,Upper River Run,10/5/2020,17:00:00,418781,4440027,LOC,409,532,HA,NA,32,Handheld,right pelvic + adp,0,confirmed using encounter history; field confirmation needed
230000228494,Ghost,10/19/2020,3,Colorado River,Upper River Run,10/5/2020,17:00:00,418781,4440027,LOC,403,696,HA,NA,32,Handheld,right pelvic + adp,0,confirmed using encounter history; field confirmation needed
230000228607,Ghost,4/14/2021,6,Colorado River,Windy Gap Dam,10/6/2020,11:15:00,416101,4440146,LOC,395,560,HA,pass,32,Handheld,adp,0,confirmed using encounter history; field confirmation needed
230000228689,Ghost,4/14/2021,6,Colorado River,Windy Gap Dam,10/6/2020,11:15:00,416101,4440146,LOC,422,597,HA,NA,32,Handheld,adp,0,confirmed using encounter history; field confirmation needed
230000228789,Ghost,4/14/2021,10,Colorado River,Upper Red Barn Fry Site,10/6/2020,16:38:00,412728,4439665,LOC,404,606,HA,NA,32,Handheld,adp,0,confirmed using encounter history; field confirmation needed
230000228790,Ghost,4/14/2021,10,Colorado River,Upper Red Barn Fry Site,10/6/2020,16:38:00,412728,4439665,LOC,367,572,HA,NA,32,Handheld,adp,0,confirmed using encounter history; field confirmation needed; valid detections before ghost date
230000228842,Ghost,10/21/2020,13,Colorado River,Below Red Barn Diversion #1,10/7/2020,11:20:00,412184,4439304,LOC,272,192,HA,pass,32,Handheld,adp,0,confirmed using encounter history; field confirmation needed
230000228911,Ghost,4/14/2021,13,Colorado River,Below Red Barn Diversion #1,10/7/2020,11:20:00,412184,4439304,LOC,361,480,HA,NA,32,Handheld,adp,0,confirmed using encounter history; field confirmation needed
230000228918,Ghost,7/28/2021,13,Colorado River,Below Red Barn Diversion #1,10/7/2020,11:20:00,412184,4439304,LOC,391,582,HA,NA,32,Handheld,adp,0,confirmed using encounter history; field confirmation needed; valid detections before ghost date
230000228925,Ghost,4/14/2021,13,Colorado River,Below Red Barn Diversion #1,10/7/2020,11:20:00,412184,4439304,LOC,355,412,HA,NA,32,Handheld,adp,0,confirmed using encounter history; field confirmation needed; valid detections before ghost date
230000228931,Ghost,4/14/2021,13,Colorado River,Below Red Barn Diversion #1,10/7/2020,11:20:00,412184,4439304,LOC,379,522,HA,NA,32,Handheld,adp,0,confirmed using encounter history; field confirmation needed
230000229034,Ghost,4/14/2021,15,Colorado River,Kinney Creek,10/7/2020,14:42:00,411432,4438897,LOC,349,472,HA,NA,32,Handheld,adp,0,confirmed using encounter history; field confirmation needed; valid detections before ghost date
230000229049,Ghost,10/21/2020,15,Colorado River,Kinney Creek,10/7/2020,14:42:00,411432,4438897,LOC,297,250,HA,pass,32,Handheld,adp,0,confirmed using encounter history; field confirmation needed
230000229053,Ghost,4/14/2021,15,Colorado River,Kinney Creek,10/7/2020,14:42:00,411432,4438897,LOC,365,533,HA,pass,32,Handheld,adp,0,confirmed using encounter history; field confirmation needed; valid detections before ghost date
230000229055,Ghost,4/14/2021,15,Colorado River,Kinney Creek,10/7/2020,14:42:00,411432,4438897,LOC,313,295,HA,NA,32,Handheld,adp,0,confirmed using encounter history; field confirmation needed
230000229056,Ghost,4/14/2021,15,Colorado River,Kinney Creek,10/7/2020,14:42:00,411432,4438897,LOC,377,518,HA,NA,32,Handheld,adp,0,confirmed using encounter history; field confirmation needed
230000229068,Ghost,4/14/2021,15,Colorado River,Kinney Creek,10/7/2020,14:42:00,411432,4438897,LOC,330,357,HA,NA,32,Handheld,adp,0,confirmed using encounter history; field confirmation needed
230000229075,Ghost,10/21/2020,15,Colorado River,Kinney Creek,10/7/2020,14:42:00,411432,4438897,LOC,366,499,HA,NA,32,Handheld,adp,0,confirmed using encounter history; field confirmation needed; valid detections before ghost date
230000272020,Ghost,7/28/2021,9,Colorado River,Chimney Rock Below Island,5/4/2021,11:15:00,413330,4440059,LOC,263,215,HA,NA,32,Handheld,adp,0,confirmed using encounter history; field confirmation needed
230000272037,Ghost,7/28/2021,9,Colorado River,Chimney Rock Below Island,5/6/2021,11:15:00,413330,4440059,LOC,381,540,HA,NA,32,Handheld,adp,0,confirmed using encounter history; field confirmation needed
230000272094,Ghost,7/28/2021,9,Colorado River,Chimney Rock Below Island,5/4/2021,11:15:00,413330,4440059,LOC,208,105,HA,NA,32,Handheld,adp,0,confirmed using encounter history; field confirmation needed
230000272096,Ghost,7/28/2021,9,Colorado River,Chimney Rock Below Island,5/4/2021,11:15:00,413330,4440059,RBT,257,180,HA,NA,32,Handheld,adp,0,confirmed using encounter history; field confirmation needed
230000272112,Ghost,7/28/2021,11,Colorado River,Pool Above Red Barn Antenna,5/4/2021,12:00:00,412550,4439453,LOC,342,424,HA,NA,32,Handheld,adp,0,confirmed using encounter history; field confirmation needed
230000272225,Ghost,7/28/2021,14,Colorado River,Below Red Barn Diversion #2,5/4/2021,13:00:00,411887,4438898,LOC,332,410,HA,NA,32,Handheld,adp,0,confirmed using encounter history; field confirmation needed
230000272261,Ghost,7/28/2021,11,Colorado River,Pool Above Red Barn Antenna,5/4/2021,12:00:00,412550,4439453,LOC,360,440,HA,NA,32,Handheld,adp,0,confirmed using encounter history; field confirmation needed
230000272371,Ghost,7/28/2021,14,Colorado River,Below Red Barn Diversion #2,5/6/2021,13:30:00,411887,4438898,LOC,376,548,HA,NA,32,Handheld,adp,0,confirmed using encounter history; field confirmation needed
230000272453,Ghost,7/28/2021,15,Colorado River,Kinney Creek,5/4/2021,13:45:00,411432,4438897,LOC,363,475,HA,pass,32,Handheld,adp,0,confirmed using encounter history; field confirmation needed
230000272465,Ghost,7/28/2021,14,Colorado River,Below Red Barn Diversion #2,5/6/2021,13:30:00,411887,4438898,LOC,335,390,HA,NA,32,Handheld,adp,0,confirmed using encounter history; field confirmation needed
230000272561,Ghost,7/28/2021,15,Colorado River,Kinney Creek,5/4/2021,13:45:00,411432,4438897,LOC,339,390,HA,NA,32,Handheld,adp,0,confirmed using encounter history; field confirmation needed
230000272612,Ghost,7/28/2021,17,Colorado River,Sheriff Ranch Upper Field,5/4/2021,15:30:00,410165,4438558,LOC,335,360,HA,NA,32,Handheld,adp,0,confirmed using encounter history; field confirmation needed
230000272635,Ghost,7/28/2021,17,Colorado River,Sheriff Ranch Upper Field,5/4/2021,15:30:00,410165,4438558,LOC,362,455,HA,NA,32,Handheld,adp,0,confirmed using encounter history; field confirmation needed
230000272652,Ghost,7/28/2021,16,Colorado River,Dark Timber Above Railroad,5/4/2021,14:30:00,410945,4438654,LOC,248,200,HA,NA,32,Handheld,adp,0,confirmed using encounter history; field confirmation needed
230000272677,Ghost,7/28/2021,17,Colorado River,Sheriff Ranch Upper Field,5/6/2021,15:30:00,410165,4438558,LOC,330,360,HA,NA,32,Handheld,adp,0,confirmed using encounter history; field confirmation needed
230000272680,Ghost,7/28/2021,16,Colorado River,Dark Timber Above Railroad,5/4/2021,14:30:00,410945,4438654,LOC,244,170,HA,NA,32,Handheld,adp,0,confirmed using encounter history; field confirmation needed
230000272715,Ghost,7/28/2021,17,Colorado River,Sheriff Ranch Upper Field,5/4/2021,15:30:00,410165,4438558,LOC,318,326,HA,NA,32,Handheld,adp,0,confirmed using encounter history; field confirmation needed
230000272756,Ghost,7/28/2021,16,Colorado River,Dark Timber Above Railroad,5/4/2021,14:30:00,410945,4438654,LOC,302,269,HA,NA,32,Handheld,adp,0,confirmed using encounter history; field confirmation needed
230000272788,Ghost,7/28/2021,16,Colorado River,Dark Timber Above Railroad,5/4/2021,14:30:00,410945,4438654,LOC,345,396,HA,NA,32,Handheld,adp,0,confirmed using encounter history; field confirmation needed
230000272858,Ghost,7/28/2021,18,Colorado River,Shefiff Ranch Middle Field,5/4/2021,16:30:00,409595,4438221,LOC,352,440,HA,NA,32,Handheld,adp,0,confirmed using encounter history; field confirmation needed
230000142518,Ghost,7/28/2021,11,Colorado River,Pool Above Red Barn Antenna,5/6/2021,12:00:00,412550,4439453,LOC,339,391,HA,pass,32,Handheld,adp,0,confirmed using encounter history; field confirmation needed; valid detections before ghost date
230000142519,Ghost,7/28/2021,7,Colorado River,Hitching Post,5/4/2021,9:45:00,414476,4440260,LOC,239,141,HA,NA,32,Handheld,adp,0,"Confirmed Ghost; Likely injured during tagging, swam upstream and died (ghost tag date of 7-28-21); runoff moved tag over antenna in May 2023"
230000142521,Ghost,7/28/2021,7,Colorado River,Hitching Post,5/4/2021,9:45:00,414476,4440260,LOC,387,511,HA,NA,32,Handheld,adp,0,confirmed using encounter history; field confirmation needed; valid detections before ghost date
230000142546,Ghost,7/28/2021,7,Colorado River,Hitching Post,5/4/2021,9:45:00,414476,4440260,RBT,264,205,HA,pass,32,Handheld,adp,0,"Confirmed Ghost; Likely injured during tagging, swam upstream and died (ghost tag date of 7-28-21); runoff moved tag over antenna in May 2023"
230000142570,Ghost,7/28/2021,7,Colorado River,Hitching Post,5/4/2021,9:45:00,414476,4440260,LOC,293,250,HA,pass,32,Handheld,adp,0,"Confirmed Ghost;Likely injured during tagging, swam upstream and died (ghost tag date of 7-28-21); runoff moved tag over antenna in May 2023"
230000142636,Ghost,7/28/2021,8,Colorado River,Chimney Rock Above Island,5/4/2021,10:30:00,413880,4440093,LOC,323,352,HA,NA,32,Handheld,adp,0,confirmed using encounter history; field confirmation needed; valid detections before ghost date
230000142644,Ghost,7/28/2021,9,Colorado River,Chimney Rock Below Island,5/6/2021,11:15:00,413330,4440059,LOC,384,564,HA,NA,32,Handheld,adp,0,confirmed using encounter history; field confirmation needed
230000142669,Ghost,7/28/2021,8,Colorado River,Chimney Rock Above Island,5/6/2021,10:30:00,413880,4440093,LOC,354,425,HA,NA,32,Handheld,adp,0,confirmed using encounter history; field confirmation needed
230000142676,Ghost,7/28/2021,8,Colorado River,Chimney Rock Above Island,5/4/2021,10:30:00,413880,4440093,LOC,374,515,HA,NA,32,Handheld,adp,0,confirmed using encounter history; field confirmation needed
230000142713,Ghost,7/28/2021,8,Colorado River,Chimney Rock Above Island,5/4/2021,10:30:00,413880,4440093,LOC,277,220,HA,NA,32,Handheld,adp,0,confirmed using encounter history; field confirmation needed; valid detections before ghost date
230000142998,Ghost,10/18/2021,4,Colorado River,Lower River Run,10/5/2021,18:00:00,418207,4439939,LOC,424,704,HA,fail,32,Handheld,adp,0,confirmed using encounter history; field confirmation needed
230000224014,Ghost,10/20/2021,6,Colorado River,Windy Gap Dam,10/6/2021,11:00:00,416101,4440146,LOC,375,608,HA,fail,32,Handheld,adp,0,confirmed using encounter history; field confirmation needed; valid detections before ghost date
230000224053,Ghost,10/20/2021,6,Colorado River,Windy Gap Dam,10/6/2021,11:00:00,416101,4440146,LOC,381,516,HA,NA,32,Handheld,adp,0,confirmed using encounter history; field confirmation needed
230000224069,Ghost,10/20/2021,6,Colorado River,Windy Gap Dam,10/6/2021,11:00:00,416101,4440146,LOC,399,508,HA,NA,32,Handheld,adp,0,confirmed using encounter history; field confirmation needed
230000224092,Ghost,10/20/2021,6,Colorado River,Windy Gap Dam,10/6/2021,11:00:00,416101,4440146,LOC,397,464,HA,NA,32,Handheld,adp,0,confirmed using encounter history; field confirmation needed
230000224113,Ghost,10/18/2021,4,Colorado River,Lower River Run,10/5/2021,18:00:00,418207,4439939,LOC,265,169,HA,pass,32,Handheld,adp,0,confirmed using encounter history; field confirmation needed
230000224187,Ghost,10/18/2021,3,Colorado River,Upper River Run,10/5/2021,15:00:00,418781,4440027,LOC,129,21,HA,NA,32,Handheld,adp,0,confirmed using encounter history; field confirmation needed
230000224209,Ghost,10/18/2021,4,Colorado River,Lower River Run,10/5/2021,18:00:00,418207,4439939,LOC,232,117,HA,pass,32,Handheld,adp,0,confirmed using encounter history; field confirmation needed
230000224214,Ghost,10/18/2021,4,Colorado River,Lower River Run,10/5/2021,18:00:00,418207,4439939,LOC,156,41,HA,pass,32,Handheld,adp,0,confirmed using encounter history; field confirmation needed
230000224236,Ghost,10/18/2021,3,Colorado River,Upper River Run,10/5/2021,15:00:00,418781,4440027,LOC,147,32,HA,NA,32,Handheld,adp,0,confirmed using encounter history; field confirmation needed
230000224243,Ghost,10/18/2021,3,Colorado River,Upper River Run,10/5/2021,15:00:00,418781,4440027,LOC,143,25,HA,pass,32,Handheld,adp,0,confirmed using encounter history; field confirmation needed
230000224263,Ghost,10/18/2021,4,Colorado River,Lower River Run,10/5/2021,18:00:00,418207,4439939,LOC,285,226,HA,pass,32,Handheld,adp,0,confirmed using encounter history; field confirmation needed
230000224319,Ghost,10/19/2021,2,Fraser River,Fraser River Ranch,9/1/2021,16:30:00,417229,4438617,LOC,364,498,HA,NA,32,Handheld,adp,0,confirmed using encounter history; field confirmation needed
230000224372,Ghost,10/19/2021,2,Fraser River,Fraser River Ranch,9/1/2021,16:30:00,417229,4438617,RBT,232,115,HA,NA,32,Handheld,adp,0,confirmed using encounter history; field confirmation needed
230000224447,Ghost,10/20/2021,16,Colorado River,Dark Timber Above Railroad,5/6/2021,14:30:00,410945,4438654,RBT,337,390,HA,NA,32,Handheld,adp,0,confirmed using encounter history; field confirmation needed
230000224474,Ghost,10/20/2021,14,Colorado River,Below Red Barn Diversion #2,5/6/2021,13:30:00,411887,4438898,RBT,393,548,HA,NA,32,Handheld,adp,0,confirmed using encounter history; field confirmation needed
230000224550,Ghost,7/28/2021,19,Colorado River,Sheriff Ranch Fry Site,10/7/2020,16:48:00,409096,4438050,LOC,284,196,HA,NA,32,Handheld,adp,0,confirmed using encounter history; field confirmation needed
230000224583,Ghost,4/14/2021,19,Colorado River,Sheriff Ranch Fry Site,10/7/2020,16:48:00,409096,4438050,LOC,363,494,HA,NA,32,Handheld,adp,0,confirmed using encounter history; field confirmation needed
230000224585,Ghost,4/14/2021,19,Colorado River,Sheriff Ranch Fry Site,10/7/2020,16:48:00,409096,4438050,LOC,370,556,HA,NA,32,Handheld,adp,0,confirmed using encounter history; field confirmation needed
230000228007,Ghost,7/27/2021,2,Fraser River,Fraser River Ranch,9/1/2020,12:00:00,417229,4438617,RBT,414,723,HA,NA,32,Handheld,left pelvic + adp,0,confirmed using encounter history; field confirmation needed
230000228056,Ghost,7/27/2021,2,Fraser River,Fraser River Ranch,9/1/2020,12:00:00,417229,4438617,LOC,187,67,HA,pass,32,Handheld,left pelvic + adp,0,confirmed using encounter history; field confirmation needed
230000228081,Ghost,10/20/2020,2,Fraser River,Fraser River Ranch,9/1/2020,12:00:00,417229,4438617,LOC,356,438,HA,NA,32,Handheld,left pelvic + adp,0,confirmed using encounter history; field confirmation needed
230000228343,Ghost,10/19/2020,4,Colorado River,Lower River Run,10/5/2020,11:20:00,418207,4439939,LOC,257,198,HA,NA,32,Handheld,right pelvic + adp,0,confirmed using encounter history; field confirmation needed
230000228394,Ghost,7/26/2021,4,Colorado River,Lower River Run,10/5/2020,11:20:00,418207,4439939,LOC,364,462,HA,NA,32,Handheld,right pelvic + adp,0,confirmed using encounter history; field confirmation needed
230000228437,Ghost,7/26/2021,4,Colorado River,Lower River Run,10/5/2020,11:20:00,418207,4439939,LOC,268,199,HA,NA,32,Handheld,right pelvic + adp,0,confirmed using encounter history; field confirmation needed
230000228449,Ghost,10/18/2021,4,Colorado River,Lower River Run,10/5/2020,11:20:00,418207,4439939,LOC,170,48,HA,pass,32,Handheld,right pelvic + adp,0,confirmed using encounter history; field confirmation needed
230000228461,Ghost,4/12/2021,3,Colorado River,Upper River Run,10/5/2020,17:00:00,418781,4440027,LOC,364,562,HA,NA,32,Handheld,right pelvic + adp,0,confirmed using encounter history; field confirmation needed
230000228683,Ghost,4/14/2021,6,Colorado River,Windy Gap Dam,10/6/2020,11:15:00,416101,4440146,LOC,363,510,HA,NA,32,Handheld,adp,0,confirmed using encounter history; field confirmation needed; valid detections before ghost date
230000228729,Ghost,7/28/2021,7,Colorado River,Hitching Post,10/6/2020,13:58:00,414476,4440260,RBT,349,438,HA,NA,32,Handheld,adp,0,confirmed using encounter history; field confirmation needed; valid detections before ghost date
230000228793,Ghost,4/14/2021,10,Colorado River,Upper Red Barn Fry Site,10/6/2020,16:38:00,412728,4439665,LOC,318,288,HA,NA,32,Handheld,adp,0,confirmed using encounter history; field confirmation needed
230000228794,Ghost,10/21/2020,10,Colorado River,Upper Red Barn Fry Site,10/6/2020,16:38:00,412728,4439665,LOC,395,677,HA,NA,32,Handheld,adp,0,confirmed using encounter history; field confirmation needed; valid detections before ghost date
230000228872,Ghost,4/14/2021,10,Colorado River,Upper Red Barn Fry Site,10/6/2020,16:38:00,412728,4439665,LOC,474,962,HA,NA,32,Handheld,adp,0,confirmed using encounter history; field confirmation needed; valid detections before ghost date
230000228884,Ghost,4/14/2021,10,Colorado River,Upper Red Barn Fry Site,10/6/2020,16:38:00,412728,4439665,LOC,357,496,HA,NA,32,Handheld,adp,0,confirmed using encounter history; field confirmation needed
230000229023,Ghost,7/28/2021,15,Colorado River,Kinney Creek,10/7/2020,14:42:00,411432,4438897,LOC,355,530,HA,NA,32,Handheld,adp,0,confirmed using encounter history; field confirmation needed
230000229059,Ghost,10/20/2021,15,Colorado River,Kinney Creek,10/7/2020,14:42:00,411432,4438897,LOC,335,361,HA,NA,32,Handheld,adp,0,confirmed using encounter history; field confirmation needed
230000229060,Ghost,10/21/2020,15,Colorado River,Kinney Creek,10/7/2020,14:42:00,411432,4438897,LOC,324,306,HA,NA,32,Handheld,adp,0,confirmed using encounter history; field confirmation needed
230000272011,Ghost,7/28/2021,11,Colorado River,Pool Above Red Barn Antenna,5/4/2021,12:00:00,412550,4439453,LOC,386,580,HA,NA,32,Handheld,adp,0,confirmed using encounter history; field confirmation needed
230000272030,Ghost,7/28/2021,9,Colorado River,Chimney Rock Below Island,5/4/2021,11:15:00,413330,4440059,LOC,338,340,HA,NA,32,Handheld,adp,0,confirmed using encounter history; field confirmation needed
230000272052,Ghost,7/28/2021,11,Colorado River,Pool Above Red Barn Antenna,5/6/2021,12:00:00,412550,4439453,LOC,183,70,HA,NA,32,Handheld,adp,0,confirmed using encounter history; field confirmation needed; valid detections before ghost date
230000272056,Ghost,7/28/2021,9,Colorado River,Chimney Rock Below Island,5/4/2021,11:15:00,413330,4440059,LOC,364,470,HA,NA,32,Handheld,adp,0,confirmed using encounter history; field confirmation needed
230000272108,Ghost,7/28/2021,11,Colorado River,Pool Above Red Barn Antenna,5/4/2021,12:00:00,412550,4439453,LOC,248,430,HA,NA,32,Handheld,adp,0,confirmed using encounter history; field confirmation needed
230000272131,Ghost,7/28/2021,11,Colorado River,Pool Above Red Barn Antenna,5/4/2021,12:00:00,412550,4439453,LOC,334,327,HA,NA,32,Handheld,adp,0,confirmed using encounter history; field confirmation needed; valid detections before ghost date
230000272143,Ghost,7/28/2021,11,Colorado River,Pool Above Red Barn Antenna,5/4/2021,12:00:00,412550,4439453,LOC,305,296,HA,NA,32,Handheld,adp,0,confirmed using encounter history; field confirmation needed
230000272147,Ghost,7/28/2021,11,Colorado River,Pool Above Red Barn Antenna,5/6/2021,12:00:00,412550,4439453,LOC,262,178,HA,pass,32,Handheld,adp,0,confirmed using encounter history; field confirmation needed; valid detections before ghost date
230000272178,Ghost,7/28/2021,9,Colorado River,Chimney Rock Below Island,5/6/2021,11:15:00,413330,4440059,LOC,401,546,HA,NA,32,Handheld,adp,0,confirmed using encounter history; field confirmation needed
230000272184,Ghost,7/28/2021,9,Colorado River,Chimney Rock Below Island,5/4/2021,11:15:00,413330,4440059,LOC,231,124,HA,NA,32,Handheld,adp,0,confirmed using encounter history; field confirmation needed
230000272188,Ghost,7/28/2021,9,Colorado River,Chimney Rock Below Island,5/4/2021,11:15:00,413330,4440059,LOC,365,478,HA,NA,32,Handheld,adp,0,confirmed using encounter history; field confirmation needed
230000272195,Ghost,7/28/2021,9,Colorado River,Chimney Rock Below Island,5/4/2021,11:15:00,413330,4440059,LOC,216,74,HA,fail,32,Handheld,adp,0,confirmed using encounter history; field confirmation needed
230000272226,Ghost,7/28/2021,14,Colorado River,Below Red Barn Diversion #2,5/4/2021,13:00:00,411887,4438898,LOC,358,460,HA,NA,32,Handheld,adp,0,confirmed using encounter history; field confirmation needed
230000272232,Ghost,7/28/2021,11,Colorado River,Pool Above Red Barn Antenna,5/4/2021,12:00:00,412550,4439453,LOC,285,245,HA,NA,32,Handheld,adp,0,confirmed using encounter history; field confirmation needed
230000272239,Ghost,7/28/2021,11,Colorado River,Pool Above Red Barn Antenna,5/6/2021,12:00:00,412550,4439453,LOC,344,355,HA,pass,32,Handheld,adp,0,confirmed using encounter history; field confirmation needed
230000272242,Ghost,7/28/2021,11,Colorado River,Pool Above Red Barn Antenna,5/4/2021,12:00:00,412550,4439453,LOC,363,460,HA,NA,32,Handheld,adp,0,confirmed using encounter history; field confirmation needed
230000272245,Ghost,7/28/2021,11,Colorado River,Pool Above Red Barn Antenna,5/4/2021,12:00:00,412550,4439453,LOC,302,280,HA,NA,32,Handheld,adp,0,Confirmed Ghost; Likely injured during tagging and died by 7-28-21 (ghost tag date); high spring flows moved tag past antenna to new location in 2023
230000272258,Ghost,10/20/2021,11,Colorado River,Pool Above Red Barn Antenna,5/4/2021,12:00:00,412550,4439453,LOC,319,350,HA,NA,32,Handheld,adp,0,confirmed using encounter history; field confirmation needed
230000272284,Ghost,10/20/2021,11,Colorado River,Pool Above Red Barn Antenna,5/4/2021,12:00:00,412550,4439453,LOC,351,425,HA,NA,32,Handheld,adp,0,confirmed using encounter history; field confirmation needed; valid detections before ghost date
230000272294,Ghost,10/20/2021,11,Colorado River,Pool Above Red Barn Antenna,5/4/2021,12:00:00,412550,4439453,LOC,260,175,HA,NA,32,Handheld,adp,0,confirmed using encounter history; field confirmation needed
230000272316,Ghost,7/28/2021,14,Colorado River,Below Red Barn Diversion #2,5/4/2021,13:00:00,411887,4438898,LOC,363,448,HA,NA,32,Handheld,adp,0,confirmed using encounter history; field confirmation needed
230000272317,Ghost,7/28/2021,14,Colorado River,Below Red Barn Diversion #2,5/4/2021,13:00:00,411887,4438898,LOC,246,158,HA,NA,32,Handheld,adp,0,confirmed using encounter history; field confirmation needed
230000272320,Ghost,7/28/2021,14,Colorado River,Below Red Barn Diversion #2,5/4/2021,13:00:00,411887,4438898,LOC,224,111,HA,NA,32,Handheld,adp,0,confirmed using encounter history; field confirmation needed
230000272341,Ghost,10/20/2021,14,Colorado River,Below Red Barn Diversion #2,5/4/2021,13:00:00,411887,4438898,LOC,302,273,HA,NA,32,Handheld,adp,0,confirmed using encounter history; field confirmation needed
230000272385,Ghost,7/28/2021,11,Colorado River,Pool Above Red Barn Antenna,5/6/2021,12:00:00,412550,4439453,LOC,258,151,HA,NA,32,Handheld,adp,0,confirmed using encounter history; field confirmation needed
230000272418,Ghost,7/28/2021,15,Colorado River,Kinney Creek,5/4/2021,13:45:00,411432,4438897,LOC,214,105,HA,NA,32,Handheld,adp,0,confirmed using encounter history; field confirmation needed
230000272422,Ghost,10/20/2021,15,Colorado River,Kinney Creek,5/4/2021,13:45:00,411432,4438897,LOC,344,405,HA,pass,32,Handheld,adp,0,confirmed using encounter history; field confirmation needed
230000272442,Ghost,7/28/2021,15,Colorado River,Kinney Creek,5/4/2021,13:45:00,411432,4438897,LOC,224,120,HA,NA,32,Handheld,adp,0,confirmed using encounter history; field confirmation needed
230000272448,Ghost,10/20/2021,15,Colorado River,Kinney Creek,5/4/2021,13:45:00,411432,4438897,RBT,338,495,HA,NA,32,Handheld,adp,0,confirmed using encounter history; field confirmation needed
230000272544,Ghost,7/28/2021,15,Colorado River,Kinney Creek,5/4/2021,13:45:00,411432,4438897,LOC,222,109,HA,NA,32,Handheld,adp,0,confirmed using encounter history; field confirmation needed
230000272569,Ghost,7/28/2021,15,Colorado River,Kinney Creek,5/4/2021,13:45:00,411432,4438897,LOC,315,326,HA,NA,32,Handheld,adp,0,confirmed using encounter history; field confirmation needed
230000272583,Ghost,7/28/2021,16,Colorado River,Dark Timber Above Railroad,5/6/2021,14:30:00,410945,4438654,LOC,362,443,HA,pass,32,Handheld,adp,0,confirmed using encounter history; field confirmation needed
230000272622,Ghost,7/28/2021,17,Colorado River,Sheriff Ranch Upper Field,5/4/2021,15:30:00,410165,4438558,LOC,313,320,HA,NA,32,Handheld,adp,0,confirmed using encounter history; field confirmation needed
230000272643,Ghost,7/28/2021,17,Colorado River,Sheriff Ranch Upper Field,5/4/2021,15:30:00,410165,4438558,LOC,297,250,HA,NA,32,Handheld,adp,0,confirmed using encounter history; field confirmation needed
230000272695,Ghost,10/20/2021,16,Colorado River,Dark Timber Above Railroad,5/4/2021,14:30:00,410945,4438654,LOC,313,315,HA,NA,32,Handheld,adp,0,confirmed using encounter history; field confirmation needed
230000272698,Ghost,7/28/2021,16,Colorado River,Dark Timber Above Railroad,5/6/2021,14:30:00,410945,4438654,LOC,199,80,HA,NA,32,Handheld,adp,0,confirmed using encounter history; field confirmation needed
230000272705,Ghost,7/28/2021,17,Colorado River,Sheriff Ranch Upper Field,5/4/2021,15:30:00,410165,4438558,LOC,291,242,HA,NA,32,Handheld,adp,0,confirmed using encounter history; field confirmation needed
230000272710,Ghost,7/28/2021,18,Colorado River,Shefiff Ranch Middle Field,5/6/2021,16:30:00,409595,4438221,LOC,328,364,HA,pass,32,Handheld,adp,0,confirmed using encounter history; field confirmation needed
230000272716,Ghost,7/28/2021,17,Colorado River,Sheriff Ranch Upper Field,5/6/2021,15:30:00,410165,4438558,LOC,352,432,HA,pass,32,Handheld,adp,0,confirmed using encounter history; field confirmation needed
230000272754,Ghost,7/28/2021,16,Colorado River,Dark Timber Above Railroad,5/4/2021,14:30:00,410945,4438654,LOC,345,364,HA,NA,32,Handheld,adp,0,confirmed using encounter history; field confirmation needed
230000272760,Ghost,7/28/2021,16,Colorado River,Dark Timber Above Railroad,5/4/2021,14:30:00,410945,4438654,LOC,232,118,HA,NA,32,Handheld,adp,0,confirmed using encounter history; field confirmation needed
230000272768,Ghost,7/28/2021,16,Colorado River,Dark Timber Above Railroad,5/4/2021,14:30:00,410945,4438654,LOC,235,133,HA,NA,32,Handheld,adp,0,confirmed using encounter history; field confirmation needed
230000272781,Ghost,7/28/2021,16,Colorado River,Dark Timber Above Railroad,5/4/2021,14:30:00,410945,4438654,RBT,242,148,HA,pass,32,Handheld,adp,0,confirmed using encounter history; field confirmation needed
230000272787,Ghost,7/28/2021,16,Colorado River,Dark Timber Above Railroad,5/4/2021,14:30:00,410945,4438654,LOC,361,457,HA,NA,32,Handheld,adp,0,confirmed using encounter history; field confirmation needed
230000272800,Ghost,10/20/2021,18,Colorado River,Shefiff Ranch Middle Field,5/4/2021,16:30:00,409595,4438221,LOC,207,80,HA,NA,32,Handheld,adp,0,confirmed using encounter history; field confirmation needed
230000272811,Ghost,10/20/2021,18,Colorado River,Shefiff Ranch Middle Field,5/4/2021,16:30:00,409595,4438221,RBT,265,200,HA,NA,32,Handheld,adp,0,confirmed using encounter history; field confirmation needed
230000272834,Ghost,7/28/2021,18,Colorado River,Shefiff Ranch Middle Field,5/4/2021,16:30:00,409595,4438221,LOC,317,295,HA,NA,32,Handheld,adp,0,confirmed using encounter history; field confirmation needed
230000272848,Ghost,7/28/2021,18,Colorado River,Shefiff Ranch Middle Field,5/4/2021,16:30:00,409595,4438221,LOC,332,370,HA,NA,32,Handheld,adp,0,confirmed using encounter history; field confirmation needed
230000272861,Ghost,7/28/2021,18,Colorado River,Shefiff Ranch Middle Field,5/4/2021,16:30:00,409595,4438221,LOC,337,375,HA,pass,32,Handheld,adp,0,confirmed using encounter history; field confirmation needed
230000272866,Ghost,7/28/2021,17,Colorado River,Sheriff Ranch Upper Field,5/6/2021,15:30:00,410165,4438558,LOC,275,215,HA,NA,32,Handheld,adp,0,confirmed using encounter history; field confirmation needed
230000272886,Ghost,7/28/2021,17,Colorado River,Sheriff Ranch Upper Field,5/4/2021,15:30:00,410165,4438558,LOC,330,355,HA,NA,32,Handheld,adp,0,confirmed using encounter history; field confirmation needed
230000272927,Ghost,7/28/2021,18,Colorado River,Shefiff Ranch Middle Field,5/4/2021,16:30:00,409595,4438221,RBT,390,550,HA,NA,32,Handheld,adp,0,confirmed using encounter history; field confirmation needed
230000142591,Ghost,10/20/2021,8,Colorado River,Chimney Rock Above Island,5/6/2021,10:30:00,413880,4440093,RBT,447,751,HA,pass,32,Handheld,adp,0,confirmed using encounter history; field confirmation needed
230000142659,Ghost,10/20/2021,8,Colorado River,Chimney Rock Above Island,5/6/2021,10:30:00,413880,4440093,LOC,204,115,HA,NA,32,Handheld,adp,0,confirmed using encounter history; field confirmation needed
230000142981,Ghost,10/20/2021,6,Colorado River,Windy Gap Dam,10/6/2021,11:00:00,416101,4440146,LOC,280,193,HA,NA,32,Handheld,adp,0,confirmed using encounter history; field confirmation needed
230000224017,Ghost,4/20/2022,6,Colorado River,Windy Gap Dam,10/6/2021,11:00:00,416101,4440146,LOC,320,326,HA,NA,32,Handheld,adp,0,confirmed using encounter history; field confirmation needed
230000224033,Ghost,4/20/2022,6,Colorado River,Windy Gap Dam,10/6/2021,11:00:00,416101,4440146,RBT,324,340,HA,NA,32,Handheld,adp,0,confirmed using encounter history; field confirmation needed
230000224096,Ghost,4/20/2022,6,Colorado River,Windy Gap Dam,10/6/2021,11:00:00,416101,4440146,RBT,437,744,HA,NA,32,Handheld,adp,0,confirmed using encounter history; field confirmation needed
230000224097,Ghost,10/20/2021,6,Colorado River,Windy Gap Dam,10/6/2021,11:00:00,416101,4440146,LOC,411,516,HA,pass,32,Handheld,adp,0,confirmed using encounter history; field confirmation needed
230000224122,Ghost,10/18/2021,4,Colorado River,Lower River Run,10/5/2021,18:00:00,418207,4439939,LOC,410,605,HA,pass,32,Handheld,adp,0,confirmed using encounter history; field confirmation needed
230000224176,Ghost,10/18/2021,4,Colorado River,Lower River Run,10/5/2021,18:00:00,418207,4439939,RXN,512,1374,HA,pass,32,Handheld,adp,0,"Confirmed Ghost; tag likely spawned out in October 2021 between release date and mobile run date (""movement"" after this point likely GPS error) - ghost tag date of 10-18-2021"
230000224189,Ghost,10/18/2021,3,Colorado River,Upper River Run,10/5/2021,15:00:00,418781,4440027,RBT,407,675,HA,NA,32,Handheld,adp,0,confirmed using encounter history; field confirmation needed
230000224259,Ghost,4/18/2022,3,Colorado River,Upper River Run,10/5/2021,15:00:00,418781,4440027,LOC,149,32,HA,NA,32,Handheld,adp,0,confirmed using encounter history; field confirmation needed
230000224349,Ghost,10/19/2021,2,Fraser River,Fraser River Ranch,9/1/2021,16:30:00,417229,4438617,RBT,343,416,HA,pass,32,Handheld,adp,0,confirmed using encounter history; field confirmation needed
230000224384,Ghost,4/19/2022,2,Fraser River,Fraser River Ranch,9/1/2021,16:30:00,417229,4438617,LOC,431,767,HA,NA,32,Handheld,adp,0,confirmed using encounter history; field confirmation needed
230000228040,Ghost,4/19/2022,2,Fraser River,Fraser River Ranch,9/1/2020,12:00:00,417229,4438617,LOC,359,432,HA,pass,32,Handheld,left pelvic + adp,0,confirmed using encounter history; field confirmation needed
230000228060,Ghost,4/19/2022,2,Fraser River,Fraser River Ranch,9/1/2020,12:00:00,417229,4438617,LOC,205,92,HA,NA,32,Handheld,left pelvic + adp,0,confirmed using encounter history; field confirmation needed
230000228441,Ghost,7/26/2021,4,Colorado River,Lower River Run,10/5/2020,11:20:00,418207,4439939,LOC,292,273,HA,pass,32,Handheld,right pelvic + adp,0,confirmed using encounter history; field confirmation needed
230000228445,Ghost,4/18/2022,4,Colorado River,Lower River Run,10/5/2020,11:20:00,418207,4439939,LOC,180,58,HA,NA,32,Handheld,right pelvic + adp,0,confirmed using encounter history; field confirmation needed
230000228490,Ghost,10/18/2021,3,Colorado River,Upper River Run,10/5/2020,17:00:00,418781,4440027,RBT,367,504,HA,NA,32,Handheld,right pelvic + adp,0,confirmed using encounter history; field confirmation needed
230000228510,Ghost,10/19/2020,3,Colorado River,Upper River Run,10/5/2020,17:00:00,418781,4440027,LOC,435,728,HA,NA,32,Handheld,right pelvic + adp,0,confirmed using encounter history; field confirmation needed
230000228545,Ghost,4/18/2022,3,Colorado River,Upper River Run,10/5/2020,17:00:00,418781,4440027,LOC,200,76,HA,NA,32,Handheld,right pelvic + adp,0,confirmed using encounter history; field confirmation needed
230000228572,Ghost,4/12/2021,3,Colorado River,Upper River Run,10/5/2020,17:00:00,418781,4440027,LOC,185,64,HA,NA,32,Handheld,right pelvic + adp,0,confirmed using encounter history; field confirmation needed
230000228797,Ghost,7/28/2021,10,Colorado River,Upper Red Barn Fry Site,10/6/2020,16:38:00,412728,4439665,RBT,364,481,HA,NA,32,Handheld,adp,0,confirmed using encounter history; field confirmation needed
230000228805,Ghost,10/20/2021,10,Colorado River,Upper Red Barn Fry Site,10/6/2020,16:38:00,412728,4439665,LOC,295,232,HA,NA,32,Handheld,adp,0,confirmed using encounter history; field confirmation needed
230000228886,Ghost,4/20/2022,10,Colorado River,Upper Red Barn Fry Site,10/6/2020,16:38:00,412728,4439665,LOC,208,80,HA,NA,32,Handheld,adp,0,confirmed using encounter history; field confirmation needed
230000272071,Ghost,7/28/2021,9,Colorado River,Chimney Rock Below Island,5/4/2021,11:15:00,413330,4440059,RBT,255,195,HA,NA,32,Handheld,adp,0,confirmed using encounter history; field confirmation needed
230000272159,Ghost,4/20/2022,9,Colorado River,Chimney Rock Below Island,5/6/2021,11:15:00,413330,4440059,LOC,237,132,HA,pass,32,Handheld,adp,0,confirmed using encounter history; field confirmation needed
230000272238,Ghost,4/20/2022,11,Colorado River,Pool Above Red Barn Antenna,5/4/2021,12:00:00,412550,4439453,LOC,349,355,HA,NA,32,Handheld,adp,0,confirmed using encounter history; field confirmation needed
230000272251,Ghost,4/20/2022,11,Colorado River,Pool Above Red Barn Antenna,5/4/2021,12:00:00,412550,4439453,LOC,370,455,HA,NA,32,Handheld,adp,0,confirmed using encounter history; field confirmation needed
230000272254,Ghost,7/28/2021,11,Colorado River,Pool Above Red Barn Antenna,5/4/2021,12:00:00,412550,4439453,LOC,363,535,HA,NA,32,Handheld,adp,0,confirmed using encounter history; field confirmation needed
230000272365,Ghost,10/19/2022,14,Colorado River,Below Red Barn Diversion #2,5/6/2021,13:30:00,411887,4438898,RBT,372,529,HA,NA,32,Handheld,adp,0,confirmed using encounter history; field confirmation needed
230000272429,Ghost,7/28/2021,15,Colorado River,Kinney Creek,5/4/2021,13:45:00,411432,4438897,LOC,406,785,HA,pass,32,Handheld,adp,0,confirmed using encounter history; field confirmation needed
230000272538,Ghost,4/20/2022,16,Colorado River,Dark Timber Above Railroad,5/6/2021,14:30:00,410945,4438654,LOC,228,115,HA,NA,32,Handheld,adp,0,confirmed using encounter history; field confirmation needed
230000272621,Ghost,10/20/2021,17,Colorado River,Sheriff Ranch Upper Field,5/4/2021,15:30:00,410165,4438558,LOC,335,380,HA,NA,32,Handheld,adp,0,confirmed using encounter history; field confirmation needed
230000272639,Ghost,10/19/2022,17,Colorado River,Sheriff Ranch Upper Field,5/4/2021,15:30:00,410165,4438558,RBT,374,505,HA,pass,32,Handheld,adp,0,confirmed using encounter history; field confirmation needed
230000272660,Ghost,10/20/2021,16,Colorado River,Dark Timber Above Railroad,5/4/2021,14:30:00,410945,4438654,LOC,288,255,HA,NA,32,Handheld,adp,0,confirmed using encounter history; field confirmation needed
230000272812,Ghost,4/20/2022,18,Colorado River,Shefiff Ranch Middle Field,5/4/2021,16:30:00,409595,4438221,LOC,345,420,HA,NA,32,Handheld,adp,0,confirmed using encounter history; field confirmation needed
230000272891,Ghost,7/28/2021,17,Colorado River,Sheriff Ranch Upper Field,5/6/2021,15:30:00,410165,4438558,LOC,329,340,HA,NA,32,Handheld,adp,0,confirmed using encounter history; field confirmation needed
230000272938,Ghost,10/20/2021,18,Colorado River,Shefiff Ranch Middle Field,5/4/2021,16:30:00,409595,4438221,LOC,357,443,HA,NA,32,Handheld,adp,0,confirmed using encounter history; field confirmation needed
230000228444,Ghost,7/26/2021,4,Colorado River,Lower River Run,10/5/2020,11:20:00,418207,4439939,LOC,182,55,HA,NA,32,Handheld,right pelvic + adp,0,confirmed using encounter history; field confirmation needed; valid detections through 4/12/2021; flag as avian predation on 6/3/2021 (tag in bird through 6/8/2021); ghost on 7/26/2021
230000228702,Ghost?,4/14/2021,6,Colorado River,Windy Gap Dam,10/6/2020,11:15:00,416101,4440146,LOC,378,612,HA,NA,32,Handheld,adp,0,likely ghost tag based on encounter history; field confirmation needed; not seen in 2022
230000228813,Ghost,4/14/2021,10,Colorado River,Upper Red Barn Fry Site,10/6/2020,16:38:00,412728,4439665,LOC,367,472,HA,NA,32,Handheld,adp,0,likely ghost tag based on encounter history; field confirmation needed; not seen in 2022
230000228933,Ghost,4/14/2021,13,Colorado River,Below Red Barn Diversion #1,10/7/2020,11:20:00,412184,4439304,LOC,362,461,HA,NA,32,Handheld,adp,0,likely ghost tag based on encounter history; field confirmation needed; not seen in 2022
230000142525,Ghost?,7/28/2021,7,Colorado River,Hitching Post,5/4/2021,9:45:00,414476,4440260,LOC,225,108,HA,NA,32,Handheld,adp,0,"likely ghost tag based on encounter history; field confirmation needed; moved downstream on last detection, but between spring and fall runs"
230000228397,Ghost?,4/12/2021,4,Colorado River,Lower River Run,10/5/2020,11:20:00,418207,4439939,LOC,287,246,HA,NA,32,Handheld,right pelvic + adp,0,likely ghost tag based on encounter history; field confirmation needed; some slight change in location following ghost date - could be a big fish in undercut banks; not recaptured in 2022 (but due to visibility within site?)
230000228967,Ghost?,7/28/2021,13,Colorado River,Below Red Barn Diversion #1,10/7/2020,11:20:00,412184,4439304,LOC,335,352,HA,NA,32,Handheld,adp,0,"likely ghost tag based on encounter history; field confirmation needed; moved downstream on last detection, but between spring and fall runs"
230000229031,Ghost,4/14/2021,15,Colorado River,Kinney Creek,10/7/2020,14:42:00,411432,4438897,LOC,328,322,HA,NA,32,Handheld,adp,0,"likely ghost tag based on encounter history; field confirmation needed; moved downstream on last detection, but between spring and fall runs"
226001581297,Ghost?,10/19/2020,3,Colorado River,Upper River Run,10/5/2020,17:00:00,418781,4440027,MTS,82,8,HA,NA,12,Handheld,left pelvic,0,"Likely ghost; Hard to tell with sculpin, but given that it has been in our shocking site since it's release and never recaptured, I would call this a ghost tag as of 10-19-20"
226001581442,Ghost?,10/19/2020,3,Colorado River,Upper River Run,10/5/2020,17:00:00,418781,4440027,MTS,125,26,HA,pass,12,Handheld,left pelvic,0,likely a ghost tag based on encounter history; field confirmation needed; all MTS should be checked (shocking + ghost tag protocol?)
226001581525,Ghost?,7/27/2021,2,Fraser River,Fraser River Ranch,9/1/2020,12:00:00,417229,4438617,MTS,112,12,HA,pass,12,Handheld,right pelvic,0,likely a ghost tag based on encounter history; field confirmation needed; all MTS should be checked (shocking + ghost tag protocol?)
230000224301,Ghost,10/19/2021,2,Fraser River,Fraser River Ranch,9/1/2021,16:30:00,417229,4438617,LOC,263,192,HA,NA,32,Handheld,adp,0,"likely ghost tag based on encounter history; field confirmation needed; moved downstream on last detection, but between spring and fall runs"
230000224311,Ghost,10/19/2021,2,Fraser River,Fraser River Ranch,9/1/2021,16:30:00,417229,4438617,RBT,290,276,HA,NA,32,Handheld,adp,0,"likely ghost tag based on encounter history; field confirmation needed; moved downstream on last detection, but between spring and fall runs"
230000224336,Ghost,10/19/2021,2,Fraser River,Fraser River Ranch,9/1/2021,16:30:00,417229,4438617,LOC,268,220,HA,NA,32,Handheld,adp,0,"likely ghost tag based on encounter history; field confirmation needed; moved downstream on last detection, but between spring and fall runs"
230000228088,Ghost?,4/13/2021,2,Fraser River,Fraser River Ranch,9/1/2020,12:00:00,417229,4438617,LOC,177,58,HA,NA,32,Handheld,left pelvic + adp,0,"likely ghost tag based on encounter history; field confirmation needed; moved downstream on last detection, but between spring and fall runs"
230000272084,Ghost?,10/20/2021,8,Colorado River,Chimney Rock Above Island,5/6/2021,10:30:00,413880,4440093,LOC,351,415,HA,pass,32,Handheld,adp,0,"likely ghost tag based on encounter history; field confirmation needed; in same location in October 2021 and October 2022, but only two detections in current location; valid detections before ghost date"
230000272452,Ghost?,10/20/2021,16,Colorado River,Dark Timber Above Railroad,5/6/2021,14:30:00,410945,4438654,RBT,422,635,HA,pass,32,Handheld,adp,0,"likely ghost tag based on encounter history; field confirmation needed; in same location in October 2021 and April 2022, but only two detections in current location; valid detections before ghost date"
230000272503,Ghost?,10/20/2021,16,Colorado River,Dark Timber Above Railroad,5/4/2021,14:30:00,410945,4438654,LOC,230,120,HA,NA,32,Handheld,adp,0,"likely ghost tag based on encounter history; field confirmation needed; in same location in October 2021 and April 2022, but only two detections in current location; valid detections before ghost date"
230000272949,Ghost,7/28/2021,18,Colorado River,Shefiff Ranch Middle Field,5/4/2021,16:30:00,409595,4438221,RBT,402,519,HA,NA,32,Handheld,adp,0,Likely Ghost; Big fish when tagged; upstream movement after release likely back to capture location and probably spawned in that same location shortly after being tagged (ghost tag date of 7-28-21); ghost tag downstream movement due to high flows between 4-20-22 and 7-26-23
230000224169,Ghost,4/18/2022,4,Colorado River,Lower River Run,10/5/2021,18:00:00,418207,4439939,LOC,309,270,HA,pass,32,Handheld,adp,0,"Likely Ghost; tag likely spawned out in October 2021 between release date and mobile run date (""movement"" after this point likely GPS error) - ghost tag date of 10-18-2021"
230000228087,Ghost,7/27/2021,2,Fraser River,Fraser River Ranch,9/1/2020,12:00:00,417229,4438617,LOC,307,286,HA,pass,32,Handheld,left pelvic + adp,0,"Status unknown; initial movement downstream, but back upstream for last two detections in 7/21 and 4/22; not added to Ghost Tag list - need field confirmation"
230000142993,Ghost,4/18/2022,4,Colorado River,Lower River Run,10/5/2021,18:00:00,418207,4439939,RBT,419,634,HA,fail,32,Handheld,adp,0,Status unknown; only two detections in current location; not added to Ghost Tag list - need field confirmation
230000224360,Ghost?,10/19/2021,2,Fraser River,Fraser River Ranch,9/1/2021,16:30:00,417229,4438617,LOC,428,655,HA,NA,32,Handheld,adp,0,"Likely ghost, Mature fish at tagging; likely spawned out tag in October 2021, though hard to tell if before or after 10-19-21 detections (not really a spwning location); best guess is that detection on 4-19-22 is spawning location in good gravel riffle (and ghost date), with downstream movement between 2022 and 2023 caused by high floods in spring 2023"
230000272004,Ghost,7/28/2021,9,Colorado River,Chimney Rock Below Island,5/6/2021,11:15:00,413330,4440059,LOC,372,530,HA,NA,32,Handheld,adp,0,"Likely ghost tag; likely died/spawned between 7-28-2021 and 10-19-22 (ghost tag date), with ghost tag moving downstream in spring 2023 flows to new location on 7-26-23; alternative explanation is that it was injured during tagging and drifted downstream into the ""railroad hole"" where it died prior to 7-28-21 (could be the ghost tag date instead) - not a lot of spawning habitat in the 7-28-21 location, so I kind of like this explanation better"
230000272099,Ghost,4/20/2022,9,Colorado River,Chimney Rock Below Island,5/4/2021,11:15:00,413330,4440059,LOC,364,455,HA,NA,32,Handheld,adp,0,"Confirmed ghost; Big fish when tagged; upstream movement after release likely back to capture location; likely died/spawned between 7-28-2021 and 4-20-22 (ghost tag date), with ghost tag moving downstream in spring 2023 flows to new location on 7-26-23"
230000272557,Ghost,7/28/2021,15,Colorado River,Kinney Creek,5/4/2021,13:45:00,411432,4438897,LOC,366,476,HA,NA,32,Handheld,adp,0,"Confirmed Ghost; upstream movement after release likely back to capture location; likely died/spawned between 7-28-2021 and 4-20-22 (ghost tag date), with ghost tag moving downstream in spring 2023 flows to new location on 7-26-23"
226001581743,Ghost,10/19/2021,2,Fraser River,Fraser River Ranch,9/1/2020,12:00:00,417229,4438617,NA,NA,NA,HA,NA,12,Handheld,right pelvic,0,"no release information, but tag was detected with mobile antenna"
230000229063,Ghost,10/20/2021,15,Colorado River,Kinney Creek,10/7/2020,14:42:00,411432,4438897,NA,NA,NA,HA,NA,12,Handheld,NA,0,"no release information, but tag was detected with mobile antenna"
230000228602,Ghost,5/18/2022,6,Colorado River,Windy Gap Dam,10/6/2020,11:15:00,416101,4440146,LOC,389,528,HA,NA,32,Handheld,adp,0,detected during ghost tag survey below WG dam on 5/18/2022
230000272506,Ghost,5/18/2022,17,Colorado River,Sheriff Ranch Upper Field,5/6/2021,15:30:00,410165,4438558,LOC,341,354,HA,pass,32,Handheld,adp,0,detected during ghost tag survey below WG dam on 5/18/2022
230000228848,Ghost,10/21/2020,13,Colorado River,Below Red Barn Diversion #1,10/7/2020,11:20:00,412184,4439304,LOC,268,186,HA,NA,32,Handheld,adp,0,Confirmed Ghost using encounter history; field confirmation needed. Washed downstream but then no movement for a year. Porposed that 2023 high flows washed it DS
230000228836,Ghost,4/14/2021,15,Colorado River,Kinney Creek,10/7/2020,14:42:00,411432,4438897,LOC,345,400,HA,NA,32,Handheld,adp,0,Confirmed Ghost using encounter history; field confirmation needed. Washed downstream but then no movement for a year. Porposed that 2023 high flows washed it DS
230000142516,Ghost,7/28/2021,7,Colorado River,Hitching Post,5/6/2021,9:45:00,414476,4440260,LOC,366,387,HA,pass,32,Handheld,adp,0,Likely ghost; add to file using encounter history; field confirmation needed. Washed downstream but then no movement for a year. Porposed that 2023 high flows washed it DS
230000229030,Ghost,7/28/2021,15,Colorado River,Kinney Creek,10/7/2020,14:42:00,411432,4438897,RBT,338,416,HA,NA,32,Handheld,adp,0,Confirmed Ghost using encounter history; field confirmation needed. Washed downstream but then no movement for a year. Porposed that 2023 high flows washed it DS
230000229036,Ghost,7/28/2021,15,Colorado River,Kinney Creek,10/7/2020,14:42:00,411432,4438897,LOC,197,74,HA,pass,32,Handheld,adp,0,"Confirmed Ghost using encounter history; field confirmation needed. Proposed that it washed DS in sping 2022, hasn't moved at all since then"
230000272659,Ghost,7/28/2021,16,Colorado River,Dark Timber Above Railroad,5/4/2021,14:30:00,410945,4438654,LOC,249,165,HA,pass,32,Handheld,adp,0,"Confirmed Ghost using encounter history; field confirmation needed. Gradual DS movememnt; more pronounced in high 2023 flows. Proposed washed DS in 2023 flows, hasn't moved for a year"
230000272664,Ghost,7/28/2021,17,Colorado River,Sheriff Ranch Upper Field,5/6/2021,15:30:00,410165,4438558,LOC,357,455,HA,NA,32,Handheld,adp,0,Confirmed Ghost using encounter history; field confirmation needed. Washed downstream but then no movement for a year. Porposed that 2023 high flows washed it DS
230000228050,Ghost,10/20/2020,2,Fraser River,Fraser River Ranch,9/1/2020,12:00:00,417229,4438617,RBT,238,132,HA,NA,32,Handheld,left pelvic + adp,0,Confirmed Ghost using encounter history; field confirmation needed. Washed downstream but then no movement for a year. Porposed that 2023 high flows washed it DS
230000272337,Ghost,10/19/2022,14,Colorado River,Below Red Barn Diversion #2,5/4/2021,13:00:00,411887,4438898,LOC,195,72,HA,NA,32,Handheld,adp,0,Confirmed Ghost using encounter history; field confirmation needed. Instinct is to say this is a ghost tag now
230000224158,Ghost,4/18/2022,4,Colorado River,Lower River Run,10/5/2021,18:00:00,418207,4439939,LOC,256,164,HA,pass,32,Handheld,adp,0,"Confirmed Ghost using encounter history; field confirmation needed. I'd say ghost, but not sure why it wasn't picked up on 2023 survey."
230000228679,Ghost,4/14/2021,6,Colorado River,Windy Gap Dam,10/6/2020,11:15:00,416101,4440146,LOC,275,179,HA,NA,32,Handheld,adp,0,Likely ghost; add to file using encounter history; field confirmation needed. probably hit HP and stuck on the way down during high flow may 2023
230000272230,Ghost,10/19/2022,11,Colorado River,Pool Above Red Barn Antenna,5/4/2021,12:00:00,412550,4439453,LOC,381,545,HA,pass,32,Handheld,adp,0,Confirmed Ghost using encounter history; field confirmation needed. I propose it blew downstream in spirng 2023
230000272360,Ghost,10/19/2022,14,Colorado River,Below Red Barn Diversion #2,5/4/2021,13:00:00,411887,4438898,LOC,315,324,HA,NA,32,Handheld,adp,0,"Confirmed Ghost using encounter history; field confirmation needed. 3 year srow in same place, was moving before that."
230000272685,Ghost,7/28/2021,16,Colorado River,Dark Timber Above Railroad,5/4/2021,14:30:00,410945,4438654,LOC,188,75,HA,NA,32,Handheld,adp,0,Confirmed Ghost using encounter history; field confirmation needed. Instinct is that is went DS in spring 2023
230000272699,Ghost,10/20/2021,16,Colorado River,Dark Timber Above Railroad,5/4/2021,14:30:00,410945,4438654,LOC,315,305,HA,NA,32,Handheld,adp,0,Confirmed Ghost using encounter history; field confirmation needed. Instinct is that is went DS in spring 2023
230000272870,Ghost,10/20/2021,17,Colorado River,Sheriff Ranch Upper Field,5/4/2021,15:30:00,410165,4438558,LOC,357,415,HA,NA,32,Handheld,adp,0,Confirmed Ghost using encounter history; field confirmation needed. Instinct is that is went DS in spring 2023
230000272989,Ghost,10/19/2022,17,Colorado River,Sheriff Ranch Upper Field,5/4/2021,15:30:00,410165,4438558,LOC,348,355,HA,NA,32,Handheld,adp,0,Confirmed Ghost using encounter history; field confirmation needed. NA
226001581289,Ghost,10/21/2020,10,Colorado River,Upper Red Barn Fry Site,10/6/2020,16:38:00,412728,4439665,RBT,107,18,HA,NA,12,Handheld,adp,0,Confirmed Ghost using encounter history; field confirmation needed. small RBT released 4 years ago; has only moved 40 m and RBT antenna is just downstream. Maybe keep an eye on this though
230000142593,Ghost,7/28/2021,8,Colorado River,Chimney Rock Above Island,5/4/2021,10:30:00,413880,4440093,LOC,335,366,HA,NA,32,Handheld,adp,0,Confirmed Ghost using encounter history; field confirmation needed. Proposed that it washed DS in spring 2023
230000142594,Ghost,4/20/2022,8,Colorado River,Chimney Rock Above Island,5/4/2021,10:30:00,413880,4440093,LOC,289,NA,HA,NA,32,Handheld,adp,0,Confirmed Ghost using encounter history; field confirmation needed. Proposed washed DS in Spring 2023
230000142661,Ghost,10/20/2021,8,Colorado River,Chimney Rock Above Island,5/4/2021,10:30:00,413880,4440093,LOC,313,330,HA,pass,32,Handheld,adp,0,Confirmed Ghost using encounter history; field confirmation needed. Proposed washed DS in Spring 2023
230000142663,Ghost,10/19/2022,8,Colorado River,Chimney Rock Above Island,5/4/2021,10:30:00,413880,4440093,LOC,411,590,HA,NA,32,Handheld,adp,0,Confirmed Ghost using encounter history; field confirmation needed. Proposed washed DS in Spring 2023
230000142668,Ghost,10/19/2022,8,Colorado River,Chimney Rock Above Island,5/4/2021,10:30:00,413880,4440093,LOC,322,335,HA,NA,32,Handheld,adp,0,Confirmed Ghost using encounter history; field confirmation needed. NA
230000142825,Ghost,10/19/2022,7,Colorado River,Hitching Post,5/2/2022,14:15:00,414476,4440260,LOC,353,385,HA,NA,32,Handheld,adp,0,Confirmed Ghost using encounter history; field confirmation needed. NA
230000142979,Ghost,10/19/2022,6,Colorado River,Windy Gap Dam,10/6/2021,11:00:00,416101,4440146,LOC,460,941,HA,NA,32,Handheld,adp,0,Confirmed Ghost using encounter history; field confirmation needed. NA
230000142988,Ghost,4/20/2022,6,Colorado River,Windy Gap Dam,10/6/2021,11:00:00,416101,4440146,RBT,463,941,HA,pass,32,Handheld,adp,0,Confirmed Ghost using encounter history; field confirmation needed. NA
230000142997,Ghost,10/18/2021,4,Colorado River,Lower River Run,10/5/2021,18:00:00,418207,4439939,LOC,309,252,HA,fail,32,Handheld,adp,0,Confirmed Ghost using encounter history; field confirmation needed. NA
230000143053,Ghost,10/17/2022,4,Colorado River,Lower River Run,10/4/2022,12:00:00,418207,4439939,LOC,341,331,HA,pass,32,Handheld,adp,0,Confirmed Ghost using encounter history; field confirmation needed. 3 mobile surveys in same spot
230000143070,Ghost,10/17/2022,4,Colorado River,Lower River Run,10/4/2022,12:00:00,418207,4439939,LOC,496,1420,HA,NA,32,Handheld,adp,0,Confirmed Ghost using encounter history; field confirmation needed. 3 mobile surveys in same spot
230000143499,Ghost,10/19/2022,15,Colorado River,Kinney Creek,5/2/2022,18:00:00,411432,4438897,LOC,252,155,HA,NA,32,Handheld,adp,0,Confirmed Ghost using encounter history; field confirmation needed. 3 mobile surveys in same spot
230000143514,Ghost,10/17/2022,3,Colorado River,Upper River Run,10/4/2022,16:50:00,418781,4440027,LOC,270,204,HA,NA,32,Handheld,adp,0,Confirmed Ghost using encounter history; field confirmation needed. 3 mobile surveys in same spot
230000143653,Ghost,10/19/2022,6,Colorado River,Windy Gap Dam,10/5/2022,12:00:00,416101,4440146,LOC,346,416,HA,NA,32,Handheld,adp,0,Confirmed Ghost using encounter history; field confirmation needed. 3 mobile surveys in same spot
230000143666,Ghost,10/19/2022,6,Colorado River,Windy Gap Dam,10/5/2022,12:00:00,416101,4440146,LOC,275,178,HA,NA,32,Handheld,adp,0,Confirmed Ghost using encounter history; field confirmation needed. 3 mobile surveys in same spot
230000143677,Ghost,10/19/2022,6,Colorado River,Windy Gap Dam,10/5/2022,12:00:00,416101,4440146,LOC,466,839,HA,pass,32,Handheld,adp,0,Confirmed Ghost using encounter history; field confirmation needed. 3 mobile surveys in same spot
230000224086,Ghost,10/19/2022,6,Colorado River,Windy Gap Dam,10/6/2021,11:00:00,416101,4440146,LOC,357,467,HA,NA,32,Handheld,adp,0,Confirmed Ghost using encounter history; field confirmation needed. probably swept DS in 2023 high flows
230000224125,Ghost,10/18/2021,4,Colorado River,Lower River Run,10/5/2021,18:00:00,418207,4439939,LOC,402,538,HA,pass,32,Handheld,adp,0,Confirmed Ghost using encounter history; field confirmation needed. 3 mobile surveys in same spot
230000224148,Ghost,10/18/2021,4,Colorado River,Lower River Run,10/5/2021,18:00:00,418207,4439939,LOC,454,823,HA,pass,32,Handheld,adp,0,Confirmed Ghost using encounter history; field confirmation needed. 3 mobile surveys in same spot
230000224157,Ghost,10/17/2022,4,Colorado River,Lower River Run,10/5/2021,18:00:00,418207,4439939,LOC,147,30,HA,pass,32,Handheld,adp,0,Confirmed Ghost using encounter history; field confirmation needed. 3 mobile surveys in same spot
230000224208,Ghost,10/18/2021,4,Colorado River,Lower River Run,10/5/2021,18:00:00,418207,4439939,LOC,154,46,HA,pass,32,Handheld,adp,0,Confirmed Ghost using encounter history; field confirmation needed. 3 mobile surveys in same spot
230000228372,Ghost,7/26/2021,4,Colorado River,Lower River Run,10/5/2020,11:20:00,418207,4439939,LOC,178,54,HA,NA,32,Handheld,right pelvic + adp,0,Confirmed Ghost using encounter history; field confirmation needed. 3 mobile surveys in same spot
230000228862,Ghost,4/20/2022,10,Colorado River,Upper Red Barn Fry Site,10/6/2020,16:38:00,412728,4439665,RBT,240,146,HA,NA,32,Handheld,adp,0,Confirmed Ghost using encounter history; field confirmation needed. 3 mobile surveys in same spot
230000272034,Ghost,10/20/2021,9,Colorado River,Chimney Rock Below Island,5/4/2021,11:15:00,413330,4440059,LOC,242,140,HA,NA,32,Handheld,adp,0,Confirmed Ghost using encounter history; field confirmation needed. 3 mobile surveys in same spot
230000272066,Ghost,7/28/2021,9,Colorado River,Chimney Rock Below Island,5/6/2021,11:15:00,413330,4440059,LOC,343,415,HA,NA,32,Handheld,adp,0,Confirmed Ghost using encounter history; field confirmation needed. 3 mobile surveys in same spot
230000272117,Ghost,10/20/2021,11,Colorado River,Pool Above Red Barn Antenna,5/4/2021,12:00:00,412550,4439453,RBT,280,276,HA,NA,32,Handheld,adp,0,Confirmed Ghost using encounter history; field confirmation needed. 3 mobile surveys in same spot
230000272279,Ghost,10/20/2021,11,Colorado River,Pool Above Red Barn Antenna,5/4/2021,12:00:00,412550,4439453,RBT,283,255,HA,NA,32,Handheld,adp,0,Likely ghost; add to file using encounter history; field confirmation needed. mobile surveys are all DS of each other
230000272297,Ghost,10/20/2021,11,Colorado River,Pool Above Red Barn Antenna,5/4/2021,12:00:00,412550,4439453,LOC,387,560,HA,NA,32,Handheld,adp,0,Confirmed Ghost using encounter history; field confirmation needed. 3 mobile surveys in same spot
230000272308,Ghost,10/19/2022,15,Colorado River,Kinney Creek,5/4/2021,13:45:00,411432,4438897,LOC,349,331,HA,NA,32,Handheld,adp,0,Likely ghost; add to file using encounter history; field confirmation needed. mobile surveys are all DS of each other
230000272381,Ghost,10/19/2022,11,Colorado River,Pool Above Red Barn Antenna,5/4/2021,12:00:00,412550,4439453,LOC,341,386,HA,NA,32,Handheld,adp,0,Confirmed Ghost using encounter history; field confirmation needed. 3 mobile surveys in same spot
230000272391,Ghost,4/20/2022,11,Colorado River,Pool Above Red Barn Antenna,5/4/2021,12:00:00,412550,4439453,LOC,348,351,HA,NA,32,Handheld,adp,0,Confirmed Ghost using encounter history; field confirmation needed. 3 mobile surveys in same spot
230000272472,Ghost,7/28/2021,14,Colorado River,Below Red Barn Diversion #2,5/4/2021,13:00:00,411887,4438898,LOC,328,360,HA,pass,32,Handheld,adp,0,Confirmed Ghost using encounter history; field confirmation needed. mobile surveys are all DS of each other
230000272502,Ghost,4/20/2022,16,Colorado River,Dark Timber Above Railroad,5/4/2021,14:30:00,410945,4438654,LOC,190,62,HA,NA,32,Handheld,adp,0,Confirmed Ghost using encounter history; field confirmation needed. mobile surveys are all DS of each other
230000272542,Ghost,10/19/2022,15,Colorado River,Kinney Creek,5/4/2021,13:45:00,411432,4438897,LOC,199,79,HA,NA,32,Handheld,adp,0,"Likely ghost; add to file using encounter history; field confirmation needed. mobile surveys are all DS of each other, no movement in 2024. likely washed DS in spring 2023"
230000272552,Ghost,10/19/2022,15,Colorado River,Kinney Creek,5/4/2021,13:45:00,411432,4438897,LOC,233,120,HA,NA,32,Handheld,adp,0,Confirmed Ghost using encounter history; field confirmation needed. 3 mobile surveys in same spot
230000272682,Ghost,10/20/2021,16,Colorado River,Dark Timber Above Railroad,5/6/2021,14:30:00,410945,4438654,LOC,320,355,HA,NA,32,Handheld,adp,0,Confirmed Ghost using encounter history; field confirmation needed. 3 mobile surveys in same spot
230000272832,Ghost,7/28/2021,18,Colorado River,Shefiff Ranch Middle Field,5/4/2021,16:30:00,409595,4438221,LOC,237,130,HA,NA,32,Handheld,adp,0,Confirmed Ghost using encounter history; field confirmation needed. 3 mobile surveys in same spot
230000272961,Ghost,10/19/2022,18,Colorado River,Shefiff Ranch Middle Field,5/4/2021,16:30:00,409595,4438221,RBT,342,419,HA,NA,32,Handheld,adp,0,Confirmed Ghost using encounter history; field confirmation needed. 3 mobile surveys in same spot
230000228389,Ghost,7/24/2023,4,Colorado River,Lower River Run,10/5/2020,11:20:00,418207,4439939,LOC,363,482,HA,,32,Handheld,adp,0,"No movement from July 2023 onwards throuh multiple detections in 2024 and 2025, ghost date of 7/24/2023"
230000272372,Ghost,7/28/2021,14,Colorado River,Below Red Barn Diversion #2,5/4/2021,13:00:00,411887,4438898,LOC,322,311,HA,,32,Handheld,adp,0,"After release in 2021, gets hit in mobile runs at same spot through 2021 and 2022, then moves downstream and is hit in July 2023 and at same spot through Oct 2025. Compared to previous evidence used to confirm ghost tags: Upgraded to confirmed 2025 with ghost date of 7/28/2021"
230000272033,Ghost,7/26/2023,9,Colorado River,Chimney Rock Below Island,5/6/2021,11:15:00,413330,4440059,LOC,255,160,HA,,32,Handheld,adp,0,"Since July 2023 it was detected at same spot through 2024 and in Apr/Jul/Oct of 2025. ugraded to confirmed tag in 2025, ghost date of 7/26/2023"
230000224521,Ghost,10/15/2024,7,Colorado River,Hitching Post,5/6/2021,9:45:00,414476,4440260,RBT,476,1167,HA,,32,Handheld,adp,0,"10 separate detections between Oct 2024 and Oct 2025 at same spot, was 476mm RBT in 2021 soooo dead probably. Ghost date of 10/15/2024"
230000228428,Ghost,7/24/2023,4,Colorado River,Lower River Run,10/5/2020,11:20:00,418207,4439939,LOC,287,270,HA,,32,Handheld,adp,0,"Released in 2020 as LOC 287mm, first detected afterwards in Jul 2023 and has been detected at same spot in Oct 2024 and Apr/Jul/Oct 2025, ghost date of 7/24/2023"
230000228678,Ghost,10/14/2024,6,Colorado River,Windy Gap Dam,10/6/2020,11:15:00,416101,4440146,LOC,376,545,HA,,32,Handheld,adp,0,"A 376mm LOC in 2020 that passes DS HP later in 2020, sits at same spot Oct 2024 through many detections in 2025. Whether the 2022 detection US from this spot is ghost as well before 2023 flows is hard to tell so ghostdate 10/14/2024 chosen in 2025"
230000272423,Ghost,7/26/2023,15,Colorado River,Kinney Creek,5/4/2021,13:45:00,411432,4438897,LOC,363,540,HA,,32,Handheld,adp,0,"2023 detection and many mobile detections, ghost date of 7/26/2023, Previously Big fish likely dead with many detections Oct 2024 through Oct 2025 at same spot"
230000272584,Ghost,7/26/2023,16,Colorado River,Dark Timber Above Railroad,5/6/2021,14:30:00,410945,4438654,LOC,336,385,HA,,32,Handheld,adp,0," Previously Big fish likely dead with many detections Oct 2024 through Oct 2025 at same spot with corresponding 2023 detection, ghost date 7/26/2023"
230000272611,Ghost,10/14/2024,17,Colorado River,Sheriff Ranch Upper Field,5/6/2021,15:30:00,410165,4438558,LOC,337,385,HA,,32,Handheld,adp,0," Previously Big fish likely dead with many detections Oct 2024 through Oct 2025 at same spot with overwhelming detection in 2025, ghost date 10/14/2024"
230000142533,Ghost,7/26/2023,7,Colorado River,Hitching Post,5/6/2021,9:45:00,414476,4440260,LOC,333,348,HA,,32,Handheld,adp,0," Previously Big fish, 333mm LOC in 2021, likely dead with many detections at same spot starting Oct 2022, some DS movemnet that could be 2023 flows but detected same spot ever since, ghost date of 7/26/2023"
230000143086,Ghost,7/24/2023,4,Colorado River,Lower River Run,10/4/2022,12:00:00,418207,4439939,LOC,330,333,HA,,32,Handheld,adp,0,"Detected same spot Jul 2023 through 24 and 25, ghost date 7/24/2023"
230000143148,Ghost,10/18/2022,2,Fraser River,Fraser River Ranch,8/30/2022,12:00:00,417229,4438617,LOC,404,670,HA,,32,Handheld,adp,0,"404 LOC from 2022, Detected same spot Oct 2022 through 2025, confirmed with ghost date 10/18/2022"
230000143265,Ghost,7/26/2023,10,Colorado River,Upper Red Barn Fry Site,5/5/2022,14:30:00,412728,4439665,LOC,402,572,HA,,32,Handheld,adp,0,"402 LOC in 2022, detected at same spot since Jul/2023, ghostdate of 7/26/2023"
230000228605,Ghost,10/19/2022,6,Colorado River,Windy Gap Dam,10/6/2020,11:15:00,416101,4440146,LOC,367,526,HA,,32,Handheld,adp,0,"LOC 367mm in 2020, stayed in same spot Oct 2022 and Jul 2023, then moves slightly DS and is detected at new spot Apr/Jul 2025. Ghost date of 10/19/2022"
230000229038,Ghost,10/14/2024,15,Colorado River,Kinney Creek,10/7/2020,14:42:00,411432,4438897,LOC,311,320,HA,,32,Handheld,adp,0,"LOC 311mm in 2020, been in same spot Oct 2024 and beyond. Some small movements but appear to be gps error, ghostdate of 10/14/2024"
230000272068,Ghost,7/26/2023,9,Colorado River,Chimney Rock Below Island,5/4/2021,11:15:00,413330,4440059,LOC,331,390,HA,,32,Handheld,adp,0,"LOC 331 in 2021, been in same spot Jul 2023 and beyond with minor gps error feeling movements of 10m back and forth through Oct 2025"
230000272987,Ghost,10/15/2024,17,Colorado River,Sheriff Ranch Upper Field,5/4/2021,15:30:00,410165,4438558,LOC,385,510,HA,,32,Handheld,adp,0,"385mm LOC in 2021, crosses RB before detection in Oct 2024 where it stays in same spot Apr/Jul/Oct 2025, marked as confirmed just for how old the fish would be and consistent detections at same spot. Ghostdate of 10/15/2024"
230000228634,Ghost, 4/14/2021,7,Colorado River,Hitching Post,10/6/2020,13:58:00,414476,4440260,LOC,370,474,HA,,32,Handheld,adp,0,"Fish detected by HP antenna a lot in 2020 then by mobile run in 2021 and all three in 2025, was 330mm LOC in 2020 so maybe dead, 4/14/2021 ghostdate"
230000142994,Ghost,10/14/2024,4,Colorado River,Lower River Run,10/5/2021,18:00:00,418207,4439939,RBT,404,610,HA,,32,Handheld,adp,0,"Oct 2024 throuh Oct 2025 detections with no movement listed, hard to say, RBT was large when released in 2021- are four detections from Oct 24 through Oct 25 at same spot enough to list as a ghost, ghost date of 10/14/2024"
230000143306,Ghost,7/26/2023,10,Colorado River,Upper Red Barn Fry Site,5/5/2022,14:30:00,412728,4439665,LOC,393,491,HA,,32,Handheld,adp,0,"Been detected in same spot since Jul 2023, some light movements possibly gps error, marked as confirmed 2025 with ghostdate of 7/26/2023"
230000144223,Ghost,10/15/2024,6,Colorado River,Windy Gap Dam,10/4/2023,12:00:00,416101,4440146,LOC,403,625,HA,,32,Handheld,adp,0,"US movement to the detected spot in 10/24 and little movement since, marked as confirmed due to 4 detections as same spot, ghostdate of 10/15/2024"
230000224098,Ghost,10/14/2024,6,Colorado River,Windy Gap Dam,10/6/2021,11:00:00,416101,4440146,LOC,421,630,HA,,32,Handheld,adp,0,"Recap 2023 as 421mm LOC, detected in same spot starting Oct/24 though Jul/25, but does move 20m US for a second Jul detection and Oct/25 detection. Marked as confirmed due to four detections at same spot, ghostdate of 10/14/2024"
230000272259,Ghost,4/20/2022,11,Colorado River,Pool Above Red Barn Antenna,5/4/2021,12:00:00,412550,4439453,LOC,268,195,HA,,32,Handheld,adp,0,"Four detections on mobile runs around same area but with small movements, marked as conmfirmed as of 2025 with a ghost date of 4/20/2022 due to time between detections"
230000087852,Ghost,10/14/2024,20,Colorado River Connectivity Channel,CRCC Downstream Confluence,10/2/2024,10:00:00,415856,4440178,RBT,438,816,HA,,32,Handheld,adp,0,"Released in Oct 2024, detected 5x in same spot across Oct 2024, Jul/Oct 2025, is a big fish, marked as confirmed due to four detections at same spot, ghostdate of 10/14/2024"
230000143216,Ghost,10/18/2022,2,Fraser River,Fraser River Ranch,8/30/2022,12:00:00,417229,4438617,LOC,293,255,HA,,32,Handheld,Recapture and Release,0,"Recap in 2022, 3 detections in Oct 2022, Apr 2025, and Jul 2025 all at same spot. Marked as confirmed ghost in 2025, three detections in same spot plus the many years in between, ghostdate of 10/18/2022"
230000224473,Ghost?,7/26/2023,14,Colorado River,Below Red Barn Diversion #2,5/6/2021,13:30:00,411887,4438898,RBT,273,220,HA,,32,Handheld,adp,0,"Looks clearly a ghost from 2023 onwards due to 2025 detections at same spot in april and july, may be a ghost from 21-22 but ghost date of 7/26/2023 chosen since it was counted as a tagged fish in 2024, upgraded to likely 2025"
230000228728,Ghost?,7/26/2023,7,Colorado River,Hitching Post,10/6/2020,13:58:00,414476,4440260,RBT,223,101,HA,,32,Handheld,adp,0,"Looks like a ghost from 7/26/2023 onwards, passed HP on 5/3/2023, upgraded to likely 2025"
230000272240,Ghost?,7/26/2023,11,Colorado River,Pool Above Red Barn Antenna,5/4/2021,12:00:00,412550,4439453,LOC,397,505,HA,,32,Handheld,adp,0,"Was a big LOC in 2021, slightly downstream from 2023, but detected in same spot all of 2025, upgraded to likely 2025 with ghost date of 7/26/2023"
230000229070,Ghost?,7/26/2023,15,Colorado River,Kinney Creek,10/7/2020,14:42:00,411432,4438897,LOC,328,412,HA,,32,Handheld,adp,0,"No movement from July 2023 through detections in April and July 2025, also no movement in 2021 and 2022 detections before large movement in early 2023, ghost date would be 7/26/2023, changed to likely tag from tagged fish in 2025"
230000272701,Ghost?,7/28/2021,17,Colorado River,Sheriff Ranch Upper Field,5/4/2021,15:30:00,410165,4438558,LOC,353,440,HA,,32,Handheld,adp,0,"After release in 2021 is detected as same spot through 2021 and 2022, then downstream movement to new spot where its detected at in 2023 and in 2025, could be fish likelihood seems low, ghost date would be 7/28/2021"
230000228483,Ghost?,10/17/2022,3,Colorado River,Upper River Run,10/5/2020,17:00:00,418781,4440027,LOC,323,326,HA,,32,Handheld,adp,0,"mobile data was upstream, moved upstream to spot in Oct 2022 and has been detected at same spot in Oct 2024 and April 2025, changed to likely ghost in 2025"
230000272745,Ghost?,10/14/2024,17,Colorado River,Sheriff Ranch Upper Field,5/4/2021,15:30:00,410165,4438558,RBT,283,245,HA,,32,Handheld,adp,0,"Detected at same spot Oct 2024, and in April, July, and Oct 2025, Upgraded to likely ghost tag 2025, ghost date of 10/14/2024"
230000143018,Ghost?,7/24/2023,4,Colorado River,Lower River Run,10/4/2022,12:00:00,418207,4439939,LOC,214,82,HA,,32,Handheld,adp,0,"too far US movement to confirm in 2023, detected at same spot from July 2023 through Oct 2024, and Apr/Jul/Oct 2025. Detected right before bridge at River Run. Upgraded to likely ghost tag 2025 with ghostdate of 7/24/2023"
230000224387,Ghost?,7/25/2023,2,Fraser River,Fraser River Ranch,9/1/2021,16:30:00,417229,4438617,RBT,229,123,HA,,32,Handheld,adp,0,"Detected at same spot Apr, Jul, Oct 2025 as the tag was in 2023, downstrean movement after 2022 may be due to high flows, but ghost date of 7/25/2023 chosen since there was movement back in 2022. Upgraded to likely ghost in 2025"
226001581552,Ghost?,7/26/2021,5,Colorado River,Below Confluence Antenna,9/21/2020,15:45:00,416908,4439467,MTS,128,36,HA,,12,Handheld,left pelvic,0,"detected at confluence A LOT of times; detected in same spot under highway bridge in CR 7/26/21 through 10/17/22; could be a sculpin in a new home or ghost tag; not added to Ghost Tag list, since then its been detected once in 2024 and once in 2025 at the same spot. Would be a very old sculpin that was already large in 2020 so upgraded to likely ghost tag in 2025 with ghostdate 7/26/2021"
230000143221,Ghost?,10/15/2024,2,Fraser River,Fraser River Ranch,8/30/2022,12:00:00,417229,4438617,LOC,270,180,HA,,32,Handheld,adp,0,"went DS significant amount in 2024 when the water wasn't as high in 2023. It was in the fraser though, detected in May/Jul/Oct 2025 at same spot as 2024, upgraded to likely ghost tag but a future detection would be nice to confirm"
230000142586,Ghost?,10/14/2024,8,Colorado River,Chimney Rock Above Island,5/4/2021,10:30:00,413880,4440093,LOC,349,426,HA,,32,Handheld,adp,0,"Unknown whether it was a ghost tag in Jul 2023, afterwards moves 30m DS in Oct 2024 where its detected in exact same spot Apr/Jul/Oct 2025, Set as Likely ghost in 2025 with 10/14/2024 ghostdate"
230000142900,Ghost?,7/26/2023,7,Colorado River,Hitching Post,5/2/2022,14:15:00,414476,4440260,RBT,357,418,HA,,32,Handheld,adp,0,"Detected at same spot July 2023, and Apr/Jul/Oct 2025. Appears like slight 10m in Apr 2025 is gps error as is moves back 10m to same excact spot. Marked as likely 2025"
230000143434,Ghost?,7/26/2023,15,Colorado River,Kinney Creek,5/2/2022,18:00:00,411432,4438897,LOC,366,425,HA,,32,Handheld,adp,0,"Been detected in same spot since Jul 2023, some light movements possibly gps error, marked as likely ghost tag 2025"
230000143453,Ghost?,10/14/2024,15,Colorado River,Kinney Creek,5/2/2022,18:00:00,411432,4438897,LOC,341,343,HA,,32,Handheld,adp,0,"Detected on all 8 days of running from Oct 2024 onwards at same spot, very close detection in 2023 as well, marked as likely with ghost date of 10/14/2024"
230000224334,Ghost?,10/14/2024,2,Fraser River,Fraser River Ranch,9/1/2021,16:30:00,417229,4438617,RXN,389,606,HA,,32,Handheld,adp,0,"Same spot detected Oct 2024 onwards, is an old RXN that was 389mm in 2021 so likely dead, ghost date of 10/14/2024"
230000224338,Ghost?,10/15/2024,2,Fraser River,Fraser River Ranch,9/1/2021,16:30:00,417229,4438617,LOC,279,254,HA,,32,Handheld,adp,0,"Same spot detected Oct 2024 onwards with 5x detections here, ghost date of 10/15/2024 and marked as likely"
230000224355,Ghost?,10/15/2024,2,Fraser River,Fraser River Ranch,9/1/2021,16:30:00,417229,4438617,LOC,357,469,HA,,32,Handheld,adp,0,"Same spot detected Oct 2024 onwards, is an old LOC that was 357mm in 2021 so likely dead, ghost date of 10/15/2024"
230000228472,Ghost?,10/14/2024,3,Colorado River,Upper River Run,10/5/2020,17:00:00,418781,4440027,LOC,172,48,HA,,32,Handheld,right pelvic + adp,0,"Released in 2020 as LOC 172mm, 10m movement between runs in Jul 2023 then detected in same spot Oct 2024 through Apr/Jul/Oct 2025, marked as likely ghost 2025 with ghost date of 10/14/2024, could be good to check next year to confirm"
230000228506,Ghost?,7/24/2023,3,Colorado River,Upper River Run,10/5/2020,17:00:00,418781,4440027,LOC,185,50,HA,,32,Handheld,right pelvic + adp,0,"Released in 2020 as LOC 185mm, has been deected on each mobile run since 2023 in same pool, slight movements which may be gps error, marked as likely 2025 with 7/24/2023 ghostdate"
230000229005,Ghost?,7/26/2023,19,Colorado River,Sheriff Ranch Fry Site,10/7/2020,16:48:00,409096,4438050,LOC,204,90,HA,,32,Handheld,adp,0,"I am sus of 10m movements, it seems to happen too often among all tags to be a coincidence - Some GPS thing with UTM idk or maybe minimum value that counts as movement?, anyways, tag was in a 207mm LOC back in 2020 so likely dead and detected in same spot Jul 2023, and Apr/Jul/Oct 2025, ghost date of 7/26/2023 and another detection next year would confirm it"
230000272322,Ghost?,10/15/2024,14,Colorado River,Below Red Barn Diversion #2,5/4/2021,13:00:00,411887,4438898,LOC,336,348,HA,,32,Handheld,adp,0,"336mm LOC in 2021, detected in same spot Oct 2024 and Apr/Jul/Oct 2025, this pattern of large fish four or five years ago and then stll detection Oct 2024 onwards is repeating across tags, a 2023 in same spot or overwhelming 2025 detections across runs I'm using to classify as a confirmed ghost, but without those I'm marking as a likely tag, ghost date here 10/15/2024"
230000272508,Ghost?,10/14/2024,16,Colorado River,Dark Timber Above Railroad,5/4/2021,14:30:00,410945,4438654,LOC,343,366,HA,,32,Handheld,adp,0," Previously Big fish likely dead with many detections Oct 2024 through Oct 2025 at same spot, close 2023 detection but some DS movement to 2024 so marked as likely, ghost date of 10/14/2024, "
230000142541,Ghost?,10/14/2024,7,Colorado River,Hitching Post,5/4/2021,9:45:00,414476,4440260,LOC,364,461,HA,,32,Handheld,adp,0,"LOC 364 from 2021, Many detections at HP, has been still slightly DS since Oct 2024, ghost date of 10/14/2024"
230000142563,Ghost?,10/15/2024,7,Colorado River,Hitching Post,5/4/2021,9:45:00,414476,4440260,LOC,337,345,HA,,32,Handheld,adp,0,"LOC 337 from 2021, been detected same spot Oct 2024 onwards, likely tag since fish is old and detected for in run in 2025, ghost date of 10/15/2024"
230000142794,Ghost?,10/15/2024,7,Colorado River,Hitching Post,5/2/2022,14:15:00,414476,4440260,LOC,390,538,HA,,32,Handheld,adp,0,"390 LOC from 2022, detected same spot Oct 2024, Jul/Oct 2025, marked as likely in 2025 with ghost date of 10/15/2024"
230000142804,Ghost?,10/15/2024,7,Colorado River,Hitching Post,5/2/2022,14:15:00,414476,4440260,LOC,292,250,HA,,32,Handheld,adp,0,"292 LOC from 2022, detected same spot Oct 2024, Jul/Oct 2025, marked as likely in 2025 with ghost date of 10/15/2024"
230000142824,Ghost?,10/15/2024,7,Colorado River,Hitching Post,5/2/2022,14:15:00,414476,4440260,LOC,309,300,HA,,32,Handheld,adp,0,"Would be an old fish, detected at same spot Oct 2024 and Apr/Oct 2025, marked as likely 2025 with ghost date of 10/15/2024"
230000142891,Ghost?,10/19/2022,7,Colorado River,Hitching Post,5/2/2022,14:15:00,414476,4440260,RBT,244,145,HA,,32,Handheld,adp,0,"Similar spot 2022 onwards, tiny movements between 2024 and 2025 might be error, hard to tell, marked as likely with 10/19/2022 ghost date"
230000143205,Ghost?,10/15/2024,2,Fraser River,Fraser River Ranch,8/30/2022,12:00:00,417229,4438617,LOC,363,486,HA,,32,Handheld,adp,0,"363 LOC in 2022, Detected same spot 10/15/2024 through apr/jul/oct 2025, marked as likely in 2025 with ghostdate of 10/15/2024"
230000143245,Ghost?,10/15/2024,2,Fraser River,Fraser River Ranch,8/30/2022,12:00:00,417229,4438617,RBT,322,333,HA,,32,Handheld,adp,1,"Detected multiple times on each run since Oct 2024, marked as likely with ghost date of 10/15/2024, mortality listed as 1?"
230000143356,Ghost?,7/26/2023,10,Colorado River,Upper Red Barn Fry Site,5/5/2022,14:30:00,412728,4439665,LOC,353,361,HA,,32,Handheld,adp,0,"Some DS movement between Jul/23 and Oct/24 but has been detected in same spot for years, marked as likely 2025 with ghostdate of 7/26/2023"
230000143399,Ghost?,10/15/2024,10,Colorado River,Upper Red Barn Fry Site,5/5/2022,14:30:00,412728,4439665,LOC,246,132,HA,,32,Handheld,adp,0,"detected in same spot Oct24, Apr/Nov2025 on separate runs, marked as likely 2025 with 10/15/2024 ghostdate"
230000143531,Ghost?,10/17/2022,3,Colorado River,Upper River Run,10/4/2022,16:50:00,418781,4440027,LOC,148,35,HA,,32,Handheld,adp,0,"Detected in same spot Oct/22, Jul/23, Apr/Oct/25, marked as likely in 2025 with ghostdate of 10/17/2022, some "
230000143812,Ghost?,10/15/2024,2,Fraser River,Fraser River Ranch,9/5/2023,13:00:00,417229,4438617,LOC,261,174,HA,,32,Handheld,adp,0,"Same spot Oct/24 through Apr/Jul/Oct 2025, marked as likely with 10/15/2024 ghostdate"
230000143833,Ghost?,10/15/2024,2,Fraser River,Fraser River Ranch,9/5/2023,13:00:00,417229,4438617,LOC,379,567,HA,,32,Handheld,adp,0,"Same spot Oct/24 through Apr/Jul/Oct 2025, marked as likely with 10/15/2024 ghostdate"
230000144294,Ghost?,10/14/2024,3,Colorado River,Upper River Run,10/3/2023,12:00:00,418781,4440027,LOC,159,45,HA,,32,Handheld,adp,0,"Many detections from Oct 2024 through 2025 at same spot, marked as likely in 2025 with ghostdate of 10/14/2024"
230000224253,Ghost?,4/22/2025,3,Colorado River,Upper River Run,10/5/2021,15:00:00,418781,4440027,LOC,402,690,HA,,32,Handheld,adp,0,"402mm loc in 2021, recap in 2022, detected apr/jul/oct 2025 in same spot, due to age and consistent 2025 detections, marked as likely with 4/22/2025 ghostdate"
230000228137,Ghost?,10/15/2024,2,Fraser River,Fraser River Ranch,9/1/2020,12:00:00,417229,4438617,LOC,438,883,HA,,32,Handheld,left pelvic + adp,0,"recap 2021 as 438mm LOC is main evidence for ghost tag, detected three times in same spot, Oct 24, Apr/Jul 25, marked as likely 2025 with ghost date 10/15/2024"
230000228410,Ghost?,4/18/2022,4,Colorado River,Lower River Run,10/5/2020,11:20:00,418207,4439939,LOC,181,60,HA,,32,Handheld,right pelvic + adp,0,"Release and recap in 2021, been still Apr/Oct 2022 and Apr/Oct 2025, marked as likely with ghost date 4/18/2022"
230000272075,Ghost?,7/28/2021,9,Colorado River,Chimney Rock Below Island,5/4/2021,11:15:00,413330,4440059,RBT,250,175,HA,,32,Handheld,adp,0,"Released in may 2021, detected in same spot Jul 2021, Apr 2022, Apr/Jul 2025, due to long period of time as same place and age of fish marked as likely in 2025 with ghostdate of 7/28/2021"
230000272100,Ghost?,7/26/2023,11,Colorado River,Pool Above Red Barn Antenna,5/6/2021,12:00:00,412550,4439453,LOC,372,508,HA,,32,Handheld,adp,0,"A 372mm LOC in 2021 that crosses RB, stayd in same area through Jul 2023, Oct 2024, and Jul/Oct 2025 detections. There is 10m movement back and forth but this appears like gps error. Marked as likely with ghost date of 7/26/2023"
230000143581,Ghost?,7/26/2025,6,Colorado River,Windy Gap Dam,10/5/2022,12:00:00,416101,4440146,LOC,340,376,HA,,32,Handheld,adp,0,"Tag has been detected in same spot 6x times with no movement, marked as likely 2025 with ghostdate of 7/26/2025"
230000144235,Ghost?,4/22/2025,6,Colorado River,Windy Gap Dam,10/4/2023,12:00:00,416101,4440146,LOC,375,448,HA,,32,Handheld,adp,0,"9x total detections across 2025 mobile runs in same spot, LOC was 375mm in 2023, marked as likely due to overwhelming detections with ghostdate of 4/22/2025"
230000224087,Ghost?,7/26/2025,6,Colorado River,Windy Gap Dam,10/6/2021,11:00:00,416101,4440146,RBT,310,327,HA,,32,Handheld,adp,0,"4x detections at same spot from Jul 2023 to Jul 2025, was 210 RBT in 2021, due to long time between detections marked as likely with ghost date of 7/26/2025"
230000224118,Ghost?,10/18/2021,4,Colorado River,Lower River Run,10/5/2021,18:00:00,418207,4439939,LOC,197,78,HA,,32,Handheld,adp,0,"Tag has been detected on same spot in Oct 2021, Jul 2023, and Apr 2025, though is once detected 20m off the river, near bridge to maybe error, marked as likely with 10/18/2021 ghostdate"
230000224451,Ghost?,7/28/2021,16,Colorado River,Dark Timber Above Railroad,5/6/2021,14:30:00,410945,4438654,RBT,398,643,HA,,32,Handheld,adp,0,"398mm RBT in 2021, sits still for a few detections 2021 through 2022, then next detection is Oct 2025 DS, due to age of fish I marked as likely ghost for 2025?"
230000228519,Ghost?,10/14/2024,6,Colorado River,Windy Gap Dam,10/6/2020,11:15:00,416101,4440146,LOC,387,504,HA,,32,Handheld,adp,0,"387mm LOC in 2020, 6x detections in same spot from Oct 2024 and Apr/Oct 2025, due to age and consistent detection marked as likely, ghost date of 10/14/2024"
230000228740,Ghost?,10/20/2021,13,Colorado River,Below Red Barn Diversion #1,10/7/2020,11:20:00,412184,4439304,LOC,280,208,HA,,32,Handheld,adp,0,"Been detected in same spot since Oct 2021, 5x detections total but stretches from 2021 to 2025, marked as likely with ghost date of 10/20/2021"
230000228810,Ghost?,4/20/2022,10,Colorado River,Upper Red Barn Fry Site,10/6/2020,16:38:00,412728,4439665,RBT,229,119,HA,,32,Handheld,adp,0,"Detected in similar area with some DS movement in Apr 2022, Oct 2024 and Apr 2025, marked as likely due to time at same spot, DS could be 2023 flows, ghost date 4/20/2022"
230000228916,Ghost?,4/14/2021,13,Colorado River,Below Red Barn Diversion #1,10/7/2020,11:20:00,412184,4439304,LOC,358,490,HA,,32,Handheld,adp,0,"358mm LOC in 2020, crosses RB then detected below barrier at same spot Apr 2021, Apr 2025, and Jul 2025, marked as likely ghost with ghost date of 4/14/2021"
230000228928,Ghost?,7/26/2023,13,Colorado River,Below Red Barn Diversion #1,10/7/2020,11:20:00,412184,4439304,LOC,310,287,HA,,32,Handheld,adp,0,"310mm LOC in 2020, Detected 4x in same spot Jul 2023, Apr/Jul 2025, marked as likely with 7/26/2023 ghostdate"
230000272062,Ghost?,7/28/2021,9,Colorado River,Chimney Rock Below Island,5/4/2021,11:15:00,413330,4440059,LOC,358,495,HA,,32,Handheld,adp,0,"358mm LOC in 2021, 4x detections since in same spot in Jul 2021, Apr 2022, Apr 2025, marked as likely due to age and consistent detections with ghost date 7/28/2021"
230000272152,Ghost?,4/20/2022,11,Colorado River,Pool Above Red Barn Antenna,5/6/2021,12:00:00,412550,4439453,LOC,366,458,HA,,32,Handheld,adp,0,"366mm LOC in 2021, four mobile detections through Apr 2022, Jul 2023 and Apr 2025 in same spot, I'd say fish is likely a ghost with age and spread of detections, ghostdate of 4/20/2022"
230000272155,Ghost?,7/28/2021,11,Colorado River,Pool Above Red Barn Antenna,5/4/2021,12:00:00,412550,4439453,LOC,376,,HA,,32,Handheld,adp,0,"376mm LOC in 2021, four mobile detections across Jul 2021, Oct 2022, Oct 2025 in same spot, marked as likely with ghostdate of 7/28/2021"
230000272550,Ghost?,7/26/2023,15,Colorado River,Kinney Creek,5/4/2021,13:45:00,411432,4438897,LOC,347,392,HA,,32,Handheld,adp,0,"347mm LOC in 2021, four mobile detections since through Jul 2023, Oct 2024 and Oct 2025, all in same spot, due to age of fish and consistent detections over many years, marked as likely, ghostdate of 7/26/2023"
230000272551,Ghost?,10/14/2024,16,Colorado River,Dark Timber Above Railroad,5/6/2021,14:30:00,410945,4438654,LOC,379,512,HA,,32,Handheld,adp,0,"379mm LOC in 2021, four mobile detections since through Oct 2024, Apr 2025 and Oct 2025, all in same spot, age and consistent detections drove a likely ghost tag mark with ghostdate of 10/14/2024"
230000272623,Ghost?,4/22/2025,17,Colorado River,Sheriff Ranch Upper Field,5/4/2021,15:30:00,410165,4438558,LOC,340,420,HA,,32,Handheld,adp,0,"340mm LOC in 2021, no detections till 2025 where it was detectd on all 6 days of running at same spot, marked as likely with 4/22/2025 ghostdate"
230000272634,Ghost?,7/15/2025,17,Colorado River,Sheriff Ranch Upper Field,5/4/2021,15:30:00,410165,4438558,RBT,378,565,HA,,32,Handheld,adp,0,"378mm RBT in 2021, three detections in 2025 through Jul/Oct all at same spot, marked as likely in 2025 with a 7/15/2025 ghostdate"
230000272654,Ghost?,10/19/2022,16,Colorado River,Dark Timber Above Railroad,5/4/2021,14:30:00,410945,4438654,LOC,275,245,HA,,32,Handheld,adp,0,"Same detected spot Oct 2022, Jul 2023, Jul 2025, is a somewhat old fish, marked as likely for time at same spot, ghost date of 10/19/2022"
230000272399,Ghost?,10/14/2024,11,Colorado River,Pool Above Red Barn Antenna,5/6/2021,12:00:00,412550,4439453,LOC,383,523,HA,,32,Handheld,adp,0,"383mm LOC in 2021, detections within Oct 2024 show movement so likely still a fish though movement looks a lil sus, 2025 detections in Jul and Oct are in same spot, Hard to tell if 2024 movement is error since one detection is off the channel, marked as likely with ghost date 10/14/2024"
230000142915,Ghost?,10/14/2024,7,Colorado River,Hitching Post,5/2/2022,14:15:00,414476,4440260,LOC,294,298,HA,,32,Handheld,adp,0,"6 detections in same spot from Oct 2024, Apr and Oct 2025, leaning towards marking as likely, ghost date of 10/14/2024"
230000272115,Ghost?,4/20/2022,11,Colorado River,Pool Above Red Barn Antenna,5/4/2021,12:00:00,412550,4439453,RBT,232,183,HA,,32,Handheld,adp,0,"Has been detected in same area since apr 2022, but there are movements throughout this period. Could be gps error, marked as likely with ghost date of 4/20/2022"
230000144380,Ghost?,10/14/2024,17,Colorado River,Sheriff Ranch Upper Field,6/7/2023,15:00:00,410165,4438558,LOC,369,435,HA,,32,Handheld,adp,0,"Suspiciously stll from Oct 2024 througout 2025, but there is a 10m US movement before going back to same spot, marked as likely with ghostdate of 10/14/2024"
230000144400,Ghost?,10/15/2024,9,Colorado River,Chimney Rock Below Island,6/7/2023,11:15:00,413330,4440059,RBT,343,503,HA,,32,Handheld,adp,0,"Recap in may 2024, very still since but an US movement in Jul 2025, maybe gps error, marked as likely with ghost date of 10/15/2025"
230000087819,Ghost?,10/14/2024,4,Colorado River,Lower River Run,10/1/2024,9:00:00,418207,4439939,LOC,398,687,HA,,32,Handheld,adp,0,"Release in Oct 2024, detected at same spot since during each run, marked as likely with ghostdate of 10/14/2024"
230000087627,Ghost?,10/14/2024,4,Colorado River,Lower River Run,10/1/2024,9:00:00,418207,4439939,LOC,376,535,HA,,32,Handheld,adp,0,"Recap in 2024, detected at same spot, Oct 2024 and Apr/Jul/Oct 2025, slight US movement but could be GPS error, marked as likely with ghostdate of 10/14/2024"
230000087501,Ghost?,10/15/2024,2,Fraser River,Fraser River Ranch,9/3/2024,12:30:00,417229,4438617,LOC,448,900,HA,,32,Handheld,adp,0,"Recap/release Sept 2024 then detected at same spot Oct 2024 through 2025, marked as uncertain since it was a recap in 2024 but there decent evidence it died soon after, ghostdate of 10/15/2024"
230000143682,Ghost?,10/14/2024,6,Colorado River,Windy Gap Dam,10/5/2022,12:00:00,416101,4440146,LOC,393,681,HA,,32,Handheld,adp,0,"US movement in 2024 to the riffle its been detected Apr/Jul/Oct 2025, ghostdate of 10/14/2024"
230000142854,Ghost?,7/26/2023,7,Colorado River,Hitching Post,5/2/2022,14:15:00,414476,4440260,LOC,329,309,HA,,32,Handheld,adp,0,"13 mobile detections at same spot DS of HP from Jul 2023 through Oct 2025 but there is slight movements possibly gps error. Counted as uncertain 2025, another detection in same spot next year would likely confirm it, ghostdate of 7/26/2023"
230000224449,Ghost?,10/19/2022,16,Colorado River,Dark Timber Above Railroad,5/6/2021,14:30:00,410945,4438654,RBT,369,528,HA,,32,Handheld,adp,0,"some detections in same [long] pool, but most recent downstream movement was 170 m (more than flows could push through large pool?); not added to Ghost Tag list, moves DS a bit in 2022 and 2023 before being detected at same spot as 2023 twice in 2025, I'd wait to see if there's more detections at this spot next year before change to a ghost tag, kept as uncertain, ghostdate of 10/19/2022"
230000272993,Ghost?,7/28/2021,17,Colorado River,Sheriff Ranch Upper Field,5/4/2021,15:30:00,410165,4438558,LOC,282,208,HA,,32,Handheld,adp,0,"Released in 2021, detected in same spot in July and Oct of 2021 as well as April 2022, then moves to a new spot where its detected in July 2023 and april 2025, marked as likely with ghostdate 7/28/2021"
226001581347,Ghost?,10/14/2024,4,Colorado River,Lower River Run,10/5/2020,11:20:00,418207,4439939,MTS,117,22,HA,,12,Handheld,left pelvic,0,"Could be sculpin camped out, no significant movement from 2022 to 2025 and would be quite old, changed to likely, ghost date of 10/14/2024"
230000228565,Ghost?,4/12/2021,3,Colorado River,Upper River Run,10/5/2020,17:00:00,418781,4440027,LOC,441,834,HA,,32,Handheld,right pelvic + adp,0,"no movement between 2021 and 2023, three detections in same location so upgraded to likely in 2025 with 4/12/2021 ghostdate"
230000272758,Ghost?,4/22/2025,16,Colorado River,Dark Timber Above Railroad,5/4/2021,14:30:00,410945,4438654,LOC,350,355,HA,,32,Handheld,adp,0,"Upstream movement in 2023, all detections in Apr, July, Oct 2025 are at same location or slightly off, changed to likely from tagged fish 2025 with 4/22/2025 ghostdate"
230000272733,Ghost?,10/15/2024,17,Colorado River,Sheriff Ranch Upper Field,5/4/2021,15:30:00,410165,4438558,LOC,356,441,HA,,32,Handheld,adp,0,"has good history, detected at same spot Oct 2024, April 2025, and Oct 2025, Changed to likely in 2025 do to three detections at same spot with ghostdate of 10/15/2024"
230000224503,Ghost?,10/15/2024,8,Colorado River,Chimney Rock Above Island,5/6/2021,10:30:00,413880,4440093,RBT,250,166,HA,,32,Handheld,adp,0,"good history until Oct 2024 where its detected at same spot through 2025, may have died of spawned here before Oct 2024, changed to likely due to three detections at same spot with ghostdate of 10/15/2024"
230000224064,Ghost?,10/15/2024,6,Colorado River,Windy Gap Dam,10/6/2021,11:00:00,416101,4440146,LOC,372,450,HA,,32,Handheld,adp,0,"Detected at same spot from Oct 2024 through multiple detections in 2025, detected at spot spot on three occasions, upgraded to likely in 2025 with a ghostdate of 10/15/2024"
230000142806,Ghost?,10/14/2024,7,Colorado River,Hitching Post,5/2/2022,14:15:00,414476,4440260,LOC,337,345,HA,,32,Handheld,adp,0,"Since Jul 2023 tag has been detected DS of barrier on 4 separate occasions around same spot with slight movements, maybe due to gps error?  Set as likely 2025 with ghostdate of 10/14/2024"
230000142869,Ghost?,10/14/2024,7,Colorado River,Hitching Post,5/2/2022,14:15:00,414476,4440260,RBT,324,305,HA,,32,Handheld,adp,0,"Moved DS across HP in May 2023, then detected 70m DS in 2023 and 50m more DS in Oct 2024 before sitting at the same spot througout 2025, marked as likely 2025 with ghostdate of 10/14/2025"
230000087691,Ghost?,4/22/2025,4,Colorado River,Lower River Run,10/1/2024,9:00:00,418207,4439939,LOC,337,375,HA,,32,Handheld,adp,0,"US movement in Apr 2025, but detected at same spot Jul and Oct 2025, marked as likely due to thrre detections in same spot with ghostdate of 4/22/2025"
230000142662,Ghost?,4/20/2022,8,Colorado River,Chimney Rock Above Island,5/4/2021,10:30:00,413880,4440093,LOC,225,150,HA,,32,Handheld,adp,0,"Would be an old fish, detected twice in 2022 at same spot, then twice in 2025 a bit DS at new spot, likely a ghost with 2023 flows causing the movement, marked as likely 2025 with 4/20/2022"
230000142815,Ghost?,10/14/2024,7,Colorado River,Hitching Post,5/2/2022,14:15:00,414476,4440260,LOC,325,290,HA,,32,Handheld,adp,0,"Looks like a fish til Oct 2024, some movement since but could be gps error, due to three separate detections at spot marked as likely 2025, ghostdate of 10/14/2024"
230000142819,Ghost?,10/14/2024,7,Colorado River,Hitching Post,5/2/2022,14:15:00,414476,4440260,LOC,341,340,HA,,32,Handheld,adp,0,"Clearly a fish til Oct 2024, sitting around same spot with some movement that appears like gps error, marked as likely with ghostdate of 10/14/2024 in 2025"
230000143210,Ghost?,10/15/2024,2,Fraser River,Fraser River Ranch,8/30/2022,12:00:00,417229,4438617,RBT,344,380,HA,,32,Handheld,Recapture and Release,0,"Still in same spot Oct 2024 onwards as of 2025, 344 RBT as of 2022, marked as likely due to three detection in same spot, ghostdate of 10/15/2024"
230000143673,Ghost?,10/14/2024,6,Colorado River,Windy Gap Dam,10/5/2022,12:00:00,416101,4440146,RBT,347,458,HA,,32,Handheld,adp,0,"Detected in same area Oct/24, Apr/Oct 2025, but some small movement aybe error, marked as likely in 2025 with ghostdate in 10/14/2024"
230000224084,Ghost?,4/23/2025,6,Colorado River,Windy Gap Dam,10/6/2021,11:00:00,416101,4440146,LOC,320,270,HA,,32,Handheld,adp,0,"10 m US movement in Jul 2025, but also under bridge to maybe gps error, same spot across 2025 at three separate runs, marked as llikely 2025 with ghostdate of 4/23/2025"
230000224339,Ghost?,10/15/2024,2,Fraser River,Fraser River Ranch,9/1/2021,16:30:00,417229,4438617,LOC,269,210,HA,,32,Handheld,adp,0,"recap 2022, same spot oct 24 through jul/oct 2025, marked as likely due to three separate detections at same spot, ghostdate kinda subjective but chose 10/15/2024 as of 2025"
230000272389,Ghost?,4/20/2022,11,Colorado River,Pool Above Red Barn Antenna,5/4/2021,12:00:00,412550,4439453,LOC,346,387,HA,,32,Handheld,adp,0,"Oct 2024 detection not on river, then Apr and Oct detections show slight US movement, overall detected four times since 2022 in same area but with minor movements, marked as likely with ghostdate of 4/20/2022"
230000272480,Ghost?,10/14/2024,14,Colorado River,Below Red Barn Diversion #2,5/4/2021,13:00:00,411887,4438898,LOC,329,360,HA,,32,Handheld,adp,0,"329mm LOC in 2021 when released, detections from Oct 24 through Oct 25 are in same area but show some movement. Hard to tell if gps error or not, but with three detections in same place it was marked as likely with ghostdate of 10/14/2024"
230000272907,Ghost?,10/15/2024,18,Colorado River,Sheriff Ranch Middle Field,5/4/2021,16:30:00,409595,4438221,LOC,329,327,HA,,32,Handheld,adp,0,Three detections on separate runs at same exact spot marked as likely 2025 with ghostdate of 10/15/2024
230000087619,Ghost?,10/14/2025,4,Colorado River,Lower River Run,10/1/2024,9:00:00,418207,4439939,LOC,431,800,HA,,32,Handheld,Recapture and Release,0,"Recap in 2024, moved a bit DS and has been detected at this spot three times since, is a big fish so could be dead, marked as likely with ghostdate of 10/14/2024"
230000087620,Ghost?,4/23/2025,4,Colorado River,Lower River Run,10/1/2024,9:00:00,418207,4439939,LOC,244,144,HA,,32,Handheld,adp,0,"Alive in March 2025, detected each run in 2025 at same area but with slight movements, due to three separate detections atv same spot, marked as likely with ghost date of 4/23/2025"
230000087640,Ghost?,4/22/2025,4,Colorado River,Lower River Run,10/1/2024,9:00:00,418207,4439939,LOC,486,1100,HA,,32,Handheld,adp,0,"Released in Oct 2024, then detected 4x in same spot Apr/Jul/Oct 2025, pretty big LOC as well, marked as likely due to three detections at same spot, ghostdate of 4/22/2025"
230000087773,Ghost?,4/22/2025,4,Colorado River,Lower River Run,10/1/2024,9:00:00,418207,4439939,LOC,248,152,HA,,32,Handheld,adp,0,"Released in Oct 2024, then detected 3 times in same spot Apr/Jul/Oct 2025, marked as likely with ghostdate of 4/22/2025"
230000142885,Ghost?,10/15/2024,7,Colorado River,Hitching Post,5/2/2022,14:15:00,414476,4440260,LOC,312,247,HA,,32,Handheld,adp,0,"Detections on HP until three detections at DS spot in Oct 2024, and Apr/Jul 2025. marked as likely due to three detections at same spot with ghostdate of 10/15/2024"
230000143264,Ghost?,7/26/2023,10,Colorado River,Upper Red Barn Fry Site,5/5/2022,14:30:00,412728,4439665,LOC,347,349,HA,,32,Handheld,Recapture and Release,0,"Recap in 2022 as 347mm LOC, tag has been detected in same area July 2023 onwards in 5 detections, very sus but could be a fish, marked as likely due to very similar detections at same spot from 2023 onwards, ghostdate of 7/26/2023"
230000143535,Ghost?,7/24/2023,3,Colorado River,Upper River Run,10/4/2022,16:50:00,418781,4440027,LOC,268,197,HA,,32,Handheld,adp,0,"Tag has been detected in same ares 5x since Oct 2023, does shows movement but is under bridge so maybe gps error, marked as likelt with ghostdate of 7/24/2023"
230000143763,Ghost?,4/23/2025,2,Fraser River,Fraser River Ranch,9/5/2023,13:00:00,417229,4438617,LOC,394,618,HA,,32,Handheld,adp,0,"394mm LOC in 2023, no other detections till 2025 where tag was detected in same spot 4x across Apr/Jul/Oct, hard to say, marked as likely with ghostdate of 4/23/2025"
230000143946,Ghost?,10/14/2024,4,Colorado River,Lower River Run,10/3/2023,14:00:00,418207,4439939,LOC,382,590,HA,,32,Handheld,Recapture and Release,0,"Sus, recaped in 2023 then 3x detections through Oct 2024, Apr/Jul 2025 in same spot, marked as likely due to three separate detections at the same spot with ghostdate of 10/14/2024"
230000143991,Ghost?,10/14/2024,4,Colorado River,Lower River Run,10/3/2023,14:00:00,418207,4439939,LOC,244,121,HA,,32,Handheld,adp,0,"3x total mobile detections in same area from Oct 24 to Oct 25, marked as likely due to three separate consistent detections, ghostdate of 10/14/2024"
230000144254,Ghost?,10/14/2024,6,Colorado River,Windy Gap Dam,10/4/2023,12:00:00,416101,4440146,LOC,381,563,HA,,32,Handheld,adp,0,"Crossed CS in Jul 2024, then detected at US spot 5x times from Oct 2024 to Jul 2025, marked as likely due to three detections at same spot with ghostdate of 10/15/2024, LOC maybe spawned right here"
230000144292,Ghost?,10/15/2024,3,Colorado River,Upper River Run,10/3/2023,12:00:00,418781,4440027,LOC,374,516,HA,,32,Handheld,adp,0,"3x detections in same spot, Oct 2024, Apr/Jul 2025, marked as likely due to three detections as same spot with ghostdate of 10/14/2024"
230000144335,Ghost?,4/22/2025,6,Colorado River,Windy Gap Dam,10/4/2023,12:00:00,416101,4440146,LOC,447,803,HA,,32,Handheld,adp,0,"6x detections in same area from Oct 2024 onwards, but some back and forth movement possible error, marked as likely with ghost date of 4/22/2025"
230000144355,Ghost?,4/22/2025,3,Colorado River,Upper River Run,10/3/2023,12:00:00,418781,4440027,LOC,415,701,HA,,32,Handheld,adp,0,"Crossed CU Nov 2024, detected 4x across 2025 in same spot, marked as likely with ghostdate of 4/22/2025"
230000144371,Ghost?,10/14/2024,4,Colorado River,Lower River Run,10/3/2023,14:00:00,418207,4439939,LOC,350,438,HA,,32,Handheld,Recapture and Release,0,"4x detections across runs since Oct 2024 at same spot, marked as likely with ghostdate of 10/14/2024, three separate detections"
230000144451,Ghost?,10/14/2024,15,Colorado River,Kinney Creek,6/5/2023,13:30:00,411432,4438897,RBT,275,213,HA,,32,Handheld,adp,0,"recap may 2024, detected 3x at same spot during mobile runs since, marked as likely with ghostdate of 10/14/2024"
230000228387,Ghost?,10/14/2024,4,Colorado River,Lower River Run,10/5/2020,11:20:00,418207,4439939,LOC,173,54,HA,,32,Handheld,right pelvic + adp,0,"3 seperate detections in same location, marked as likely with 10/14/2024 ghost date"
230000272002,Ghost?,10/15/2024,11,Colorado River,Pool Above Red Barn Antenna,5/4/2021,12:00:00,412550,4439453,LOC,335,375,HA,,32,Handheld,adp,0,"Been in same area Oct 2024, Apr 2025, and Oct 2025, though 4x detections total here and some slight movement, marked as likely with ghost date of 10/15/2024"
230000272673,Ghost?,10/14/2024,16,Colorado River,Dark Timber Above Railroad,5/4/2021,14:30:00,410945,4438654,LOC,340,385,HA,,32,Handheld,adp,0,"340mm LOC in 2021, Oct 2024 Jul 2025 and Oct 2025 detections all in similar area but does have some movement that looks maybe like gps error, marked as likely with a ghost date of 10/14/2024"
230000272825,Ghost?,4/22/2025,18,Colorado River,Sheriff Ranch Middle Field,5/4/2021,16:30:00,409595,4438221,LOC,316,345,HA,,32,Handheld,adp,0,"Movement throughout 2021, was a 316mm LOC back then, nothing new until Apr and Jul detections in 2025, some movement in between those 2025 detections but unclear if error or not, marked as likely with ghost date 4/22/2025 due to 3 separate detections at same spot"
230000272882,Ghost?,7/26/2023,18,Colorado River,Sheriff Ranch Middle Field,5/6/2021,16:30:00,409595,4438221,LOC,297,280,HA,,32,Handheld,adp,0,"Jul 2023, Oct 2024, Oct 2025 detections around the same area but does has some movement in between, marked as likely due to many multiple detections at same spot and time between"
